date,symbol,gap_percent,open_price,prev_close,last_price,volume
2024-01-03,MAPSW,-15.116279069767444,0.0219,0.0258,0.0388,21059
2024-01-03,HDSN,0.0,13.89,13.89,14.01,370972
2024-01-03,OCC,-0.18416206261509738,2.71,2.715,2.7,4281
2024-01-03,AMTX,-3.427419354838708,4.79,4.96,4.61,673229
2024-01-03,TLYS,-5.312084993359898,7.13,7.53,7.27,109523
2024-01-03,PKBK,0.35246727089627533,19.93,19.86,19.33,33394
2024-01-03,EDBL,4.938271604938276,0.51,0.486,0.481,49435
2024-01-03,HGBL,0.3636363636363559,2.76,2.75,2.76,55096
2024-01-03,OCSL,-0.4878048780487874,20.4,20.5,20.76,496940
2024-01-03,NGS,-0.0601023017902889,15.6306,15.64,24.35,58710
2024-01-03,ARCO,0.0,12.25,12.25,12.19,708763
2024-01-03,CRNT,-1.3953488372092933,2.12,2.15,2.16,222409
2024-01-03,MATH,-9.56937799043062,1.89,2.09,1.89,155144
2024-01-03,MLKN,-1.8497546243865552,26.0,26.49,26.42,905848
2024-01-03,NRSN,0.0,0.8,0.8,0.81,57196
2024-01-03,AVBH,1.0319410319410185,20.56,20.35,20.49,5795
2024-01-03,FLYW,2.7664399092970493,22.66,22.05,21.23,1355598
2024-01-03,AZTA,-0.986740672217084,64.22,64.86,61.95,404557
2024-01-03,HIPO,-3.4557235421166337,8.94,9.26,8.69,93282
2024-01-03,LCNB,0.0,16.05,16.05,15.86,28101
2024-01-03,AFCG,0.08257638315441608,12.12,12.11,12.11,117718
2024-01-03,NIC,0.0,80.82,80.82,77.8,49484
2024-01-03,BBLGW,16.45569620253163,4.6,3.95,4.14,8276
2024-01-03,QUAD,-0.1876172607879885,5.32,5.33,5.38,165566
2024-01-03,QMCO,0.5757575757575628,0.3319,0.33,0.335,176333
2024-01-03,BMBL,0.27662517289072713,14.5,14.46,14.09,2717170
2024-01-03,MGTX,0.0,7.33,7.33,6.99,159576
2024-01-03,ANTX,0.0,19.9,19.9,18.98,68809
2024-01-03,LANV,4.593639575971728,2.96,2.83,2.97,29585
2024-01-03,MCBS,-0.20559210526316082,24.27,24.32,23.41,28604
2024-01-03,USEA,-3.5156249999999947,2.47,2.56,2.52,36378
2024-01-03,NKGN,-0.9900990099009837,3.0,3.03,2.98,73070
2024-01-03,GSIW,0.0,8.7,8.7,9.65,301537
2024-01-03,GWRS,-1.1538461538461564,12.85,13.0,13.13,42670
2024-01-03,HBB,3.5287421741605063,18.19,17.57,17.58,21027
2024-01-03,SBSI,-0.441083805923116,31.6,31.74,31.12,151898
2024-01-03,BON,-4.936661698956795,0.5103,0.5368,0.525,26618
2024-01-03,GCT,-0.24497795198432487,20.36,20.41,18.58,3194538
2024-01-03,KE,0.5767012687427857,26.16,26.01,25.81,73838
2024-01-03,WNEB,0.11173184357543646,8.96,8.95,8.83,57402
2024-01-03,ATLC,-0.8235919234856596,37.33,37.64,35.1,11768
2024-01-03,LSTA,-4.467353951890045,2.78,2.91,2.8,3847
2024-01-03,HKIT,3.809523809523813,1.09,1.05,1.08,33104
2024-01-03,BLNK,0.3105590062111735,3.23,3.22,2.95,12770823
2024-01-03,PZZA,0.0,75.86,75.86,74.01,657112
2024-01-03,BLMN,-0.8695652173913043,28.5,28.75,27.17,2087532
2024-01-03,MFA,-1.0610079575596905,11.19,11.31,10.88,1159094
2024-01-03,UPXI,-3.141979683439645,1.23,1.2699,1.29,79416
2024-01-03,MNTS,1.1904761904761916,1.7,1.68,1.55,810110
2024-01-03,GLP,-0.3883495145631158,41.04,41.2,41.99,82209
2024-01-03,FKWL,0.8928571428571502,3.39,3.36,3.28,16872
2024-01-03,HCTI,-100.0,0.0,2.77,2.93,3801
2024-01-03,AMCX,1.4270613107822385,19.19,18.92,18.31,332535
2024-01-03,MPX,2.00523103748909,11.7,11.47,11.11,78297
2024-01-03,KRRO,-100.0,0.0,49.14,49.84,7923
2024-01-03,QTRX,-0.8474576271186456,26.91,27.14,25.89,329991
2024-01-03,NEOG,0.0,20.35,20.35,19.54,1937627
2024-01-03,BRY,-3.4293552812071333,7.04,7.29,7.21,717480
2024-01-03,THRM,-0.8440437368118259,51.69,52.13,50.09,257212
2024-01-03,BCBP,-1.5209125475285252,12.95,13.15,13.05,56682
2024-01-03,ZYXI,0.0,10.9,10.9,10.6,439248
2024-01-03,BDTX,1.7605633802816996,2.89,2.84,2.74,292096
2024-01-03,HUBC,2.5641025641025665,2.4,2.34,2.32,192045
2024-01-03,KNW,4.187500000000002,0.5001,0.48,0.5388,97245
2024-01-03,RCAT,-2.7662037037037077,0.8401,0.864,0.9091,264248
2024-01-03,STAA,0.570469798657712,29.97,29.8,29.98,878770
2024-01-03,IMMX,-1.4150943396226532,6.27,6.36,6.32,193863
2024-01-03,CDTX,-3.53012048192771,0.8007,0.83,0.78,409704
2024-01-03,SLN,-12.345013477088944,16.26,18.55,18.19,64119
2024-01-03,ASPS,2.12121212121213,3.37,3.3,3.0,256723
2024-01-03,LOAN,-0.6211180124223654,4.8,4.83,4.76,24109
2024-01-03,LYEL,-0.47169811320755806,2.11,2.12,2.05,988283
2024-01-03,SEER,0.0,1.91,1.91,1.89,563207
2024-01-03,AAT,-0.8695652173913012,22.8,23.0,22.26,271875
2024-01-03,BAOS,-0.6024096385542175,3.3,3.32,4.0,35554
2024-01-03,TVC,-0.5272407732864718,22.64,22.76,22.76,10861
2024-01-03,OVLY,-0.5752961082910379,29.38,29.55,28.425,14144
2024-01-03,MNRO,-0.41166380789021423,29.03,29.15,28.31,498128
2024-01-03,UTMD,0.19166267369429393,83.64,83.48,82.17,11246
2024-01-03,GRC,-0.11425307055126864,34.97,35.01,34.22,52962
2024-01-03,NGL,-0.36166365280290164,5.51,5.53,5.65,324649
2024-01-03,MGNX,3.1434184675834995,10.5,10.18,10.4,424053
2024-01-03,ALNT,-0.40609137055837896,29.43,29.55,28.01,31506
2024-01-03,UNIT,0.34305317324184514,5.85,5.83,5.71,2631480
2024-01-03,FDBC,0.170183798502385,58.86,58.76,55.68,9146
2024-01-03,PHIO,3.300150006818492,0.7575,0.7333,0.723,139185
2024-01-03,NVVE,4.687500000000004,0.134,0.128,0.1249,1137289
2024-01-03,HONE,-0.7358953393295165,12.14,12.23,11.94,226611
2024-01-03,OFG,-0.2167434299647746,36.83,36.91,35.55,274696
2024-01-03,IIPR,-0.009883376161301754,101.17,101.18,99.99,333324
2024-01-03,CGEN,-0.5025125628140708,1.98,1.99,1.9498,575935
2024-01-03,PRSO,3590.9323116219666,8.67,0.2349,7.75,44306
2024-01-03,LSBK,-100.0,0.0,11.9,12.08,2590
2024-01-03,AC,-100.0,0.0,35.0,35.23,5865
2024-01-03,PHVS,-3.153846153846155,25.18,26.0,25.27,58693
2024-01-03,CMCT,-100.0,0.0,3.69,4.01,44425
2024-01-03,ABLV,-100.0,0.0,2.7,2.49,4677
2024-01-03,HLLY,2.742616033755272,4.87,4.74,4.65,306078
2024-01-03,CLFD,-0.6377979187646785,29.6,29.79,28.39,230898
2024-01-03,SLS,5.263157894736848,1.0,0.95,0.9503,1371090
2024-01-03,ONCY,0.0,1.39,1.39,1.31,319974
2024-01-03,LFT,-0.8510638297872347,2.33,2.35,2.38,46684
2024-01-03,TAOP,-5.44554455445545,1.91,2.02,1.49,1134255
2024-01-03,ESLA,-6.666666666666654,1.12,1.2,1.2,16389
2024-01-03,CLDT,-1.1039558417663222,10.75,10.87,10.19,188583
2024-01-03,IMNM,0.0,11.01,11.01,12.0,309069
2024-01-03,CCLDO,-100.0,0.0,6.62,6.6,2010
2024-01-03,CEVA,-1.6158818097876333,21.31,21.66,21.0,127017
2024-01-03,CAPL,-1.7470881863560657,23.62,24.04,25.14,56386
2024-01-03,MBI,1.0526315789473615,5.76,5.7,5.5701,1338085
2024-01-03,NC,-0.05454049631852502,36.65,36.67,36.56,10833
2024-01-03,OFS,-1.725625539257975,11.39,11.59,11.55,65275
2024-01-03,TGL,-2.9473684210526283,0.0922,0.095,0.0949,506199
2024-01-03,THRY,-1.2224938875305624,20.2,20.45,19.46,183092
2024-01-03,ORGN,-3.848410184207432,0.8195,0.8523,0.77,1678317
2024-01-03,WRN,1.7102388307089704,1.35,1.3273,1.31,169124
2024-01-03,SIBN,-1.0556621880998027,20.62,20.84,20.71,476182
2024-01-03,XXII,-2.3968784838350046,0.1751,0.1794,0.17695,658897
2024-01-03,WKEY,0.5376344086021511,1.87,1.86,1.94,218520
2024-01-03,NEO,-2.743902439024386,15.95,16.4,16.28,1127169
2024-01-03,BWFG,-0.06835269993165799,29.24,29.26,28.7,15257
2024-01-03,CNVS,-1.5384615384615397,1.28,1.3,1.25,38061
2024-01-03,BJDX,3.3898305084745797,1.22,1.18,1.15,96331
2024-01-03,EXFY,0.0,2.51,2.51,2.2418,695741
2024-01-03,HIMX,0.0,6.35,6.35,6.33,822609
2024-01-03,AIV,-5.703422053231931,7.44,7.89,7.64,946586
2024-01-03,SOL,-1.4652014652014667,2.69,2.73,2.59,587392
2024-01-03,MEG,-0.9088060169225922,31.62,31.91,30.85,152713
2024-01-03,FTRE,-0.3627394080092861,34.335,34.46,33.3,762542
2024-01-03,VMEO,-0.2624671916010559,3.8,3.81,3.94,1151938
2024-01-03,GSM,-3.4124629080118756,6.51,6.74,6.31,871472
2024-01-03,HLP,-0.8620689655172422,2.3,2.32,3.35,2846974
2024-01-03,PDFS,0.0,30.99,30.99,30.05,179876
2024-01-03,LFMDP,0.0,19.35,19.35,19.85,35534
2024-01-03,VVX,1.0893246187363834,46.4,45.9,44.57,50741
2024-01-03,ENSC,0.7972143315312152,1.1,1.0913,1.06,37520
2024-01-03,LPTH,3.2520325203252063,1.27,1.23,1.23,43901
2024-01-03,AGMH,-7.103825136612028,1.7,1.83,1.77,2709
2024-01-03,AVIR,2.8846153846153797,3.21,3.12,3.12,298195
2024-01-03,ZCMD,-7.061298076923067,0.3093,0.3328,0.33,39395
2024-01-03,JBSS,-0.2847921017657083,105.04,105.34,102.0,57877
2024-01-03,RAYA,-0.9009009009009016,1.1,1.11,1.09,9069
2024-01-03,PBI,0.23094688221708512,4.34,4.33,4.2,1786313
2024-01-03,PHGE,4.818024263431551,0.3024,0.2885,0.279,113545
2024-01-03,CRVS,-1.6871508379888271,1.7598,1.79,1.83,183381
2024-01-03,EAI,-0.18735362997659344,21.31,21.35,21.3,37690
2024-01-03,SHFS,-2.2556390977443628,1.3,1.33,1.29,218085
2024-01-03,SONO,1.4136447449293206,16.5,16.27,15.52,2536735
2024-01-03,SLGL,2.4590163934426252,1.25,1.22,1.27,27332
2024-01-03,RICK,-4.737308146399067,64.55,67.76,62.0,70752
2024-01-03,DHCNL,-100.0,0.0,15.55,15.56,15888
2024-01-03,KZR,0.0,0.95,0.95,0.9311,424065
2024-01-03,CRI,-1.2730407107810553,74.45,75.41,72.41,645040
2024-01-03,ASMB,-1.0075566750629679,0.8253,0.8337,0.8108,212226
2024-01-03,GCO,-1.7111368909512654,33.89,34.48,32.26,122536
2024-01-03,ENO,0.4407227853679941,22.79,22.69,22.65,7512
2024-01-03,GVH,-1.7857142857142874,1.65,1.68,1.52,97229
2024-01-03,MOBXW,-100.0,0.0,0.075,0.0702,31901
2024-01-03,SSKN,8.108108108108116,0.52,0.481,0.5501,106030
2024-01-03,SCCG,,0.0,0.0,0.0,4180
2024-01-03,KRNT,-3.506907545164719,18.16,18.82,17.45,722712
2024-01-03,NIU,-1.345291479820619,2.2,2.23,2.1,193683
2024-01-03,SSTK,-0.4603473530027179,47.57,47.79,46.02,550141
2024-01-03,SPCB,-6.0913705583756395,0.37,0.394,0.3636,98889
2024-01-03,LXU,-0.7494646680942215,9.27,9.34,9.15,322976
2024-01-03,YALA,-2.475247524752467,5.91,6.06,5.8003,265147
2024-01-03,CERS,-2.3696682464454897,2.06,2.11,2.03,1346498
2024-01-03,NNVC,0.0,1.03,1.03,1.03,16398
2024-01-03,SMSI,-6.567588241722221,0.855,0.9151,0.8686,195240
2024-01-03,UNFI,0.0,16.55,16.55,16.46,558404
2024-01-03,DIN,-0.913705583756351,48.8,49.25,46.78,329615
2024-01-03,MLSS,0.0,0.66,0.66,0.7137,111010
2024-01-03,FCF,-0.5138086062941559,15.49,15.57,14.92,582513
2024-01-03,FMNB,0.0,14.38,14.38,14.03,123655
2024-01-03,CEPU,-2.3076923076922977,8.89,9.1,8.78,165305
2024-01-03,MXCT,-1.9999999999999927,4.9,5.0,4.45,1209865
2024-01-03,UBFO,0.0,8.07,8.07,8.09,15827
2024-01-03,BOXL,-4.587155963302756,1.04,1.09,1.1,26058
2024-01-03,SLDB,-3.0063291139240564,6.13,6.32,5.77,77583
2024-01-03,SKIN,-0.31717263253284383,3.08,3.0898,3.0,3659914
2024-01-03,RGS,-0.5592841163310843,8.89,8.94,7.58,89277
2024-01-03,USAU,4.19753086419753,4.22,4.05,4.14,37500
2024-01-03,CRBU,0.53667262969589,5.62,5.59,5.46,1568782
2024-01-03,PFIS,0.0,48.8,48.8,47.33,18028
2024-01-03,CDLX,-0.22497187851520076,8.87,8.89,7.62,909216
2024-01-03,OPRA,-1.6253869969040176,12.71,12.92,13.19,630086
2024-01-03,OST,3.008559919436056,0.8183,0.7944,0.7981,33728
2024-01-03,BENF,-0.5714285714285652,0.4872,0.49,0.4546,73962
2024-01-03,BLBD,-0.37878787878787074,26.3,26.4,25.29,1109830
2024-01-03,TBLA,4.679802955665035,4.25,4.06,4.11,922978
2024-01-03,ABCL,0.0,5.8,5.8,5.7,1531476
2024-01-03,UTZ,-1.7375674056321309,16.4,16.69,17.0,1508286
2024-01-03,CREX,0.4405286343612241,2.28,2.27,2.32,36714
2024-01-03,NVAX,1.1976047904191716,5.07,5.01,4.91,14051700
2024-01-03,FCUV,-100.0,0.0,1.45,1.5,9843
2024-01-03,LZM,-100.0,0.0,9.25,9.29,20674
2024-01-03,CSR,0.05239259517988323,57.29,57.26,55.7,48075
2024-01-03,GROW,-3.225806451612898,2.7,2.79,2.92,22997
2024-01-03,ELA,-0.636942675159241,4.68,4.71,4.45,30918
2024-01-03,FOR,0.0,32.38,32.38,31.52,177919
2024-01-03,TYG,-0.8544087491455912,29.01,29.26,29.98,88834
2024-01-03,CDLR,1.6292134831460625,18.09,17.8,17.89,339512
2024-01-03,CMND,2.9520295202952056,2.79,2.71,2.55,130740
2024-01-03,HOUS,-3.929024081115331,7.58,7.89,7.6,888126
2024-01-03,OPXS,0.2923976608187202,6.86,6.84,6.86,24998
2024-01-03,BGLC,-2.9368029739777017,0.5222,0.538,0.5375,50356
2024-01-03,ARKO,0.3592814371257621,8.38,8.35,8.17,275818
2024-01-03,NMFC,-1.2317167051578148,12.83,12.99,13.0,384475
2024-01-03,AGL,-0.15444015444015116,12.93,12.95,12.7,3563349
2024-01-03,TGB,-2.857142857142844,1.36,1.4,1.33,909740
2024-01-03,TROX,-3.9090262970860037,13.52,14.07,12.9,2454757
2024-01-03,PCSA,-0.43715846994535257,0.3644,0.366,0.3781,369245
2024-01-03,GLDG,0.0,0.9477,0.9477,0.893,991236
2024-01-03,GBLI,0.7497656982193127,32.25,32.01,31.74,5978
2024-01-03,AMPX,-2.1897810218978284,4.02,4.11,4.45,1131383
2024-01-03,DHIL,-0.012144028174151576,164.67,164.69,160.31,15487
2024-01-03,ADTX,-4.572564612326052,4.8,5.03,5.3,391485
2024-01-03,AKBA,1.5503875968992262,1.31,1.29,1.3998,2889325
2024-01-03,QNCX,-1.8867924528301903,1.04,1.06,1.1,72081
2024-01-03,KMDA,4.081632653061228,6.12,5.88,6.1,29639
2024-01-03,EICA,-100.0,0.0,23.15,0.0,4845
2024-01-03,INO,-1.4804370814240329,0.559,0.5674,0.55,3861000
2024-01-03,TSBK,-0.2551020408163211,31.28,31.36,30.34,24460
2024-01-03,BWNB,0.696459663377835,17.35,17.23,17.38,9508
2024-01-03,USNA,-0.808080808080817,54.01,54.45,52.06,91884
2024-01-03,VINC,3.2258064516129057,1.28,1.24,1.27,94464
2024-01-03,RAND,-100.0,0.0,12.99,13.2902,2422
2024-01-03,IPA,-2.85714285714286,1.7,1.75,1.57,59211
2024-01-03,TCBK,-0.62442183163738,42.97,43.24,42.02,96742
2024-01-03,STKS,-0.32414910858994445,6.15,6.17,6.16,40480
2024-01-03,SANW,-3.7878787878787907,0.635,0.66,0.6171,46578
2024-01-03,CAL,-1.5852474927207971,30.42,30.91,29.51,284320
2024-01-03,DRTS,3.092783505154634,3.0,2.91,2.92,21801
2024-01-03,MBRX,2.8027269775998183,0.95,0.9241,0.9433,385923
2024-01-03,SRFM,-1.3245033112582794,1.49,1.51,1.36,138957
2024-01-03,AOUT,2.5287356321839156,8.92,8.7,8.42,50607
2024-01-03,MNTK,0.0,8.92,8.92,8.6,229168
2024-01-03,REPX,0.2237970906378302,26.87,26.81,27.52,63644
2024-01-03,EUDA,-100.0,0.0,1.54,1.55,127214
2024-01-03,TRML,-0.2673796791443861,26.11,26.18,27.26,129584
2024-01-03,CCOI,-0.27454569224734443,76.28,76.49,75.4,346438
2024-01-03,SKYH,-2.1956087824351185,9.8,10.02,10.36,15665
2024-01-03,FLYX,5.078809106830123,6.0,5.71,6.2,45717
2024-01-03,SBEV,-0.4416635995583286,0.541,0.5434,0.58,97260
2024-01-03,GRNT,-1.4423076923076898,6.15,6.24,6.11,624601
2024-01-03,PRAA,-0.8320126782884204,25.03,25.24,24.19,276345
2024-01-03,YOSH,0.15948963317385448,6.28,6.27,5.79,66484
2024-01-03,ANVS,-2.8571428571428528,18.36,18.9,18.6,360221
2024-01-03,ORIC,0.0,9.14,9.14,8.97,154596
2024-01-03,SNFCA,1.1061946902655024,9.14,9.04,8.84,145028
2024-01-03,GBFH,-0.7879656160458539,13.85,13.96,14.06,20150
2024-01-03,MVIS,-0.3787878787878875,2.63,2.64,2.5,1786167
2024-01-03,CARV,-6.698564593301431,1.95,2.09,1.97,4317
2024-01-03,MREO,-2.1276595744680966,2.3,2.35,2.32,582532
2024-01-03,AMSF,-6.0000000000000036,44.65,47.5,46.52,104063
2024-01-03,FTEK,-3.738317757009349,1.03,1.07,1.03,33290
2024-01-03,CPS,-1.1609498680738728,18.73,18.95,17.49,124009
2024-01-03,ESCA,0.4945598417408577,20.32,20.22,19.28,32804
2024-01-03,LXRX,-1.8181818181818064,1.62,1.65,1.52,3160621
2024-01-03,NNBR,-2.650602409638562,4.04,4.15,4.09,115721
2024-01-03,VTGN,0.0,5.15,5.15,4.93,473683
2024-01-03,IVP,0.0,0.38,0.38,0.3318,259594
2024-01-03,USGO,-3.940217391304348,7.07,7.36,7.1,3731
2024-01-03,RDI,-0.5102040816326535,1.95,1.96,2.06,21617
2024-01-03,INNV,1.1235955056179678,6.3,6.23,5.98,34353
2024-01-03,HOFV,-0.28490028490027886,3.5,3.51,3.56,34160
2024-01-03,ATLO,0.046926325668707476,21.32,21.31,20.72,17825
2024-01-03,AESI,-0.9433962264150951,16.8,16.96,17.09,721703
2024-01-03,BHR,0.0,2.49,2.49,2.44,445056
2024-01-03,IVA,0.64377682403434,4.69,4.66,4.64,17716
2024-01-03,HPK,-1.967213114754103,14.95,15.25,15.21,372973
2024-01-03,VS,-6.249999999999998,2.85,3.04,2.68,385911
2024-01-03,IE,-3.7644787644787527,9.97,10.36,9.93,643728
2024-01-03,BBLG,6.8965517241379475,4.65,4.35,5.7,1424562
2024-01-03,CCCC,0.15384615384615058,6.51,6.5,5.88,9477740
2024-01-03,ARIS,0.0,8.69,8.69,8.89,369625
2024-01-03,MSN,-1.3563501849568311,0.56,0.5677,0.5404,4650
2024-01-03,EVLVW,4.2253521126760605,0.74,0.71,0.6601,7636
2024-01-03,IMXI,-0.3186162949476572,21.9,21.97,21.19,180649
2024-01-03,NBTX,0.0,7.15,7.15,7.3,26627
2024-01-03,OCFT,-1.6393442622950762,3.0,3.05,3.05,7566
2024-01-03,SDA,1.2195121951219685,8.3,8.2,8.22,420837
2024-01-03,POET,-100.0,0.0,0.9311,0.8901,29031
2024-01-03,PPTA,1.8292682926829285,3.34,3.28,3.19,157500
2024-01-03,BBGI,-100.0,0.0,0.8721,0.9626,88664
2024-01-03,MRTN,-0.3896736483195414,20.45,20.53,20.0,232370
2024-01-03,SBFM,-0.9747292418772692,0.2743,0.277,0.3,86641
2024-01-03,ACHV,-4.796163069544359,3.97,4.17,3.97,40945
2024-01-03,SCWO,-1.2987012987012998,1.52,1.54,1.2709,148434
2024-01-03,MKTW,-11.313868613138688,2.43,2.74,2.61,231498
2024-01-03,CODX,1.3650493309906742,1.5,1.4798,1.35,64998
2024-01-03,FLNT,6.400121617512909,0.6999,0.6578,0.7114,58485
2024-01-03,ATEN,-0.23023791250958836,13.0,13.03,12.88,537431
2024-01-03,EOSEW,inf,0.18,0.0,0.17,55630
2024-01-03,ESEA,-1.4934114202049722,33.64,34.15,34.79,93211
2024-01-03,RPAY,-1.1862396204033172,8.33,8.43,8.18,490961
2024-01-03,QRHC,0.27472527472526886,7.3,7.28,7.24,15572
2024-01-03,AENT,1.0752688172042901,0.94,0.93,0.94,13766
2024-01-03,MPAA,-1.3157894736842022,9.0,9.12,9.0,100050
2024-01-03,CODA,0.9917355371900909,6.11,6.05,6.12,32090
2024-01-03,SRDX,-0.5624296962879719,35.36,35.56,34.2,42908
2024-01-03,BNZI,-2.4390243902438913,1.6,1.64,1.5401,1583985
2024-01-03,HLF,-0.13020833333333057,15.34,15.36,14.38,1738389
2024-01-03,LFVN,-4.576271186440685,5.63,5.9,5.86,24144
2024-01-03,SGLY,-1.785714285714287,0.55,0.56,0.5498,28668
2024-01-03,SSP,1.1421319796954297,7.97,7.88,7.62,389282
2024-01-03,FSEA,-100.0,0.0,7.66,7.7,30316
2024-01-03,VMD,-0.25031289111389815,7.97,7.99,7.69,82521
2024-01-03,QFIN,0.13166556945359678,15.21,15.19,15.5,370742
2024-01-03,TPVG,-0.8928571428571397,11.1,11.2,11.02,222254
2024-01-03,WGO,0.7715624138881266,73.14,72.58,68.6,624769
2024-01-03,SXTP,4.241185487991822,1.02,0.9785,1.08,81519
2024-01-03,DMAC,-2.1201413427561855,2.77,2.83,2.86,26758
2024-01-03,FRPH,-0.0786782061368956,63.5,63.55,61.15,11480
2024-01-03,FSI,-100.0,0.0,1.99,1.78,18019
2024-01-03,OMI,-1.506493506493502,18.96,19.25,18.97,1023672
2024-01-03,ARRY,-0.7606787595084786,16.96,17.09,16.3,6391521
2024-01-03,BCAB,2.316602316602319,2.65,2.59,2.45,431873
2024-01-03,PAPL,0.0,1.7,1.7,1.67,17652
2024-01-03,MESO,-1.8078370193631117,1.07,1.0897,1.03,241446
2024-01-03,CVLG,-0.28748341441838887,45.09,45.22,44.26,46401
2024-01-03,PHR,0.915431560592839,23.15,22.94,22.1,621302
2024-01-03,ATRA,1.8962283809126894,0.489,0.4799,0.447,2553269
2024-01-03,CGAU,0.0,5.81,5.81,5.52,158463
2024-01-03,REE,-6.118546845124287,4.91,5.23,4.65,36135
2024-01-03,SOS,0.6048387096774244,4.99,4.96,4.55,184653
2024-01-03,OSPN,0.1904761904761864,10.52,10.5,10.33,350737
2024-01-03,MCRI,-0.5824959953400403,68.27,68.67,66.63,64297
2024-01-03,LSPD,2.9629629629629752,19.46,18.9,18.6,1798934
2024-01-03,FOXF,-2.8788543036680005,66.46,68.43,64.7,421576
2024-01-03,AKAN,0.0,0.43,0.43,0.49,251742
2024-01-03,MRT,-11.37370753323487,0.6,0.677,0.6601,24989
2024-01-03,OWLT,0.17421602787456072,5.75,5.74,5.74,13600
2024-01-03,UIS,0.3508771929824486,5.72,5.7,5.59,579491
2024-01-03,AYTU,-1.0380622837370328,2.86,2.89,2.88,7612
2024-01-03,CIM,-1.391650099403584,4.96,5.03,4.83,2581890
2024-01-03,CRMT,1.4198782961460505,70.0,69.02,64.17,99810
2024-01-03,MLR,-3.0105973025048165,40.27,41.52,40.47,44051
2024-01-03,AIP,-1.6071428571428545,5.51,5.6,5.41,97622
2024-01-03,NREF,-0.30618493570114613,16.28,16.33,16.15,27455
2024-01-03,ARBK,0.27777777777777185,3.61,3.6,3.83,2257899
2024-01-03,LEE,0.0,8.06,8.06,7.95,16990
2024-01-03,ONFO,-100.0,0.0,0.5688,0.55,9186
2024-01-03,SAFE,-2.995780590717303,22.99,23.7,21.89,332300
2024-01-03,CMP,-0.2403846153846245,24.9,24.96,23.45,901146
2024-01-03,PANL,-0.37831021437578005,7.9,7.93,8.04,360879
2024-01-03,CTGO,-3.867102396514166,17.65,18.36,16.23,69576
2024-01-03,RZC,-0.07710100231302842,25.92,25.94,25.983,87113
2024-01-03,SNAX,-100.0,0.0,2.51,2.58,31329
2024-01-03,WLKP,1.7657992565055716,21.9,21.52,21.74,23970
2024-01-03,MSS,-3.2786885245901667,1.18,1.22,1.26,278913
2024-01-03,SKLZ,-0.680272108843538,5.84,5.88,5.66,155196
2024-01-03,PROF,-1.8867924528301931,7.8,7.95,7.91,43840
2024-01-03,HCKT,-0.5291005291005335,22.56,22.68,22.44,120157
2024-01-03,MYPS,-0.7633587786259549,2.6,2.62,2.6,235767
2024-01-03,SCL,-0.7264957264957186,92.92,93.6,90.32,94549
2024-01-03,BATL,-100.0,0.0,9.62,9.59,16149
2024-01-03,CMCO,-0.8033169214822552,38.28,38.59,36.9,128221
2024-01-03,KSCP,-2.3248145094806265,0.5924,0.6065,0.6,1690092
2024-01-03,MEIP,-0.1680672268907527,5.94,5.95,5.87,15341
2024-01-03,VCEL,-0.5733944954128521,34.68,34.88,33.87,649317
2024-01-03,BRAG,-1.72413793103448,5.13,5.22,5.21,4096
2024-01-03,IQST,2.0114942528735638,0.1633,0.16008,0.0,134672
2024-01-03,OKYO,7.216494845360831,2.08,1.94,1.79,41879
2024-01-03,RCON,-1.0356255178127598,0.2389,0.2414,0.229,33604
2024-01-03,WTBA,-0.23529411764706218,21.2,21.25,20.58,29023
2024-01-03,MPB,-0.3297609233305929,24.18,24.26,23.75,43971
2024-01-03,XAIR,-4.830917874396129,1.97,2.07,1.87,420249
2024-01-03,KN,-1.0764872521246331,17.46,17.65,17.14,408800
2024-01-03,UGRO,-3.40136054421769,1.42,1.47,1.55,126191
2024-01-03,ZUMZ,4.997525977238981,21.22,20.21,18.93,258368
2024-01-03,TUSK,1.6129032258064582,4.41,4.34,4.41,52809
2024-01-03,GIC,0.15487867836859878,38.8,38.74,37.6,45661
2024-01-03,BTM,0.05847573257099103,3.08,3.0782,2.7,528407
2024-01-03,GOODN,-0.04875670404681406,20.5,20.51,20.48,5315
2024-01-03,DSGN,-2.7027027027026964,2.52,2.59,2.5,235546
2024-01-03,MX,1.7262638717632623,8.25,8.11,7.89,406812
2024-01-03,RMNI,-0.3021148036253846,3.3,3.31,3.28,301989
2024-01-03,RMR,-0.20920502092049764,28.62,28.68,28.15,83937
2024-01-03,AXTI,-0.40485829959515096,2.46,2.47,2.47,142240
2024-01-03,SUPV,-2.0304568527918803,3.86,3.94,3.7,701803
2024-01-03,PEBO,-0.6285543250523609,33.2,33.41,32.4,119114
2024-01-03,JAMF,-1.6147635524798218,17.06,17.34,16.74,305543
2024-01-03,EDUC,-0.8264462809917362,1.2,1.21,1.18,3608
2024-01-03,AIHS,-3.4712950600801076,0.4338,0.4494,0.4404,32478
2024-01-03,HLX,-6.033630069238372,9.5,10.11,9.99,2780262
2024-01-03,SOBR,-7.647058823529418,0.471,0.51,0.51,34482
2024-01-03,VBTX,-0.684053014108594,23.23,23.39,22.72,303238
2024-01-03,ADAG,2.6178010471204214,1.96,1.91,2.12,82678
2024-01-03,AEHL,7.08333333333333,2.57,2.4,2.07,38720
2024-01-03,ACU,1.4322610941535556,43.2,42.59,42.5,17762
2024-01-03,SRBK,-100.0,0.0,9.58,9.49,8964
2024-01-03,BCTX,-6.148282097649183,5.19,5.53,5.01,67418
2024-01-03,KRUS,1.7208413001912115,74.48,73.22,73.7,187395
2024-01-03,MCW,-4.789053591790193,8.35,8.77,7.87,2887723
2024-01-03,RLJ,0.0,11.74,11.74,11.62,1134012
2024-01-03,NODK,0.15444015444016487,12.97,12.95,12.95,10389
2024-01-03,KSS,-0.25026814444047296,27.9,27.97,26.54,6531637
2024-01-03,FFIC,-3.790924755887422,16.75,17.41,16.28,127021
2024-01-03,ICCM,-0.8547008547008554,1.16,1.17,1.23,3063488
2024-01-03,AGEN,0.9371485692865115,0.8078,0.8003,0.7697,8885837
2024-01-03,PLBY,0.0504456028249482,1.19,1.1894,1.11,902978
2024-01-03,BKTI,,0.0,0.0,12.3,11691
2024-01-03,HYFM,0.0,0.951,0.951,0.89,146757
2024-01-03,MOFG,-0.7044864664441888,26.78,26.97,25.73,46501
2024-01-03,UK,-7.172995780590714,4.4,4.74,4.7,827531
2024-01-03,CXAI,-0.7874015748031503,1.26,1.27,1.21,388436
2024-01-03,CBRL,0.10355987055015961,77.33,77.25,74.19,537268
2024-01-03,GWAV,-3.0769230769230793,0.63,0.65,0.649,35466
2024-01-03,SIF,2.7700831024930777,3.71,3.61,3.6,6665
2024-01-03,ARBB,-11.739130434782611,2.03,2.3,1.81,136807
2024-01-03,IVVD,1.1080332409972309,3.65,3.61,3.7,506997
2024-01-03,KRT,-0.12264922322159091,24.43,24.46,23.57,51919
2024-01-03,ORGO,2.0000000000000018,4.08,4.0,3.68,656705
2024-01-03,RSKD,4.883720930232557,4.51,4.3,4.52,668404
2024-01-03,KOP,-0.5547850208044406,50.19,50.47,47.29,227635
2024-01-03,AMRK,-1.966011329556814,29.42,30.01,28.52,316274
2024-01-03,ZKIN,5.208333333333338,1.01,0.96,0.9201,71920
2024-01-03,IFBD,0.7407407407407414,1.36,1.35,0.78,6270447
2024-01-03,FUNC,-100.0,0.0,23.8,23.85,21982
2024-01-03,NUVB,-2.5541401273885365,1.5299,1.57,1.48,658949
2024-01-03,CVKD,8.90454836643179,0.68,0.6244,0.64,83520
2024-01-03,RZLT,4.615384615384619,1.02,0.975,1.0,56127
2024-01-03,NYMTN,-0.046707146193374884,21.4,21.41,21.375,18681
2024-01-03,BOC,0.0,15.9,15.9,15.75,159956
2024-01-03,GIFI,-4.175824175824165,4.36,4.55,4.4,26018
2024-01-03,XPOF,-1.4399999999999977,12.32,12.5,11.22,1590785
2024-01-03,ESRT,0.8105369807497474,9.95,9.87,9.79,974011
2024-01-03,FARM,2.960526315789469,3.13,3.04,2.99,79893
2024-01-03,IMTE,-100.0,0.0,2.75,2.77,16891
2024-01-03,BMRC,-0.6849315068493086,21.75,21.9,21.34,40204
2024-01-03,CTO,-1.3142857142857167,17.27,17.5,17.13,97792
2024-01-03,BORR,-0.137741046831953,7.25,7.26,7.321,2114267
2024-01-03,DAWN,-0.137741046831953,14.5,14.52,14.3,401368
2024-01-03,VRTS,-0.40741841021941516,234.67,235.63,229.11,46567
2024-01-03,BANX,0.3875968992248078,18.13,18.06,18.1,18986
2024-01-03,KURA,0.06455777921239371,15.5,15.49,15.06,1087122
2024-01-03,VERO,9.909909909909898,1.22,1.11,1.15,2450
2024-01-03,GURE,-10.465116279069765,1.54,1.72,1.65,6655
2024-01-03,OGEN,-6.740027510316359,6.78,7.27,6.54,68767
2024-01-03,CBL,0.04014452027298901,24.92,24.91,24.74,81275
2024-01-03,OSBC,-0.19569471624265727,15.3,15.33,15.07,175945
2024-01-03,ENVB,-6.766917293233088,1.24,1.33,1.34,58833
2024-01-03,ALLR,-9.68105065666042,0.4814,0.533,0.5298,279947
2024-01-03,NNAVW,inf,0.9823,0.0,0.87,5683
2024-01-03,NUKKW,,0.0,0.0,0.13,74243
2024-01-03,IPSC,1.3586956521739082,3.73,3.68,3.26,195569
2024-01-03,VECO,-0.7858546168958692,30.3,30.54,28.92,557764
2024-01-03,ACHC,-0.8305647840531634,77.61,78.26,76.68,386301
2024-01-03,ACDC,0.0,7.98,7.98,7.95,713250
2024-01-03,AMST,-0.4016064257028205,2.48,2.49,2.38,7251
2024-01-03,NOAH,4.980842911877383,13.7,13.05,12.94,65976
2024-01-03,BRKL,-1.0073260073260022,10.81,10.92,10.67,481209
2024-01-03,JILL,-0.6309148264984233,25.2,25.36,24.92,111182
2024-01-03,MATV,-6.518987341772159,14.77,15.8,14.77,1018132
2024-01-03,ALGS,1.2763596004439492,0.73,0.7208,0.75,85318
2024-01-03,MITK,0.0,13.0,13.0,12.56,448873
2024-01-03,AEVA,-0.5870841487279777,0.762,0.7665,1.0,10080806
2024-01-03,VANI,-0.8921568627451085,1.0109,1.02,1.01,54991
2024-01-03,CLB,-0.22857142857142368,17.46,17.5,17.46,475572
2024-01-03,HTCR,-3.1805157593123212,0.6758,0.698,0.6402,23456
2024-01-03,KW,-1.0408326661329126,12.36,12.49,12.0,1118584
2024-01-03,ICHR,-0.3030303030303073,32.9,33.0,32.81,262006
2024-01-03,RVYL,-0.23255813953487878,4.29,4.3,4.22,14590
2024-01-03,CTNT,-4.148074698396961,1.16,1.2102,1.22,10207
2024-01-03,WEYS,0.7369432874078834,31.44,31.21,30.53,11958
2024-01-03,SCLX,2.499999999999991,2.05,2.0,1.99,1194833
2024-01-03,RBOT,-5.2544769085768115,0.4021,0.4244,0.41,464106
2024-01-03,GMM,-0.5882352941176345,5.07,5.1,4.81,374397
2024-01-03,UG,0.25974025974025416,7.72,7.7,8.1,19565
2024-01-03,IOBT,4.838709677419347,1.95,1.86,2.0,152011
2024-01-03,CASS,-1.7177647314633597,45.2,45.99,44.51,60828
2024-01-03,NUWE,1.4084507042253533,0.72,0.71,0.6879,3053238
2024-01-03,FEBO,inf,5.08,0.0,5.31,105974
2024-01-03,WPRT,-0.5882352941176475,6.76,6.8,6.06,48156
2024-01-03,OLB,0.0,1.01,1.01,0.8,313606
2024-01-03,JELD,-2.155172413793096,18.16,18.56,17.66,484820
2024-01-03,CSBR,-3.333333333333336,5.8,6.0,6.15,26245
2024-01-03,TSAT,-2.0348837209302406,10.11,10.32,9.9,40757
2024-01-03,ETON,1.307189542483671,4.65,4.59,4.56,28761
2024-01-03,APVO,-5.37634408602151,0.176,0.186,0.18,256804
2024-01-03,RILY,0.0,24.3,24.3,22.95,1050111
2024-01-03,SES,0.5464480874316944,1.84,1.83,1.83,901722
2024-01-03,NKTR,-0.983497249541593,0.594,0.5999,0.559,1272558
2024-01-03,IHRT,-3.1250000000000027,2.48,2.56,2.44,816253
2024-01-03,CLMT,-4.957264957264963,16.68,17.55,17.67,57489
2024-01-03,OBE,0.44910179640718934,6.71,6.68,6.98,370881
2024-01-03,MVBF,-0.2683363148479371,22.3,22.36,21.75,18373
2024-01-03,TBPH,0.0,11.59,11.59,11.59,453890
2024-01-03,CRESW,0.0,0.59,0.59,0.6,4662
2024-01-03,PERF,3.6544850498338977,3.12,3.01,2.92,10171
2024-01-03,UUU,0.5747126436781614,1.75,1.74,1.68,19888
2024-01-03,PTLO,0.0,15.62,15.62,15.09,709521
2024-01-03,QSG,0.6410256410256416,1.57,1.56,1.49,51653
2024-01-03,AIRE,-1.0256410256410264,1.93,1.95,1.86,468414
2024-01-03,OLO,-0.18832391713747246,5.3,5.31,5.1,1222969
2024-01-03,DCBO,-0.921861281826167,45.14,45.56,45.15,124199
2024-01-03,PSEC,1.90555095277548,6.15,6.035,6.03,1530616
2024-01-03,RRBI,-0.053609721229451644,55.93,55.96,54.04,10409
2024-01-03,TSQ,-0.4945598417408401,10.06,10.11,10.37,80131
2024-01-03,CDZIP,-3.354914655679793,16.42,16.99,0.0,8077
2024-01-03,USPH,0.0,93.47,93.47,92.34,89577
2024-01-03,CGC,0.41841004184099523,4.8,4.78,4.8796,5480380
2024-01-03,WHLR,-2.2082018927444813,0.31,0.317,0.3175,561924
2024-01-03,DERM,1.883239171374775,5.41,5.31,4.83,427683
2024-01-03,ULH,0.03507541213608562,28.52,28.51,27.75,35672
2024-01-03,YJ,-100.0,0.0,0.698,0.7289,3655
2024-01-03,TREE,-0.48259220958290444,28.87,29.01,28.31,310778
2024-01-03,REX,-0.19177498401874346,46.84,46.93,47.02,118753
2024-01-03,VEEE,-0.7352941176470594,1.35,1.36,1.4,22010
2024-01-03,RGP,-3.1185031185031136,13.98,14.43,14.58,399277
2024-01-03,REVB,0.19607843137254918,0.511,0.51,0.4849,262705
2024-01-03,STRT,-2.018953440461469,23.78,24.27,25.2,12684
2024-01-03,ADNWW,-23.7410071942446,0.0212,0.0278,0.0257,67064
2024-01-03,SNDX,4.704752760441673,21.81,20.83,21.05,1273672
2024-01-03,YORW,0.7617546624638801,38.36,38.07,38.41,47155
2024-01-03,ANGI,-1.6666666666666683,2.36,2.4,2.32,678190
2024-01-03,ARGD,0.0,23.04,23.04,23.05,13748
2024-01-03,PDM,-3.407601572739185,7.37,7.63,7.36,1320379
2024-01-03,PULM,4.712041884816758,2.0,1.91,2.2,114637
2024-01-03,ALTG,-0.9009009009009108,12.1,12.21,11.79,317407
2024-01-03,SABSW,-6.976744186046502,0.02,0.0215,0.02,44364
2024-01-03,BCAL,0.05830903790088375,17.16,17.15,17.25,5319
2024-01-03,GORO,-5.326331582895721,0.3786,0.3999,0.36,607978
2024-01-03,NVTS,-1.2936610608020767,7.63,7.73,7.27,2629549
2024-01-03,CFFI,-0.18670113456842663,69.5,69.63,66.93,8778
2024-01-03,DX,-0.4800000000000039,12.44,12.5,12.2,1234456
2024-01-03,NRGV,0.4504504504504408,2.23,2.22,2.03,1817931
2024-01-03,ACTG,-0.5102040816326535,3.9,3.92,3.89,127466
2024-01-03,RC,-1.6488845780795336,10.14,10.31,10.08,2901127
2024-01-03,HTBK,-0.6091370558375686,9.79,9.85,9.62,329993
2024-01-03,EVGO,0.0,3.3,3.3,3.16,2207666
2024-01-03,CARM,-4.377104377104389,2.84,2.97,2.84,122129
2024-01-03,GTIM,1.5384615384615397,2.64,2.6,2.5,24261
2024-01-03,SII,0.15179113539770572,32.99,32.94,33.0,44122
2024-01-03,USIO,1.7142857142857157,1.78,1.75,1.7681,42664
2024-01-03,EGY,1.7857142857142672,4.56,4.48,4.79,1701587
2024-01-03,NWBI,-0.7148530579825247,12.5,12.59,12.34,978868
2024-01-03,WBUY,0.0,0.57,0.57,0.57,306906
2024-01-03,HSTM,-2.3221525985993328,26.5,27.13,26.61,123272
2024-01-03,CRON,0.014086491055066201,2.13,2.1297,2.12,5026188
2024-01-03,SGMO,0.20415107179312333,0.589,0.5878,0.54,1036145
2024-01-03,GPMT,-1.3392100355992496,5.82,5.899,5.63,460402
2024-01-03,KLXE,0.0,11.09,11.09,11.14,77346
2024-01-03,DSGR,-0.16010246557797217,31.18,31.23,30.32,32280
2024-01-03,VTMX,1.871933901368452,39.455,38.73,38.55,118928
2024-01-03,ACIC,1.5690376569037694,9.71,9.56,10.46,377756
2024-01-03,CMTL,-1.0989010989010972,8.1,8.19,8.75,635846
2024-01-03,NISN,1.5544041450777215,3.92,3.86,3.85,60344
2024-01-03,GHRS,0.1876172607879885,5.34,5.33,5.18,1164059
2024-01-03,NKTX,1.6233766233766176,6.26,6.16,5.71,2012120
2024-01-03,GEVO,6.034482758620696,1.23,1.16,1.16,4260501
2024-01-03,CISS,-2.6065072802444846,0.5418,0.5563,0.5503,104775
2024-01-03,OXBR,0.9433962264150951,1.07,1.06,1.12,54785
2024-01-03,ENVX,-0.7311129163281873,12.22,12.31,11.71,4026005
2024-01-03,RPD,3.793103448275855,57.19,55.1,52.9,836234
2024-01-03,BV,-0.8413461538461573,8.25,8.32,8.4,237788
2024-01-03,NVCR,3.1767955801104906,14.94,14.48,13.59,1428788
2024-01-03,LANDO,-0.5493068270991205,19.01,19.115,19.14,6866
2024-01-03,MNYWW,-100.0,0.0,0.0625,0.0749,11118
2024-01-03,TXO,-100.0,0.0,18.06,19.12,45293
2024-01-03,UTL,0.0,53.32,53.32,53.0,45815
2024-01-03,EVC,-1.4492753623188313,4.08,4.14,3.93,227433
2024-01-03,OI,0.06269592476490009,15.96,15.95,15.5,2672798
2024-01-03,LOCO,0.0,8.8,8.8,8.58,183346
2024-01-03,SILO,-4.5161290322580685,1.48,1.55,1.45,10241
2024-01-03,WNC,-1.3028030003947821,25.0,25.33,24.21,509170
2024-01-03,SELF,0.6423982869379069,4.7,4.67,4.66,19774
2024-01-03,SGD,-1.42857142857143,1.38,1.4,1.39,41969
2024-01-03,ATER,-0.13986013986013998,0.357,0.3575,0.342,411506
2024-01-03,AFRI,-100.0,0.0,10.59,10.69,55774
2024-01-03,SQFT,-8.474576271186429,1.08,1.18,1.1104,24527
2024-01-03,TNON,0.6493506493506499,1.55,1.54,1.63,29638
2024-01-03,DDL,-1.3333333333333344,1.48,1.5,1.5,224101
2024-01-03,MCB,-1.7595307917888536,50.25,51.15,51.87,175219
2024-01-03,INBX,-1.8556701030927807,38.08,38.8,38.32,588839
2024-01-03,DAIO,1.1146496815286528,3.175,3.14,3.1,12204
2024-01-03,MSC,-3.5036496350364867,6.61,6.85,6.86,6017
2024-01-03,APDN,1.636093207734262,0.615,0.6051,0.638,35767
2024-01-03,EPIX,0.15432098765431768,6.49,6.48,6.53,85820
2024-01-03,JBI,2.056359482102053,13.4,13.13,13.45,2384410
2024-01-03,REBN,-7.407407407407414,0.5,0.54,0.491,53688
2024-01-03,CTXR,-4.482169027845622,0.7821,0.8188,0.787,479950
2024-01-03,ONMD,1.689189189189183,0.7525,0.74,0.781,546401
2024-01-03,EDAP,-1.6949152542372856,5.22,5.31,5.13,36957
2024-01-03,PRZO,6.249999999999992,0.85,0.8,0.7301,847205
2024-01-03,UVSP,-0.6821282401091341,21.84,21.99,21.1,111023
2024-01-03,ETNB,0.7922535211267593,11.45,11.36,10.5,1216817
2024-01-03,OBK,-0.19830028328611982,35.23,35.3,34.52,121442
2024-01-03,FOXO,-0.4929143561306193,0.323,0.3246,0.3053,725419
2024-01-03,ASTLW,-3.3631797335662745,1.77,1.8316,1.78,56869
2024-01-03,AEHR,1.76125244618395,26.0,25.55,23.1,2504786
2024-01-03,NERV,0.0,6.15,6.15,5.93,43619
2024-01-03,NAAS,0.0,1.46,1.46,1.68,2204101
2024-01-03,MBUU,0.224466891133553,53.58,53.46,52.16,212565
2024-01-03,DRH,-1.2793176972281555,9.26,9.38,9.25,1764788
2024-01-03,XPEL,-0.20427112349117815,53.74,53.85,51.29,141774
2024-01-03,HOFT,0.5351681957186566,26.3,26.16,24.98,113659
2024-01-03,NBBK,-4.239766081871346,13.1,13.68,13.35,1005218
2024-01-03,PMTS,-0.8682328907047914,19.41,19.58,19.12,9109
2024-01-03,DOUG,-3.0927835051546495,2.82,2.91,2.86,707245
2024-01-03,COEPW,15.599999999999989,0.0289,0.025,0.0388,13990
2024-01-03,SYRS,-3.2178217821782154,7.82,8.08,7.06,274778
2024-01-03,PW,4.249769868057678,0.6795,0.6518,0.6502,10401
2024-01-03,JBLU,-0.6603773584905688,5.265,5.3,4.97,22925726
2024-01-03,FINW,-0.2741603838245315,14.55,14.59,14.32,20663
2024-01-03,BFS,-0.8642602948652857,39.0,39.34,39.08,99213
2024-01-03,STTK,-0.13210039630119783,7.56,7.57,7.26,642490
2024-01-03,INBK,-1.5333609614587544,23.76,24.13,23.25,32876
2024-01-03,TSHA,0.5847953216374274,1.72,1.71,1.69,745357
2024-01-03,YSG,-1.2340867757859266,0.7603,0.7698,0.75,541098
2024-01-03,SOND,-4.878048780487796,3.12,3.28,2.95,34022
2024-01-03,XELB,0.0,1.5,1.5,1.48,37836
2024-01-03,SPB,-1.2261580381471329,79.75,80.74,76.29,665050
2024-01-03,AXGN,0.0,6.91,6.91,6.63,449856
2024-01-03,SVRA,0.0,4.4,4.4,4.44,767158
2024-01-03,EVH,-1.1976047904191574,33.0,33.4,31.63,1442230
2024-01-03,KTCC,-100.0,0.0,4.32,4.47,13609
2024-01-03,SAT,inf,23.92,0.0,24.23,2321
2024-01-03,MVSTW,0.0,0.15,0.15,0.1545,29034
2024-01-03,LWAY,-1.8670649738610903,13.14,13.39,13.13,37417
2024-01-03,TASK,-3.4399387911247143,12.6204,13.07,11.93,216110
2024-01-03,UDMY,-0.7032348804500803,14.12,14.22,13.67,1223390
2024-01-03,CPAC,0.0,5.19,5.19,5.12,20385
2024-01-03,GLAD,0.6535947712418161,10.78,10.71,10.8,194341
2024-01-03,BRFH,0.0,1.56,1.56,1.39,40927
2024-01-03,AMRN,-0.8888888888888896,0.892,0.9,0.875,1329053
2024-01-03,SNWV,-5.833333333333327,0.01695,0.018,0.017,360688
2024-01-03,SIDU,-1.1267605633802829,7.02,7.1,11.51,15113826
2024-01-03,ZVIA,0.0,1.98,1.98,1.92,105477
2024-01-03,CUE,-6.22837370242215,2.71,2.89,2.73,286853
2024-01-03,EYEN,0.0,1.91,1.91,1.82,351085
2024-01-03,DGII,-0.7981312049834467,25.48,25.685,25.18,209238
2024-01-03,WDH,-2.826923076923086,1.0106,1.04,1.0,200881
2024-01-03,IH,-100.0,0.0,3.13,2.84,6100
2024-01-03,CAPT,-2.2842639593908594,3.85,3.94,3.9,65071
2024-01-03,SSSS,-0.4950495049505065,4.02,4.04,4.03,60347
2024-01-03,BZH,-0.030202355783745125,33.1,33.11,31.62,290751
2024-01-03,TPST,-1.8264840182648419,4.3,4.38,4.65,1104759
2024-01-03,IXHL,-2.714932126696835,4.3,4.42,4.45,5594
2024-01-03,ZNTL,2.042118698149332,15.99,15.67,15.59,870099
2024-01-03,CHMG,0.020024028834611768,49.95,49.94,49.27,12059
2024-01-03,AIRTP,-100.0,0.0,16.99,16.99,1447
2024-01-03,LOOP,0.0,3.65,3.65,3.495,28814
2024-01-03,PRLB,0.0,38.0,38.0,35.9,148617
2024-01-03,TURN,-2.891566265060243,4.03,4.15,4.19,19450
2024-01-03,MDRR,2.3391812865497097,5.25,5.13,5.24,1415
2024-01-03,PDLB,0.3157894736842038,9.53,9.5,9.07,40883
2024-01-03,CRCT,-1.5037593984962485,6.55,6.65,6.5,874158
2024-01-03,TITN,0.0,28.67,28.67,27.57,138545
2024-01-03,HYPR,0.0,1.1,1.1,1.05,25413
2024-01-03,MIND,3.6390101892285296,7.12,6.87,6.2028,3768
2024-01-03,LAZR,-2.531645569620255,3.08,3.16,3.09,6640809
2024-01-03,BIOX,0.0,13.62,13.62,13.59,35621
2024-01-03,MGRM,-100.0,0.0,3.47,3.6,36818
2024-01-03,ELUT,-6.181818181818179,2.58,2.75,2.97,113582
2024-01-03,NHTC,1.3582342954159605,5.97,5.89,5.93,14336
2024-01-03,EVOK,-2.9126213592233037,1.0,1.03,1.07,29800
2024-01-03,CZFS,-0.2953520907819023,64.14,64.33,62.6,8822
2024-01-03,SHO,0.8538899430740194,10.63,10.54,10.74,3574659
2024-01-03,VCIG,-3.1531531531531654,2.15,2.22,1.98,88391
2024-01-03,SWIN,-0.3558718861210047,2.8,2.81,2.65,44461
2024-01-03,ARMP,-4.20711974110032,2.96,3.09,2.7,19200
2024-01-03,PEB,1.4426229508196764,15.47,15.25,15.37,2563503
2024-01-03,PNTG,-0.8339124391938915,14.27,14.39,14.12,138503
2024-01-03,BHRB,-0.015933715742507983,62.75,62.76,60.19,20977
2024-01-03,FENG,4.255319148936175,1.47,1.41,0.0,6841
2024-01-03,ASNS,0.9090909090909097,1.11,1.1,1.14,38470
2024-01-03,WILC,-0.3883495145631158,10.26,10.3,10.47,4357
2024-01-03,XLO,12.940199335548169,0.6799,0.602,0.7,560502
2024-01-03,CLLS,-4.761904761904759,3.0,3.15,3.0,64725
2024-01-03,WTI,1.5432098765432043,3.29,3.24,3.33,1891007
2024-01-03,POAI,-4.802259887005648,3.37,3.54,3.27,24303
2024-01-03,CHPT,0.9035453836628113,2.2,2.1803,2.09,15023336
2024-01-03,NDLS,-3.5369774919614105,3.0,3.11,2.97,207690
2024-01-03,FNWD,-0.7542675664946458,25.0,25.19,25.05,4405
2024-01-03,IMCR,0.0,75.0,75.0,70.78,394768
2024-01-03,NTLA,-1.0526315789473744,31.02,31.35,29.79,1441122
2024-01-03,SMHI,-1.4423076923076898,12.3,12.48,12.42,80924
2024-01-03,MESA,1.0000000000000009,1.01,1.0,0.91,447921
2024-01-03,TRX,-2.0930232558139523,0.3789,0.387,0.378,661988
2024-01-03,III,-0.6423982869379069,4.64,4.67,4.6,106914
2024-01-03,GNPX,-4.166666666666659,0.23,0.24,0.23,210238
2024-01-03,TLSI,-100.0,0.0,8.25,8.09,23882
2024-01-03,BMEA,-2.1304926764314267,14.7,15.02,15.05,563238
2024-01-03,MEI,-1.2556053811659242,22.02,22.3,21.04,323718
2024-01-03,TCBIO,-100.0,0.0,18.67,18.64,22657
2024-01-03,JANX,-2.8343666961913065,10.97,11.29,10.3,81108
2024-01-03,CAAS,-0.931677018633548,3.19,3.22,3.12,74661
2024-01-03,PLUS,-0.6845052893590506,79.8,80.35,79.15,212648
2024-01-03,XOMAO,-100.0,0.0,25.0,24.925,2651
2024-01-03,OPTX,1.7777777777777795,4.58,4.5,4.95,6076
2024-01-03,JFIN,-2.316602316602319,5.06,5.18,5.16,12754
2024-01-03,IMRX,0.40983606557376173,7.35,7.32,6.72,59673
2024-01-03,CWCO,-1.3888888888888888,35.5,36.0,34.05,145229
2024-01-03,XYF,0.0,3.77,3.77,3.94,43957
2024-01-03,HI,-0.7799325463743623,47.07,47.44,45.2,395615
2024-01-03,ETD,-2.9153605015673976,30.97,31.9,31.7,137675
2024-01-03,ENJ,0.0,21.45,21.45,21.34,1138
2024-01-03,NMM,1.062699256110523,28.53,28.23,29.16,152310
2024-01-03,BSBK,-100.0,0.0,8.1,7.3,2675
2024-01-03,RMCO,4.242424242424246,1.72,1.65,1.81,140653
2024-01-03,SRPT,-1.3746770025839774,95.42,96.75,93.0,997225
2024-01-03,VRA,-0.667556742323095,7.44,7.49,7.48,377827
2024-01-03,CTRN,-0.9295673936360315,27.71,27.97,26.71,74927
2024-01-03,JRVR,2.1786492374727784,9.38,9.18,9.18,1814078
2024-01-03,BDL,-100.0,0.0,25.51,25.76,3726
2024-01-03,PLYM,-0.45473336089294325,24.08,24.19,23.84,343101
2024-01-03,CSGS,-0.414156626506022,52.9,53.12,52.04,221618
2024-01-03,EMBC,0.0,19.07,19.07,18.29,538349
2024-01-03,OMER,0.4472843450479308,3.144,3.13,2.85,1062186
2024-01-03,LMB,-0.02274795268425389,43.95,43.96,41.46,188184
2024-01-03,ZEUS,-0.0441046750955618,67.99,68.02,66.81,137465
2024-01-03,ALX,-0.11564972012767731,215.92,216.17,215.68,12517
2024-01-03,CANF,inf,2.21,0.0,2.12,19946
2024-01-03,GCI,0.0,2.37,2.37,2.26,519152
2024-01-03,CLW,-0.05465974309921597,36.57,36.59,36.35,75593
2024-01-03,CANG,0.9615384615384623,1.05,1.04,1.02,54376
2024-01-03,NDRA,-0.6289308176100634,1.58,1.59,1.4,143525
2024-01-03,HTFC,-100.0,0.0,24.5,24.5,661
2024-01-03,RFL,-1.3661202185792423,1.805,1.83,1.85,7642
2024-01-03,NCTY,-3.3419023136246873,7.52,7.78,7.2,95341
2024-01-03,DRUG,1.1834319526627228,1.71,1.69,1.634,47143
2024-01-03,EARN,-1.1345218800648345,6.1,6.17,6.08,371792
2024-01-03,CWD,-0.7518796992481209,1.32,1.33,1.38,6604
2024-01-03,ASC,0.13908205841446156,14.4,14.38,14.64,787811
2024-01-03,HQL,-0.21849963583394855,13.7,13.73,13.74,135768
2024-01-03,LNN,0.0,127.69,127.69,126.46,146488
2024-01-03,MTEK,-100.0,0.0,1.06,1.0499,9241
2024-01-03,DXPE,0.0,33.78,33.78,33.3,78481
2024-01-03,PMCB,-0.4608294930875478,2.16,2.17,2.21,10641
2024-01-03,ULY,-2.3102310231023053,2.96,3.03,2.7,79531
2024-01-03,GETY,-0.19960079840318934,5.0,5.01,5.24,188831
2024-01-03,GTEC,0.0,2.83,2.83,2.81,30854
2024-01-03,NCPL,-4.109589041095894,0.21,0.219,0.2279,709980
2024-01-03,ZEPP,-1.3888888888888902,1.42,1.44,1.38,27274
2024-01-03,TRTX,-0.4501252054752311,6.48,6.5093,6.52,628641
2024-01-03,ALEC,2.0539152759948673,7.95,7.79,7.9,385564
2024-01-03,SPRO,1.360544217687076,1.49,1.47,1.51,147514
2024-01-03,ADEA,-0.7911392405063402,12.54,12.64,12.44,555095
2024-01-03,CPHI,5.54089709762533,0.12,0.1137,0.115,972141
2024-01-03,WOLF,0.27829313543600315,43.24,43.12,40.61,3278488
2024-01-03,PPIH,-100.0,0.0,8.11,8.49,14682
2024-01-03,SAR,0.0,25.78,25.78,25.99,67497
2024-01-03,TRAK,-0.097181729834789,10.28,10.29,10.06,71444
2024-01-03,GTBP,-1.9607843137254877,0.255,0.2601,0.26,90574
2024-01-03,ICUCW,-8.777429467084632,0.0291,0.0319,0.0318,1940
2024-01-03,IMPP,0.0,2.74,2.74,2.9,1087647
2024-01-03,FHTX,0.0,6.45,6.45,5.9,65950
2024-01-03,HOPE,-0.08347245409014846,11.97,11.98,11.72,620401
2024-01-03,EWCZ,-3.0007501875468896,12.93,13.33,12.61,633092
2024-01-03,PGC,-0.5059021922428283,29.5,29.65,28.97,97189
2024-01-03,XHR,-1.3970588235294081,13.41,13.6,13.28,652472
2024-01-03,AWX,-100.0,0.0,2.27,2.38,12700
2024-01-03,JZ,-5.696736119474889,0.783,0.8303,0.819,20884
2024-01-03,BZFDW,-100.0,0.0,0.047,0.0408,28122
2024-01-03,CLIR,3.636363636363619,1.14,1.1,1.05,44157
2024-01-03,MOB,-2.604166666666657,1.87,1.92,1.85,19444
2024-01-03,BYRN,-0.17513134851137982,5.7,5.71,5.9,56110
2024-01-03,TRST,-1.6429699842022103,31.13,31.65,30.14,91143
2024-01-03,EVEX,0.1369863013698601,7.31,7.3,7.4,60174
2024-01-03,EPOW,6.422018348623839,1.16,1.09,1.06,19482
2024-01-03,FORR,-0.38834951456311234,25.65,25.75,25.33,63651
2024-01-03,BHAT,0.0,1.01,1.01,1.03,76882
2024-01-03,DNUT,-1.1440107671601611,14.69,14.86,14.35,581524
2024-01-03,WOOF,-0.3154574132492046,3.16,3.17,2.93,6507211
2024-01-03,ARAY,3.1914893617021387,2.91,2.82,2.7,496407
2024-01-03,VRME,-2.6315789473684044,1.11,1.14,1.1692,39429
2024-01-03,WEN,-1.180698151950721,19.25,19.48,19.2,3192006
2024-01-03,ADVM,-0.8443908323281071,0.822,0.829,0.8399,218409
2024-01-03,DLX,-1.069767441860467,21.27,21.5,20.75,220151
2024-01-03,NUS,0.0,20.32,20.32,19.22,949110
2024-01-03,TIPT,0.10678056593699718,18.75,18.73,18.65,67428
2024-01-03,GAIN,-0.8977900552486241,14.35,14.48,14.47,175415
2024-01-03,ALOT,0.0,16.15,16.15,16.49,13591
2024-01-03,TMP,-0.6072874493927116,58.92,59.28,55.22,87388
2024-01-03,WEAV,1.6435986159169507,11.75,11.56,11.13,372495
2024-01-03,SGRP,-100.0,0.0,1.05,1.03,7927
2024-01-03,ZIP,-3.46148148148148,13.0327,13.5,13.95,692026
2024-01-03,VEL,-2.151198524892438,15.92,16.27,15.73,21283
2024-01-03,AXL,-0.686498855835246,8.68,8.74,8.09,1492658
2024-01-03,IDAI,0.6896551724137937,1.46,1.45,1.46,40538
2024-01-03,CNTX,0.0,1.24,1.24,1.22,29908
2024-01-03,SGHT,-0.19920318725099181,5.01,5.02,5.03,665501
2024-01-03,SRG,-1.9148936170212734,9.22,9.4,9.33,307195
2024-01-03,YELP,-0.498482878196801,45.91,46.14,46.01,678628
2024-01-03,RR,-7.154471544715453,5.71,6.15,5.92,95364
2024-01-03,CLRO,0.8928571428571237,1.13,1.12,1.07,71771
2024-01-03,MNR,-0.3144654088050359,15.85,15.9,15.72,113993
2024-01-03,TDUP,0.0,2.27,2.27,2.28,679757
2024-01-03,TR,-1.6842706251784283,34.44,35.03,35.29,121045
2024-01-03,AOMR,-2.5339366515837205,10.77,11.05,11.05,92283
2024-01-03,MYNZ,0.0,1.17,1.17,1.17,36988
2024-01-03,MRAM,0.0,8.74,8.74,8.57,111031
2024-01-03,NCSM,inf,17.49,0.0,17.3,3096
2024-01-03,CALC,6.624605678233437,3.38,3.17,3.58,14306
2024-01-03,BWMX,-2.865329512893985,13.56,13.96,13.35,59656
2024-01-03,BHE,0.0,27.28,27.28,26.85,223859
2024-01-03,PIII,0.0,1.31,1.31,1.3,233264
2024-01-03,TAYD,-2.2854678740836616,22.66,23.19,23.05,2299
2024-01-03,PGNY,-1.485017236807219,37.15,37.71,37.02,756401
2024-01-03,NPWR,0.40983606557377994,9.8,9.76,9.41,121668
2024-01-03,AUPH,-1.2500000000000135,8.69,8.8,8.45,1206952
2024-01-03,EVAX,-5.194805194805199,0.73,0.77,0.7388,19191
2024-01-03,PRGS,0.707503258238694,54.09,53.71,52.5,335389
2024-01-03,ARVN,-0.3380825887466638,41.27,41.41,41.31,537396
2024-01-03,GP,-3.909355535384526,3.07,3.1949,3.0,63337
2024-01-03,SWKH,0.38997214484679826,18.02,17.95,17.27,7275
2024-01-03,BTAI,-2.3333333333333277,2.93,3.0,2.62,731202
2024-01-03,ZIMV,-0.058754406580481845,17.01,17.02,17.04,272011
2024-01-03,OLP,-1.0272443054935256,22.16,22.39,21.75,76397
2024-01-03,BEDU,-2.6666666666666687,1.46,1.5,1.4994,2307
2024-01-03,CMPO,0.0,5.47,5.47,5.29,53476
2024-01-03,PNFPP,-100.0,0.0,22.71,23.0,15165
2024-01-03,SLDP,0.0,1.35,1.35,1.32,3075105
2024-01-03,SEMR,-0.6833712984054658,13.08,13.17,12.06,637112
2024-01-03,SERA,-0.33388981636060866,5.97,5.99,5.51,219526
2024-01-03,SOPA,-4.200626959247656,0.3056,0.319,0.3,191656
2024-01-03,IFRX,-1.2195121951219388,1.62,1.64,1.67,70400
2024-01-03,EJH,-1.0389610389610398,3.81,3.85,1.21,11652715
2024-01-03,LAND,1.3277428371767959,14.5,14.31,14.01,180202
2024-01-03,CLBK,-0.5154639175257623,19.3,19.4,19.05,104637
2024-01-03,COEP,-1.6641452344931906,0.78,0.7932,0.7999,82861
2024-01-03,SPFI,0.10231923601637495,29.35,29.32,28.5,23931
2024-01-03,DUOT,1.9157088122605466,2.66,2.61,2.3,110068
2024-01-03,NFBK,-0.9554140127388614,12.44,12.56,12.23,200703
2024-01-03,HQH,-0.47197640117993095,16.87,16.95,16.92,237562
2024-01-03,ANDE,0.0,57.64,57.64,61.67,304292
2024-01-03,FRGT,-1.6528925619834725,0.357,0.363,0.3571,1406104
2024-01-03,VNDA,0.0,4.54,4.54,4.28,1558205
2024-01-03,DRCT,0.0,13.39,13.39,12.48,265370
2024-01-03,TXMD,-1.7543859649122628,2.24,2.28,2.26,10957
2024-01-03,ARI,-1.276595744680854,11.6,11.75,11.62,828125
2024-01-03,LGO,-0.8771929824561412,2.26,2.28,2.36,94322
2024-01-03,VTSI,0.10090817356205638,9.92,9.91,10.14,179959
2024-01-03,DH,0.0,10.15,10.15,9.68,789328
2024-01-03,RBBN,3.806228373702418,3.0,2.89,3.11,342114
2024-01-03,API,-3.44827586206896,2.52,2.61,2.5,155392
2024-01-03,BWAY,-0.5486968449931418,7.25,7.29,7.07,219628
2024-01-03,THFF,-0.3503035964502536,42.67,42.82,41.98,36093
2024-01-03,MATW,0.0,36.76,36.76,35.36,221935
2024-01-03,SMBK,-2.0542317173377156,23.84,24.34,23.37,41207
2024-01-03,UVE,0.43130006161429624,16.3,16.23,16.44,182626
2024-01-03,NRP,0.9117873228605935,91.86,91.03,92.5,17386
2024-01-03,TRNR,-100.0,0.0,0.925,0.888,2080
2024-01-03,UNB,0.22631749110895663,31.0,30.93,30.93,2511
2024-01-03,EBS,3.4615384615384563,2.69,2.6,2.38,1694596
2024-01-03,TALO,3.645116918844575,15.07,14.54,14.64,1515362
2024-01-03,SATL,2.6490066225165587,1.55,1.51,1.6,18281
2024-01-03,ZCARW,inf,0.045,0.0,0.0,2395
2024-01-03,VHC,-6.193353474320244,6.21,6.62,6.39,13911
2024-01-03,LINC,-3.048780487804885,9.54,9.84,9.37,104464
2024-01-03,CABA,-0.27075812274367655,22.1,22.16,22.29,632291
2024-01-03,CASH,-0.8718726307808962,52.3,52.76,50.58,192213
2024-01-03,AMBC,-0.18633540372671512,16.07,16.1,16.08,540533
2024-01-03,ARR,0.15873015873016477,18.93,18.9,18.69,1428534
2024-01-03,TOON,-2.284916611564169,1.33,1.3611,1.39,77667
2024-01-03,PWP,0.9966777408637957,12.16,12.04,11.82,260160
2024-01-03,SDOT,9.146341463414643,0.4475,0.41,0.4045,791210
2024-01-03,ABL,-0.09606147934677989,10.4,10.41,10.45,41794
2024-01-03,ISTR,-0.5369127516778528,14.82,14.9,14.84,23925
2024-01-03,RKDA,-3.214285714285709,2.71,2.8,2.9,21747
2024-01-03,BKD,-1.234567901234573,5.6,5.67,5.87,2955037
2024-01-03,NMRA,1.4792899408284024,17.15,16.9,15.7,359526
2024-01-03,GDHG,2.93154761904761,0.6917,0.672,0.66,665574
2024-01-03,INDO,-1.0238907849829437,2.9,2.93,2.92,42693
2024-01-03,PLX,-3.7234042553191404,1.81,1.88,1.7,255887
2024-01-03,VRNT,-4.030418250950579,25.24,26.3,25.91,430570
2024-01-03,VUZI,-1.8099547511312233,2.17,2.21,2.07,620699
2024-01-03,EDIT,0.0,9.98,9.98,9.47,1380842
2024-01-03,CZWI,-2.337662337662349,11.28,11.55,11.54,6096
2024-01-03,CHMI,3.209876543209874,4.18,4.05,3.98,273445
2024-01-03,CREV,12.78260869565218,25.94,23.0,24.74,137343
2024-01-03,GOSS,-1.0154887680787794,0.965,0.9749,0.985,744085
2024-01-03,DXLG,-0.692840646651276,4.3,4.33,4.09,406431
2024-01-03,SFL,0.8771929824561372,11.5,11.4,11.69,874037
2024-01-03,ACEL,0.0,10.34,10.34,10.04,236084
2024-01-03,NNDM,-2.928870292887041,2.32,2.39,2.33,1731344
2024-01-03,EVGN,1.6532721010332916,0.8854,0.871,0.9499,647730
2024-01-03,CLDX,-0.9651076466221072,40.02,40.41,45.1,426659
2024-01-03,FTFT,-1.6410687986534764,1.87,1.9012,1.7607,173575
2024-01-03,DFIN,-0.40816326530612246,61.0,61.25,60.11,155300
2024-01-03,HMN,-0.5622965374371048,33.6,33.79,33.06,167063
2024-01-03,STSS,-9.302325581395344,0.39,0.43,0.39,111436
2024-01-03,SWVL,-0.6211180124223608,1.6,1.61,1.94,208282
2024-01-03,WGSWW,0.0,0.0093,0.0093,0.0,12229
2024-01-03,SBH,1.3544018058690857,13.47,13.29,12.75,2040398
2024-01-03,RMBI,-3.0017152658662063,11.31,11.66,11.45,4770
2024-01-03,FLXS,-100.0,0.0,18.66,19.0,22801
2024-01-03,ASUR,-4.9723756906077465,8.6,9.05,8.77,325499
2024-01-03,PACK,-2.0370370370370425,5.29,5.4,5.17,518024
2024-01-03,PRA,-1.5217391304347887,13.59,13.8,13.4,277907
2024-01-03,CRBP,-2.9032258064516223,6.02,6.2,6.43,11241
2024-01-03,IVR,1.2528473804100366,8.89,8.78,8.56,1506076
2024-01-03,YEXT,-3.372681281618875,5.73,5.93,5.77,776233
2024-01-03,OFIX,-2.3610053313023647,12.82,13.13,12.96,856953
2024-01-03,HBCP,-0.023696682464467097,42.19,42.2,40.72,10159
2024-01-03,GDOT,0.5235602094240727,9.6,9.55,9.1,524524
2024-01-03,AMWL,0.6896551724137937,1.46,1.45,1.26,1373994
2024-01-03,REVBW,0.0,0.0106,0.0106,0.0,3396
2024-01-03,SLRC,0.0,15.0,15.0,15.04,159903
2024-01-03,LFMD,-2.6682134570765506,8.39,8.62,7.97,846483
2024-01-03,CBUS,-0.32679738562090804,18.3,18.36,17.94,58130
2024-01-03,ADD,-5.1351351351351395,0.351,0.37,0.3395,235858
2024-01-03,AMPY,-1.6420361247947397,5.99,6.09,6.14,449398
2024-01-03,FIVN,-1.3156163662675964,75.01,76.01,73.34,864314
2024-01-03,MGRX,1.7186951946685232,0.29,0.2851,0.275,276596
2024-01-03,BVFL,-0.14015416958654223,14.25,14.27,14.01,26412
2024-01-03,BLRX,0.6603834070654597,1.57,1.5597,1.49,284784
2024-01-03,FC,0.5644171779141027,40.98,40.75,40.68,166418
2024-01-03,NWN,-0.756048387096767,39.38,39.68,39.93,169969
2024-01-03,AEMD,-8.296943231441045,2.1,2.29,2.22,11974
2024-01-03,FDUS,0.0,19.62,19.62,19.96,198045
2024-01-03,AMPH,-0.8979206049149343,62.91,63.48,61.0,524736
2024-01-03,AREN,0.0,2.3,2.3,3.12,1416382
2024-01-03,KZIA,0.0,0.45,0.45,0.4499,62199
2024-01-03,EPC,-1.7808958445763725,36.4,37.06,35.75,384686
2024-01-03,CSWC,-1.960784313725492,24.0,24.48,24.43,463724
2024-01-03,SLRX,-1.1976047904191627,0.66,0.668,0.6251,26336
2024-01-03,PROK,0.0,1.71,1.71,1.5,748460
2024-01-03,QUIK,0.5882352941176475,13.68,13.6,13.54,103590
2024-01-03,AMWD,-0.7928749864233624,91.34,92.07,89.15,128131
2024-01-03,ALUR,-0.8498583569405045,3.5,3.53,3.34,32814
2024-01-03,IMMP,-5.833333333333339,2.26,2.4,2.43,52681
2024-01-03,NRDS,-0.3496503496503546,14.25,14.3,13.67,346119
2024-01-03,WW,4.176610978520282,8.73,8.38,7.72,8619547
2024-01-03,PED,-3.7500000000000036,0.77,0.8,0.823,19510
2024-01-03,ADAP,5.479452054794526,0.77,0.73,0.7062,505473
2024-01-03,CION,-1.934916446789788,11.15,11.37,11.11,285192
2024-01-03,AEYE,3.3264033264033293,4.97,4.81,4.68,27648
2024-01-03,OPFI,-0.421940928270052,4.72,4.74,4.44,258128
2024-01-03,IMAB,-3.0042918454935745,2.26,2.33,2.32,1635460
2024-01-03,PFBC,-0.3947726653961232,73.17,73.46,71.09,69839
2024-01-03,APT,1.9230769230769162,5.3,5.2,5.2,81794
2024-01-03,OXM,-0.6598680263947176,99.36,100.02,96.42,181425
2024-01-03,OZKAP,0.0,16.76,16.76,16.68,24513
2024-01-03,CERT,-0.8645533141210496,17.2,17.35,16.36,486829
2024-01-03,NEPH,1.4164305949008575,3.58,3.53,3.62,20755
2024-01-03,SHLS,-4.402515723270447,15.2,15.9,14.91,4143175
2024-01-03,TOI,3.1390134529147913,2.3,2.23,2.17,182526
2024-01-03,CTRM,0.6238679814852066,0.5,0.4969,0.5703,4754309
2024-01-03,USAS,-1.1857707509881432,0.25,0.253,0.245,208444
2024-01-03,GNFT,2.4813895781637627,4.13,4.03,4.04,33020
2024-01-03,ARDX,3.459637561779241,6.28,6.07,6.2201,4727645
2024-01-03,SILC,-0.6518196632265127,18.29,18.41,17.64,25537
2024-01-03,CDIOW,inf,0.1999,0.0,0.0,27378
2024-01-03,ATLX,4.053651266766019,34.91,33.55,32.49,111337
2024-01-03,TPCS,-100.0,0.0,5.2,5.34,3352
2024-01-03,SLVM,-0.28203062046736616,49.5,49.64,48.82,260873
2024-01-03,ICCT,0.8509297195083454,1.28,1.2692,1.27,1113638
2024-01-03,MRVI,0.0,6.76,6.76,6.6,1871418
2024-01-03,BFRI,0.3597122302158357,2.79,2.78,2.78,21073
2024-01-03,VXRT,0.0,0.6,0.6,0.5673,1249202
2024-01-03,HSCS,0.0,0.1681,0.1681,0.1689,2078435
2024-01-03,ZURA,0.0,4.35,4.35,4.205,106566
2024-01-03,INCR,5.691056910569111,1.3,1.23,1.3,23064
2024-01-03,CMPS,0.23640661938533772,8.48,8.46,8.92,494137
2024-01-03,MSBIP,0.0,24.9,24.9,24.9,3410
2024-01-03,CCLD,-7.2222222222222285,1.67,1.8,1.66,60802
2024-01-03,LOVE,8.570300157977876,27.49,25.32,25.27,341141
2024-01-03,ECX,1.4545454545454557,2.79,2.75,2.76,82384
2024-01-03,MAMA,4.781704781704791,5.04,4.81,4.55,701260
2024-01-03,PCB,-0.38738240177089256,18.0,18.07,17.96,26576
2024-01-03,HELE,-1.3602097672894222,120.38,122.04,115.67,230130
2024-01-03,TPB,-0.5753739930955066,25.92,26.07,25.27,107901
2024-01-03,BW,2.040816326530614,1.5,1.47,1.33,1475236
2024-01-03,HPP,-2.4640657084188935,9.5,9.74,9.22,3809986
2024-01-03,IPDN,-100.0,0.0,1.97,1.86,16485
2024-01-03,ECVT,-1.2195121951219432,9.72,9.84,9.55,525203
2024-01-03,XOMA,0.43269230769230704,20.89,20.8,20.84,62019
2024-01-03,HYLN,-3.3707865168539355,0.86,0.89,0.844,902527
2024-01-03,BHB,0.1356852103120731,29.52,29.48,28.66,38997
2024-01-03,HTOO,0.7361487795428178,1.04,1.0324,1.04,91571
2024-01-03,INUV,0.89932002632156,0.46,0.4559,0.4699,627680
2024-01-03,DPRO,-1.7336324699163792,0.4818,0.4903,0.4602,167248
2024-01-03,OEC,-0.559492726594549,26.66,26.81,24.98,532268
2024-01-03,NVFY,0.0,3.53,3.53,3.62,118963
2024-01-03,VOR,0.8403361344537823,2.4,2.38,2.14,108645
2024-01-03,HYMCL,-4.069767441860461,0.033,0.0344,0.0269,47942
2024-01-03,LPCN,4.529616724738672,3.0,2.87,2.84,5403
2024-01-03,DFLI,-4.032786885245895,0.5854,0.61,0.5595,442529
2024-01-03,PD,-1.0036496350365072,21.7,21.92,22.4,2183140
2024-01-03,BAER,-100.0,0.0,6.67,6.83,8104
2024-01-03,UP,0.0,3.86,3.86,4.15,1728593
2024-01-03,PSTL,-0.06939625260235799,14.4,14.41,14.3,110757
2024-01-03,SG,-1.0723860589812264,11.07,11.19,10.7,1319422
2024-01-03,TRNS,-0.16708437761069972,107.55,107.73,104.86,41890
2024-01-03,SKYE,-100.0,0.0,2.72,2.55,1640
2024-01-03,OPINL,-100.0,0.0,13.04,12.94,29687
2024-01-03,UMH,0.0,15.0,15.0,15.13,321658
2024-01-03,NEWT,0.4444444444444481,13.56,13.5,13.35,148437
2024-01-03,DEC,-2.971497877501507,16.0,16.49,15.18,54681
2024-01-03,TTSH,0.41265474552957704,7.3,7.27,6.91,50874
2024-01-03,SMX,-5.032573289902286,0.5831,0.614,0.6,404063
2024-01-03,NXTC,0.0,1.15,1.15,1.11,86389
2024-01-03,REFR,-1.9704433497536855,0.995,1.015,1.08,36633
2024-01-03,TWI,-1.2786002691790006,14.67,14.86,14.59,291567
2024-01-03,POWW,-1.8348623853211024,2.14,2.18,2.05,790082
2024-01-03,TORO,0.0,5.01,5.01,5.55,77380
2024-01-03,BITF,2.054794520547947,2.98,2.92,2.88,23205848
2024-01-03,ERO,-0.12690355329948969,15.74,15.76,16.43,388550
2024-01-03,TBI,-0.5235602094240842,15.2,15.28,14.59,305471
2024-01-03,AURA,-0.3322259136212554,9.0,9.03,8.99,104022
2024-01-03,CURV,-2.253032928942806,5.64,5.77,6.49,262108
2024-01-03,MWG,20.967741935483875,0.27,0.2232,0.2136,53870
2024-01-03,STRA,-0.5530853486606561,91.7,92.21,92.5,105384
2024-01-03,TTEC,-2.0689655172413763,21.3,21.75,20.13,269480
2024-01-03,LGHL,4.0000000000000036,1.3,1.25,1.22,62245
2024-01-03,CSPI,-13.32487309644671,20.49,23.64,20.11,39182
2024-01-03,ENTA,-0.9920634920634885,9.98,10.08,10.5,388757
2024-01-03,BGI,inf,4.4,0.0,4.71,4770
2024-01-03,CMRE,-0.2801120448179378,10.68,10.71,11.34,733263
2024-01-03,LILAK,0.0,7.39,7.39,7.15,747940
2024-01-03,LUNG,1.0236220472441007,12.83,12.7,12.01,263658
2024-01-03,UHG,-2.6047565118912845,8.6,8.83,8.92,64477
2024-01-03,IPW,0.0,0.4701,0.4701,0.4587,8195
2024-01-03,GBR,inf,1.0015,0.0,1.07,13479
2024-01-03,HCSG,-2.0332717190388228,10.6,10.82,10.31,1561179
2024-01-03,RNXT,3.3707865168539355,1.84,1.78,1.75,111577
2024-01-03,ESQ,-0.2589125672176908,50.08,50.21,48.64,17067
2024-01-03,WINT,6.3289280469897085,0.7241,0.681,0.635,579912
2024-01-03,ULCC,-3.8391224862888476,5.26,5.47,4.82,3460073
2024-01-03,MOGO,-4.210526315789466,1.82,1.9,1.8,55014
2024-01-03,CVV,-100.0,0.0,4.74,4.7,6425
2024-01-03,LXFR,0.4499437570303616,8.93,8.89,8.72,209597
2024-01-03,PRPH,-100.0,0.0,4.64,4.83,25048
2024-01-03,HTZWW,-2.550091074681249,5.35,5.49,5.0,200222
2024-01-03,BTOG,2.8205128205128176,4.01,3.9,3.83,25348
2024-01-03,CLPT,-9.308885754583923,6.43,7.09,6.18,127741
2024-01-03,VINP,-0.8419083255378845,10.6,10.69,10.6,20496
2024-01-03,RILYN,-0.2832861189801539,17.6,17.65,17.75,43903
2024-01-03,TOVX,0.20449897750511517,0.441,0.4401,0.432,68193
2024-01-03,EP,1.1527377521613758,10.53,10.41,9.85,42330
2024-01-03,PKE,0.40927694406548765,14.72,14.66,14.13,40251
2024-01-03,MLNK,-0.9490940465918847,22.96,23.18,22.48,163322
2024-01-03,MNOV,-2.380952380952383,1.64,1.68,1.61,71141
2024-01-03,INBKZ,0.0,22.0,22.0,21.8,4177
2024-01-03,AMLX,0.32488628979856354,15.44,15.39,16.1,3006110
2024-01-03,IMKTA,0.19073263772018592,89.3,89.13,87.86,89023
2024-01-03,TH,0.5263157894736916,9.55,9.5,9.58,697356
2024-01-03,KPLT,-1.1857707509881346,10.0,10.12,10.76,21060
2024-01-03,ACR,0.5086469989827133,9.88,9.83,10.24,30986
2024-01-03,FTEL,-6.707317073170725,1.53,1.64,1.41,11778
2024-01-03,HTZ,-0.19550342130986875,10.21,10.23,9.7182,4678548
2024-01-03,AEI,2.7272727272727093,1.13,1.1,1.1,14069
2024-01-03,GBIO,2.6737967914438405,1.92,1.87,1.87,451859
2024-01-03,ALCO,-0.03407155025554195,29.34,29.35,29.66,33893
2024-01-03,CHR,-100.0,0.0,3.1,3.05,8671
2024-01-03,PAVS,-100.0,0.0,2.465,2.53,3108
2024-01-03,VRAX,-8.955223880597023,1.22,1.34,1.27,90355
2024-01-03,SGN,-0.9090909090909097,1.09,1.1,1.0997,897053
2024-01-03,BLND,-0.8032128514056232,2.47,2.49,2.32,1422224
2024-01-03,PLAY,-2.018548827059464,53.88,54.99,51.36,1154645
2024-01-03,BACK,0.0,2.3,2.3,2.22,45275
2024-01-03,BTCS,-2.061855670103095,1.9,1.94,1.92,370497
2024-01-03,NATR,0.28184892897407393,17.79,17.74,17.59,44847
2024-01-03,NVEC,-0.27689873417722566,75.63,75.84,74.03,34491
2024-01-03,MOLN,,0.0,0.0,5.52,39535
2024-01-03,OTLK,-0.47511877969491306,0.398,0.3999,0.4051,2780149
2024-01-03,UFI,-0.1512859304084822,6.6,6.61,6.57,65146
2024-01-03,VVPR,0.0,1.87,1.87,1.75,16970
2024-01-03,INVZ,0.3816793893129689,2.63,2.62,2.43,5559711
2024-01-03,IMCC,0.0,0.36,0.36,0.3402,71176
2024-01-03,OP,-2.4193548387096793,2.42,2.48,2.5,100859
2024-01-03,VREX,-0.04826254826253866,20.71,20.72,20.01,362979
2024-01-03,GLBS,0.7633587786259549,2.64,2.62,2.77,123178
2024-01-03,HCAT,0.8648648648648656,9.33,9.25,9.28,690303
2024-01-03,CVU,-100.0,0.0,2.75,2.6,33671
2024-01-03,RAIN,-1.6528925619834725,1.19,1.21,1.1901,230257
2024-01-03,VTLE,-0.7709251101321617,45.05,45.4,46.46,670522
2024-01-03,SB,-1.7412935323382936,3.95,4.02,4.01,1119012
2024-01-03,FWRD,-1.0810810810810807,62.22,62.9,61.93,403683
2024-01-03,TPET,-2.2187499999999987,0.3129,0.32,0.3,2284214
2024-01-03,FEMY,7.000000000000006,1.07,1.0,0.9755,288855
2024-01-03,ASYS,0.6993006993007052,4.32,4.29,4.19,111109
2024-01-03,BMRA,0.0,1.24,1.24,0.8701,1412804
2024-01-03,AACG,-13.793103448275856,1.0,1.16,1.04,2567
2024-01-03,CET,-0.5041124966834644,37.5,37.69,37.3,57393
2024-01-03,VOXR,-0.9615384615384623,2.06,2.08,2.06,11634
2024-01-03,ONCO,2.419753086419747,0.2074,0.2025,0.1986,138421
2024-01-03,GOCO,-3.1065088757396446,13.1,13.52,12.6,16902
2024-01-03,VERU,-1.1506849315068444,0.7216,0.73,0.6878,944964
2024-01-03,LCFY,-1.0869565217391266,9.1,9.2,0.0,4945
2024-01-03,OCS,-100.0,0.0,10.9,11.0,13630
2024-01-03,UCAR,0.0,0.1749,0.1749,0.1638,14873091
2024-01-03,RVP,0.0,1.09,1.09,1.1,32533
2024-01-03,RELI,4.888555909346321,0.56,0.5339,0.5423,66097
2024-01-03,TOP,1.8970189701896976,3.76,3.69,3.78,91739
2024-01-03,MCI,0.0,17.75,17.75,17.06,75268
2024-01-03,IIIN,-0.8209745762711737,37.45,37.76,36.55,118995
2024-01-03,DIBS,0.0,4.63,4.63,4.69,51606
2024-01-03,MFIC,0.0,13.53,13.53,13.47,162652
2024-01-03,KLG,-0.7363770250368162,13.48,13.58,13.5,1137335
2024-01-03,ABEO,0.0,5.64,5.64,5.72,280885
2024-01-03,FIGS,-3.5661218424962877,6.49,6.73,6.34,3986123
2024-01-03,GAM,-0.6802721088435354,42.34,42.63,42.01,98004
2024-01-03,LOMA,0.571428571428572,7.04,7.0,6.9,206675
2024-01-03,AMBO,3.5714285714285547,0.145,0.14,0.1376,104930
2024-01-03,FONR,-0.3482587064676631,20.03,20.1,19.6,14455
2024-01-03,PNNT,-1.000000000000004,6.93,7.0,6.99,460743
2024-01-03,EBON,-1.6296296296296344,13.28,13.5,13.06,45731
2024-01-03,MYND,-3.225806451612898,5.4,5.58,5.54,20911
2024-01-03,NAVI,-0.9194159004867397,18.32,18.49,17.9,1016453
2024-01-03,PCYO,1.771653543307084,10.34,10.16,10.04,59075
2024-01-03,KRMD,0.8403361344537823,2.4,2.38,2.23,231654
2024-01-03,MLCO,0.7650273224043747,9.22,9.15,9.18,1739662
2024-01-03,PT,0.0,1.06,1.06,1.06,71100
2024-01-03,VGAS,0.8658008658008665,2.33,2.31,2.32,10750
2024-01-03,VLN,-1.6528925619834725,2.38,2.42,2.49,141056
2024-01-03,GOVX,0.0,0.3863,0.3863,0.38,365656
2024-01-03,SHIP,0.13210039630118608,7.58,7.57,7.4,203736
2024-01-03,PFLT,-0.49382716049383124,12.09,12.15,12.22,479397
2024-01-03,REKR,-5.919003115264796,3.02,3.21,3.21,807834
2024-01-03,CZNC,-0.6145741878841113,22.64,22.78,21.95,21736
2024-01-03,GES,-0.95277547638774,23.91,24.14,23.24,804221
2024-01-03,ARCB,-0.008260366760288382,121.05,121.06,117.09,302855
2024-01-03,OXSQ,0.0,2.9,2.9,2.91,377905
2024-01-03,SISI,3.9930555555555616,0.1198,0.1152,0.1158,237394
2024-01-03,DHX,4.032258064516133,2.58,2.48,2.56,133871
2024-01-03,ORC,0.8343265792610284,8.46,8.39,8.25,1109066
2024-01-03,IDR,-2.5157232704402537,6.2,6.36,6.12,14496
2024-01-03,BIVI,2.2222222222222077,1.38,1.35,1.34,434126
2024-01-03,LKFN,-0.5694936124365162,64.6,64.97,62.96,112965
2024-01-03,ATHM,0.6507592190889361,27.84,27.66,27.85,479156
2024-01-03,THCH,1.1627906976744196,1.74,1.72,1.68,66277
2024-01-03,BEEM,-0.8995502248875504,6.61,6.67,6.37,162412
2024-01-03,EQBK,-2.28455754771544,33.79,34.58,33.35,86270
2024-01-03,INDP,-100.0,0.0,1.8,1.77,2901
2024-01-03,MD,-0.31982942430704836,9.35,9.38,9.18,876582
2024-01-03,MEC,-0.14214641080312418,14.05,14.07,12.97,81204
2024-01-03,VIASP,0.4491858506457151,17.89,17.81,16.19,128956
2024-01-03,OMEX,0.8752735229759306,4.61,4.57,4.65,88307
2024-01-03,RVLV,-1.3134328358208887,16.53,16.75,15.75,1364464
2024-01-03,PMT,-1.6000000000000014,14.76,15.0,14.91,540250
2024-01-03,EPM,1.3793103448275874,5.88,5.8,5.86,315483
2024-01-03,ERAS,-3.508771929824545,2.2,2.28,2.1,797908
2024-01-03,NKSH,1.3636363636363722,33.45,33.0,32.65,15389
2024-01-03,GAU,-3.0172413793103474,0.9,0.928,0.91,282312
2024-01-03,ANTE,inf,0.85,0.0,0.85,883
2024-01-03,ECDA,3.8461538461538494,1.08,1.04,1.14,905819
2024-01-03,TIVC,0.0,1.82,1.82,1.771,20908
2024-01-03,BWEN,-2.5454545454545396,2.68,2.75,2.54,150012
2024-01-03,ELBM,-7.760176458792853,0.46,0.4987,0.446,212736
2024-01-03,AMRC,-0.3492063492063474,31.39,31.5,29.9,404166
2024-01-03,PARR,0.6310013717421039,36.68,36.45,35.9,1118849
2024-01-03,LUNR,-4.453441295546572,2.36,2.47,2.28,817417
2024-01-03,NXP,0.13513513513513226,14.82,14.8,14.87,65334
2024-01-03,GNS,1.6034291157326557,0.64,0.6299,0.56,3712899
2024-01-03,ATHA,-3.7800687285223478,2.8,2.91,3.09,798713
2024-01-03,FCEL,0.0,1.55,1.55,1.49,12206076
2024-01-03,CLWT,-100.0,0.0,1.61,1.61,14413
2024-01-03,MBCN,-0.09168704156479565,32.69,32.72,31.06,22146
2024-01-03,ZKH,2.9601029601029656,16.0,15.54,15.5,129646
2024-01-03,CLPS,-1.9047619047619064,1.03,1.05,0.0,38273
2024-01-03,CELUW,17.799999999999997,0.0589,0.05,0.039,60474
2024-01-03,SLNH,0.7125890736342102,4.24,4.21,4.1,189310
2024-01-03,ROOT,-0.9551098376313412,10.37,10.47,10.38,57945
2024-01-03,CREG,-3.7974683544303827,1.52,1.58,1.57,29917
2024-01-03,WKHS,-0.522121461940097,0.362,0.3639,0.36,6812256
2024-01-03,MBIO,0.7407407407407414,1.36,1.35,1.34,30923
2024-01-03,APRE,2.362204724409451,5.2,5.08,5.0,11659
2024-01-03,ATRC,-0.028312570781421322,35.31,35.32,33.7,599268
2024-01-03,XWEL,0.0,1.65,1.65,1.73,8086
2024-01-03,PRTA,3.769520732364024,38.54,37.14,38.5,758077
2024-01-03,BBSI,-0.26086956521738885,114.7,115.0,111.59,30174
2024-01-03,RDHL,1.3698630136986314,1.48,1.46,1.5,882626
2024-01-03,OZ,inf,72.675,0.0,0.0,5852
2024-01-03,ANGO,1.3431013431013579,8.3,8.19,7.73,641409
2024-01-03,BVS,0.19120458891012976,5.24,5.23,5.22,120671
2024-01-03,BAND,0.06954102920723078,14.39,14.38,13.64,293619
2024-01-03,CTMX,-2.9069767441860495,1.67,1.72,1.5903,508860
2024-01-03,AROW,-0.35385704175513594,28.16,28.26,27.42,64950
2024-01-03,BASE,-2.8896257697773544,20.5,21.11,20.49,371543
2024-01-03,CNEY,1.6666666666666683,0.061,0.06,0.0627,2516561
2024-01-03,AMTD,2.7027027027026933,1.9,1.85,1.85,25422
2024-01-03,PLAB,-1.2820512820512775,30.8,31.2,29.62,796350
2024-01-03,KOD,-0.931677018633548,3.19,3.22,3.01,298412
2024-01-03,PTPI,7.6923076923077,1.54,1.43,1.39,41251
2024-01-03,OFLX,-0.5198089350941338,70.81,71.18,69.14,11461
2024-01-03,CRMD,-1.0554089709762544,3.75,3.79,3.55,361931
2024-01-03,PYXS,-0.47619047619048716,2.09,2.1,2.15,132699
2024-01-03,ASRV,1.8518518518518396,3.3,3.24,3.27,5083
2024-01-03,FNWB,-0.24999999999999467,15.96,16.0,16.09,3854
2024-01-03,RVPH,1.8867924528301987,5.4,5.3,5.25,233567
2024-01-03,SPRU,-1.4893617021276655,4.63,4.7,4.75,30828
2024-01-03,TCMD,-0.9831460674157343,14.1,14.24,14.29,441190
2024-01-03,DSX,-1.0067114093959666,2.95,2.98,3.06,1304386
2024-01-03,GCBC,0.0,26.73,26.73,26.93,16309
2024-01-03,EVLV,4.811715481171539,5.01,4.78,4.44,1090773
2024-01-03,WRAP,-2.508960573476697,2.72,2.79,2.85,458741
2024-01-03,VSTS,-1.0710808179162554,20.32,20.54,20.41,1023157
2024-01-03,OTLY,0.0,1.23,1.23,1.17,1737534
2024-01-03,ATEX,-0.74360499702558,33.37,33.62,33.09,95541
2024-01-03,OPK,0.6493506493506499,1.55,1.54,1.27,3383166
2024-01-03,FIP,1.0582010582010593,3.82,3.78,3.58,575645
2024-01-03,GRVY,1.1168125565952232,67.0,66.26,67.31,22051
2024-01-03,CING,-2.698863636363642,6.85,7.04,8.03,902551
2024-01-03,QNRX,-100.0,0.0,4.87,4.81,59819
2024-01-03,AZTR,-1.8018018018018032,1.09,1.11,1.38,17926
2024-01-03,LND,2.597402597402608,5.53,5.39,5.14,40189
2024-01-03,DEA,-0.7976794778825194,13.68,13.79,13.41,954588
2024-01-03,AORT,-1.9146608315098543,17.93,18.28,17.67,200492
2024-01-03,BYND,-0.36496350364964886,8.19,8.22,8.27,1591316
2024-01-03,JRSH,0.0,3.15,3.15,3.19,3891
2024-01-03,PINE,4.014167650531284,17.62,16.94,16.66,57419
2024-01-03,LIND,2.032913843175209,10.54,10.33,10.72,453954
2024-01-03,BZUN,0.3773584905660465,2.66,2.65,2.64,736664
2024-01-03,DAO,3.7735849056603805,3.85,3.71,3.92,175857
2024-01-03,KIDS,-1.1814601635867938,32.62,33.01,30.71,163044
2024-01-03,PRFX,-16.38795986622074,2.5,2.99,2.4,123516
2024-01-03,RNAZ,-5.975609756097563,0.1542,0.164,0.1553,844265
2024-01-03,FWRG,-0.40424456796360936,19.71,19.79,19.21,539922
2024-01-03,WHF,-0.4016064257028027,12.4,12.45,12.22,58440
2024-01-03,MNY,-5.882352941176463,1.6,1.7,1.49,54153
2024-01-03,WWR,0.1864406779661,0.5911,0.59,0.5915,326883
2024-01-03,KALA,-100.0,0.0,6.82,6.82,19828
2024-01-03,CTM,-3.0000000000000027,0.291,0.3,0.2819,54956
2024-01-03,ELVN,-0.13422818791946023,14.88,14.9,15.13,80113
2024-01-03,RDCM,-0.99626400996263,7.95,8.03,8.03,5697
2024-01-03,ESOA,0.8818342151675453,5.72,5.67,5.85,80825
2024-01-03,ARHS,-4.918032786885243,11.6,12.2,11.3,1159522
2024-01-03,CGEM,0.09442870632672132,10.6,10.59,10.41,158943
2024-01-03,BCSF,-0.06609385327165607,15.12,15.13,15.03,293125
2024-01-03,OPY,-0.895666908738815,40.94,41.31,40.66,57308
2024-01-03,VSTM,2.4096385542168584,8.5,8.3,8.6,60990
2024-01-03,TLRY,-0.896860986547086,2.21,2.23,2.3,36108714
2024-01-03,UXIN,-1.2517385257301819,0.71,0.719,0.716,246873
2024-01-03,PBPB,3.0364372469635517,10.18,9.88,10.16,235940
2024-01-03,SAZ,-0.3913894324853284,25.45,25.55,25.48,8825
2024-01-03,ARBE,2.6200873362445436,2.35,2.29,2.2,80352
2024-01-03,VRAR,-3.361344537815129,1.15,1.19,1.15,17435
2024-01-03,LUCY,-4.23494360502234,0.45,0.4699,0.4548,74136
2024-01-03,MASS,-8.952620967741932,9.0319,9.92,9.18,423405
2024-01-03,SRI,-1.0994764397905803,18.89,19.1,18.13,130461
2024-01-03,CNTY,-2.7777777777777715,4.9,5.04,4.76,84858
2024-01-03,RVPHW,-100.0,0.0,1.56,1.37,23013
2024-01-03,JYD,0.8771929824561412,1.15,1.14,1.16,85529
2024-01-03,PDS,0.11428571428571861,52.56,52.5,52.93,71682
2024-01-03,WLDN,-3.561387066541713,20.58,21.34,19.93,29602
2024-01-03,TZOO,-0.9513742071881779,9.37,9.46,9.22,67895
2024-01-03,KODK,-0.26041666666666113,3.83,3.84,3.63,825865
2024-01-03,GHM,0.46704722366372525,19.36,19.27,18.86,32442
2024-01-03,RM,-0.4905660377358453,26.37,26.5,24.92,20822
2024-01-03,IZM,1.3605442176870806,10.43,10.29,10.48,377981
2024-01-03,PPSI,-0.7874015748031469,6.3,6.35,5.9,119195
2024-01-03,PRG,-1.279590531030077,30.86,31.26,30.22,371246
2024-01-03,CNFR,2.9850746268656576,1.38,1.34,1.31,21654
2024-01-03,BRTX,-100.0,0.0,1.74,1.73,10983
2024-01-03,MLP,0.9129640900791149,16.58,16.43,16.43,39390
2024-01-03,VYNE,0.0,2.28,2.28,2.24,43520
2024-01-03,CNNE,-0.8607594936708948,19.58,19.75,19.49,748073
2024-01-03,TWO,1.421464108031267,14.27,14.07,14.25,1718248
2024-01-03,QH,-3.973509933774838,1.45,1.51,1.47,16390
2024-01-03,STEM,1.871657754010691,3.81,3.74,3.5,3942288
2024-01-03,WBX,0.5988023952095813,1.68,1.67,1.64,586831
2024-01-03,MCHX,-100.0,0.0,1.31,1.33,37585
2024-01-03,SNES,1.9108280254777086,1.6,1.57,1.4387,2237596
2024-01-03,EMP,-0.2271694684234471,21.96,22.01,22.04,17110
2024-01-03,CURI,-3.022847100175746,0.5518,0.569,0.5695,50050
2024-01-03,UAN,0.24901127874615747,68.44,68.27,70.96,40126
2024-01-03,VBNK,-100.0,0.0,11.69,11.19,26852
2024-01-03,AVNW,-0.27846534653466404,32.23,32.32,30.88,110828
2024-01-03,EBMT,0.621118012422347,16.2,16.1,15.85,38299
2024-01-03,MTAL,-0.1700680272108807,11.74,11.76,11.35,3883
2024-01-03,CRGO,-6.911764705882349,3.165,3.4,3.5,10664
2024-01-03,PX,0.9365244536940672,9.7,9.61,9.47,427972
2024-01-03,AUID,1.6872890888638759,9.04,8.89,9.57,6053
2024-01-03,QIPT,0.5714285714285762,5.28,5.25,5.05,140397
2024-01-03,IART,0.0,43.25,43.25,40.8,734238
2024-01-03,IDN,-3.3707865168539355,1.72,1.78,1.68,101192
2024-01-03,BJRI,-1.1621315192743868,34.87,35.28,32.51,834999
2024-01-03,GAMB,-0.10559662090812867,9.46,9.47,9.32,106483
2024-01-03,INTZ,-5.064247921390788,0.2512,0.2646,0.2424,330207
2024-01-03,TATT,-5.46946216955334,10.37,10.97,10.42,7885
2024-01-03,AMC,0.8130081300812979,6.2,6.15,5.5801,29667210
2024-01-03,PKST,-3.1487513572204224,17.84,18.42,17.91,162012
2024-01-03,STXS,-2.6737967914438525,1.82,1.87,1.87,226150
2024-01-03,INMD,-0.1348314606741624,22.22,22.25,21.24,2061547
2024-01-03,PXS,-0.24038461538461023,4.15,4.16,4.25,102209
2024-01-03,STBA,-0.9117647058823597,33.69,34.0,32.24,529590
2024-01-03,LE,-0.31847133757961105,9.39,9.42,9.08,124522
2024-01-03,KITT,-4.822335025380708,0.6,0.6304,0.5088,795143
2024-01-03,MMI,-1.332709843348142,42.2,42.77,41.31,143758
2024-01-03,ECOR,-100.0,0.0,5.97,6.17,15367
2024-01-03,XPON,-5.303030303030307,5.0,5.28,4.9,55504
2024-01-03,ISSC,-1.1834319526627177,8.35,8.45,7.03,7982
2024-01-03,LESL,0.3021148036253712,6.64,6.62,6.67,3156703
2024-01-03,OSUR,-2.1739130434782576,8.1,8.28,8.02,655287
2024-01-03,SWIM,0.0,2.47,2.47,2.45,322973
2024-01-03,ASPI,0.0,1.74,1.74,1.656,122848
2024-01-03,RSSS,-100.0,0.0,2.58,2.75,40420
2024-01-03,RENT,1.1560693641618507,0.525,0.519,0.48,723939
2024-01-03,INFU,-0.09813542688910488,10.18,10.19,9.87,41363
2024-01-03,METC,-0.010775923184697493,17.63,17.6319,18.95,1636629
2024-01-03,QD,0.0,1.99,1.99,2.15,724961
2024-01-03,OIS,0.0,6.71,6.71,6.8,529048
2024-01-03,OCEA,0.0,0.616,0.616,0.6537,273780
2024-01-03,MTRX,0.10416666666666445,9.61,9.6,9.92,187057
2024-01-03,CPIX,-2.702702702702705,1.8,1.85,2.05,22951
2024-01-03,MGPI,-0.16308225461216652,97.95,98.11,96.52,130888
2024-01-03,ADSE,0.14104372355429884,7.1,7.09,7.0,35192
2024-01-03,RBB,-0.8359456635318712,18.98,19.14,18.39,35974
2024-01-03,WOW,-0.25062656641604586,3.98,3.99,3.91,574000
2024-01-03,AIM,-1.165210153974209,0.475,0.4806,0.4829,70864
2024-01-03,PETS,-3.1007751937984525,7.5,7.74,7.49,449449
2024-01-03,NLOP,0.0,18.16,18.16,17.26,105886
2024-01-03,OM,-4.8109965635738865,5.54,5.82,5.77,2486497
2024-01-03,FPAY,-0.5882352941176475,1.69,1.7,1.69,91494
2024-01-03,OPAL,-1.8691588785046664,5.25,5.35,5.44,49851
2024-01-03,PRPL,-1.754385964912288,0.98,0.9975,0.8878,865003
2024-01-03,CMTG,-0.29069767441859845,13.72,13.76,13.42,186665
2024-01-03,BOSC,0.3787878787878707,2.65,2.64,2.7,6725
2024-01-03,CYN,1.327742837176789,0.145,0.1431,0.1321,1680713
2024-01-03,FMBH,-0.694846554719172,34.3,34.54,34.28,59210
2024-01-03,BYON,-0.15088645794041003,26.47,26.51,25.76,950853
2024-01-03,CRWS,0.1650099403578391,5.0383,5.03,4.9,11227
2024-01-03,BTCT,3.3096926713947914,4.37,4.23,4.0,13005
2024-01-03,UFPT,-0.21103406692794352,165.5,165.85,158.38,64288
2024-01-03,LTRN,-1.1494252873563178,4.3,4.35,4.24,44676
2024-01-03,NTIC,-0.7751937984496112,11.52,11.61,11.87,10013
2024-01-03,EYE,-1.1764705882352942,21.0,21.25,20.29,1530324
2024-01-03,PWM,9.75609756097562,2.25,2.05,2.2,28186
2024-01-03,GHLD,-0.28409090909091567,14.04,14.08,13.41,9251
2024-01-03,LTC,-0.3397158739962922,32.27,32.38,32.2,327311
2024-01-03,VRM,-1.6393442622950833,0.6,0.61,0.5825,2429806
2024-01-03,SID,-6.091370558375629,3.7,3.94,3.94,2355799
2024-01-03,MCS,-0.27529249827941604,14.49,14.53,14.5,289614
2024-01-03,SKIL,0.17720023626698841,16.96,16.93,16.14,16611
2024-01-03,PUBM,1.2414649286157622,16.31,16.11,15.35,366969
2024-01-03,RPID,-0.8633879781420785,0.9071,0.915,0.9,21826
2024-01-03,AVTX,-4.444444444444448,8.6,9.0,7.91,145276
2024-01-03,FBRX,1.4319809069212424,0.85,0.838,0.82,30853
2024-01-03,GDRX,1.3986013986014,5.8,5.72,5.4,2237656
2024-01-03,ILAG,0.0,0.75,0.75,0.72,11054
2024-01-03,CMPR,-1.447418982964001,76.94,78.07,74.28,109869
2024-01-03,MXL,-1.0430247718383399,22.77,23.01,21.04,1017640
2024-01-03,SNGX,1.2345679012345552,0.82,0.81,0.9189,2707372
2024-01-03,RCUS,-1.2768130745658837,19.33,19.58,20.0,684252
2024-01-03,FIHL,-1.459854014598538,12.15,12.33,12.81,484859
2024-01-03,ALDX,-0.847457627118651,3.51,3.54,3.37,755943
2024-01-03,RERE,2.2988505747126458,1.78,1.74,1.72,142329
2024-01-03,BSRR,2.50880281690141,23.29,22.72,22.01,21939
2024-01-03,AREB,-4.1509433962264115,0.3048,0.318,0.2933,283472
2024-01-03,THAR,2.5589764094362324,0.513,0.5002,0.53,1778827
2024-01-03,GANX,0.0,3.73,3.73,3.5,216613
2024-01-03,VRDN,-4.966442953020148,21.24,22.35,22.58,515756
2024-01-03,STGW,-4.586466165413543,6.345,6.65,6.24,478781
2024-01-03,HUBCW,inf,0.013663,0.0,0.0152,25946
2024-01-03,FSCO,-0.1745200698080397,5.72,5.73,5.64,590596
2024-01-03,VTS,-0.7727272727272805,21.83,22.0,22.26,273964
2024-01-03,FF,-3.1198686371100086,5.9,6.09,6.1,348741
2024-01-03,EDSA,-4.48979591836736,4.68,4.9,5.0,26273
2024-01-03,BELFA,3.9685039370078674,66.02,63.5,61.7,5681
2024-01-03,MVST,-1.4084507042253533,1.4,1.42,1.35,2374910
2024-01-03,ALTO,-0.3759398496240688,2.65,2.66,2.72,571053
2024-01-03,CETX,-2.6915113871635588,4.7,4.83,4.77,8088
2024-01-03,PFX,-100.0,0.0,41.5,0.0,7415
2024-01-03,CWBC,-1.3832853025936713,17.11,17.35,17.15,22520
2024-01-03,RDW,-1.0033893754824,2.95,2.9799,2.93,266361
2024-01-03,NWGL,-100.0,0.0,8.8,9.5,6988
2024-01-03,SMRT,0.327868852459024,3.06,3.05,3.02,1045454
2024-01-03,IONR,-4.895104895104894,4.08,4.29,4.05,11856
2024-01-03,KALV,-5.88235294117647,12.0,12.75,12.8,305066
2024-01-03,ABTS,-4.252480613691315,1.1483,1.1993,1.2006,52797
2024-01-03,EFOI,-5.228758169934645,1.45,1.53,1.54,2628
2024-01-03,MNPR,0.2638522427440636,0.38,0.379,0.392,55705
2024-01-03,FGI,0.0,1.7,1.7,1.69,10184
2024-01-03,FISI,-2.3234624145785787,21.44,21.95,21.0,62206
2024-01-03,OMH,2.0000000000000018,1.53,1.5,1.48,13573
2024-01-03,RANI,3.058103975535171,3.37,3.27,3.17,87417
2024-01-03,SPRB,1.3888888888888902,2.92,2.88,2.71,86269
2024-01-03,MRC,-1.4782608695652166,11.33,11.5,11.04,885641
2024-01-03,HAIN,0.0,11.32,11.32,10.71,987478
2024-01-03,HLIO,-0.38048343777977106,44.51,44.68,42.67,304889
2024-01-03,SXC,-0.18587360594795144,10.74,10.76,10.8,728264
2024-01-03,UPLD,0.0,4.23,4.23,4.1,215356
2024-01-03,AP,-1.413427561837457,2.79,2.83,2.76,22379
2024-01-03,AQST,-1.0791366906474742,1.98,2.0016,2.07,468492
2024-01-03,FLGC,-1.627906976744196,1.269,1.29,1.28,97536
2024-01-03,SPIR,2.635046113306985,7.79,7.59,7.27,117351
2024-01-03,MBIN,-0.4805382027871114,41.42,41.62,40.27,124729
2024-01-03,ONL,2.7027027027027093,5.7,5.55,5.93,625638
2024-01-03,ATRO,1.0446894950667422,17.41,17.23,16.45,156160
2024-01-03,REAX,1.8633540372670687,1.64,1.61,1.68,189964
2024-01-03,CRDL,3.5794981567368316,0.871,0.8409,0.8801,99576
2024-01-03,ISPC,3.4279184917158667,0.5431,0.5251,0.55,28371
2024-01-03,SAVA,-0.4488330341113169,22.18,22.28,23.69,1207647
2024-01-03,AVXL,1.9834710743801671,6.17,6.05,6.55,3362978
2024-01-03,STHO,-0.5372733378106116,14.81,14.89,14.26,53565
2024-01-03,YCBD,3.3035903972806473,0.9725,0.9414,0.9794,382577
2024-01-03,MDIA,-7.671577434423277,0.5139,0.5566,0.582,362784
2024-01-03,GLUE,-3.0664395229982917,5.69,5.87,5.72,123604
2024-01-03,PGEN,0.714285714285715,1.41,1.4,1.32,987586
2024-01-03,VPG,-0.7270524083610872,32.77,33.01,33.99,82618
2024-01-03,PESI,-100.0,0.0,7.78,7.55,5030
2024-01-03,DQ,-1.6406250000000067,25.18,25.6,24.08,768247
2024-01-03,MODD,4.739336492891,2.21,2.11,2.17,142204
2024-01-03,VATE,0.0,1.15,1.15,1.1,145761
2024-01-03,OMCL,-0.78612089997289,36.6,36.89,35.1,607073
2024-01-03,KULR,-5.170630816959659,0.1834,0.1934,0.1749,1893352
2024-01-03,AKA,0.0,7.72,7.72,8.2,7816
2024-01-03,DARE,-0.3333333333333302,0.3289,0.33,0.3279,150145
2024-01-03,HLMN,-1.211453744493386,8.97,9.08,8.67,1228119
2024-01-03,ACNT,-0.5102040816326603,9.75,9.8,10.08,31616
2024-01-03,CODI,0.17889087656529135,22.4,22.36,22.16,187443
2024-01-03,RWT,-4.479578392621869,7.25,7.59,7.06,909486
2024-01-03,XNCR,0.0,22.51,22.51,21.85,780684
2024-01-03,STG,-0.42328042328041426,9.41,9.45,9.475,8471
2024-01-03,BQ,-2.1739130434782625,0.45,0.46,0.4589,113490
2024-01-03,GLSI,0.7490636704119857,10.76,10.68,10.29,20802
2024-01-03,ATNM,-2.0072992700729984,5.37,5.48,5.16,184878
2024-01-03,CGNT,-2.992125984251961,6.16,6.35,6.15,185704
2024-01-03,SIGA,-0.17421602787456072,5.73,5.74,5.5417,336054
2024-01-03,DAKT,-0.468384074941442,8.5,8.54,8.52,667186
2024-01-03,FBRT,0.0,13.56,13.56,13.26,240838
2024-01-03,EHTH,4.679802955665035,8.5,8.12,8.1,278254
2024-01-03,CDZI,0.0,2.98,2.98,2.84,211351
2024-01-03,NVGS,0.0,15.23,15.23,15.57,290513
2024-01-03,MBWM,-1.1674118231495252,39.79,40.26,39.13,41766
2024-01-03,SMP,-2.369200394866734,39.56,40.52,39.37,120555
2024-01-03,OLPX,-5.44747081712061,2.43,2.57,2.13,4781302
2024-01-03,CYCC,-1.8450184501844953,2.66,2.71,2.46,79856
2024-01-03,SPOK,0.19455252918287524,15.45,15.42,15.17,131329
2024-01-03,CNTB,-5.55555555555556,1.19,1.26,1.19,103968
2024-01-03,RNGR,0.09451795841209629,10.59,10.58,10.62,167653
2024-01-03,CIVB,-0.4352557127312203,18.3,18.38,17.86,28079
2024-01-03,COCH,3.4682080924855523,1.79,1.73,1.69,21293
2024-01-03,AVDL,0.0,14.28,14.28,14.2,968087
2024-01-03,KNOP,-3.770491803278681,5.87,6.1,6.3297,157470
2024-01-03,FEAM,0.0,1.62,1.62,1.53,442758
2024-01-03,JCSE,inf,0.8311,0.0,0.7742,745
2024-01-03,JBGS,-4.022662889518398,16.94,17.65,16.62,976696
2024-01-03,HOLO,2.298206278026902,0.365,0.3568,0.3215,834365
2024-01-03,JFBR,4.3137254901960915,2.66,2.55,4.25,787620
2024-01-03,VIRC,2.841918294849026,11.58,11.26,12.37,400765
2024-01-03,MNMD,-2.9972752043596698,3.56,3.67,3.55,337188
2024-01-03,DCOM,-0.9242144177449167,26.8,27.05,25.8,170869
2024-01-03,TRC,-0.5797101449275445,17.15,17.25,16.86,50820
2024-01-03,MSAI,-1.9672131147540857,2.99,3.05,3.0,60880
2024-01-03,SHIM,,0.0,0.0,6.65,10518
2024-01-03,NRIX,0.0,10.22,10.22,9.59,1382210
2024-01-03,CLPR,-0.18656716417911706,5.35,5.36,5.31,57517
2024-01-03,MYO,-4.008016032064131,4.79,4.99,4.15,1228993
2024-01-03,TV,2.4169184290030232,3.39,3.31,3.4,1588857
2024-01-03,FSP,-6.015037593984967,2.5,2.66,2.55,377548
2024-01-03,ASTE,-0.7256488975718617,35.57,35.83,35.11,165501
2024-01-03,ARL,0.22535211267605154,17.79,17.75,18.12,10761
2024-01-03,BBAI,0.49999999999998934,2.01,2.0,1.9,2730460
2024-01-03,DRMA,18.2033096926714,0.7,0.5922,0.631,132245
2024-01-03,AQB,-1.8518518518518614,2.65,2.7,2.51,86287
2024-01-03,AIRS,0.4172461752433847,7.22,7.19,7.07,64129
2024-01-03,INMB,2.7027027027027093,11.4,11.1,11.15,49470
2024-01-03,ODP,4.765506807866861,55.4,52.88,54.0,228072
2024-01-03,EHAB,-3.0067895247332737,10.0,10.31,9.73,597531
2024-01-03,BFRGW,14.5713988126237,1.1,0.9601,0.0,8448
2024-01-03,CBAT,0.9615384615384623,1.05,1.04,1.04,116707
2024-01-03,OCGN,0.8557457212714012,0.66,0.6544,0.639,13525273
2024-01-03,XCUR,0.017355085039914783,0.5763,0.5762,0.606,41525
2024-01-03,ITRN,-0.4057543341940223,27.0,27.11,26.66,36994
2024-01-03,OBLG,2.01511335012595,0.162,0.1588,0.147,1017419
2024-01-03,LAW,-0.1367989056087522,7.3,7.31,7.04,167544
2024-01-03,UVV,0.0,67.18,67.18,65.27,214700
2024-01-03,PRQR,1.4820396885204763,2.02,1.9905,2.04,114859
2024-01-03,DYN,-0.5930318754633066,13.41,13.49,13.93,20936866
2024-01-03,PRLD,0.4914004914004809,4.09,4.07,3.78,78892
2024-01-03,CHSN,-1.6528925619834725,1.19,1.21,1.2,52257
2024-01-03,WAFDP,-0.033322225924696976,15.0,15.005,15.13,18898
2024-01-03,BCLI,-2.7440083362278442,0.28,0.2879,0.265,708678
2024-01-03,CAMP,4.997968305566845,0.2584,0.2461,0.2627,250337
2024-01-03,CIO,3.968253968253968,6.55,6.3,5.91,369324
2024-01-03,CYD,0.0,8.24,8.24,8.26,7860
2024-01-03,BCYC,-2.331887201735356,18.01,18.44,17.34,657969
2024-01-03,FLWS,0.0,10.38,10.38,10.04,413794
2024-01-03,ICG,4.16666666666666,13.5,12.96,12.0,5595
2024-01-03,FLNC,0.9302325581395451,23.87,23.65,22.23,2471125
2024-01-03,ABAT,-1.9955654101995532,4.42,4.51,4.43,253631
2024-01-03,MGIH,12.903225806451607,1.4,1.24,1.22,20780
2024-01-03,ABUS,-0.7633587786259549,2.6,2.62,2.46,886853
2024-01-03,PZG,-4.6505585866458885,0.367,0.3849,0.3745,74746
2024-01-03,MPU,0.0,1.44,1.44,1.82,163267
2024-01-03,CYRX,-0.3952569169960507,15.12,15.18,15.74,810654
2024-01-03,CHGG,0.08944543828264567,11.19,11.18,11.07,3225659
2024-01-03,DOGZ,5.534105534105531,8.2,7.77,8.31,240904
2024-01-03,RBCAA,-0.38202655994178797,54.76,54.97,53.21,18481
2024-01-03,SST,0.0,2.22,2.22,1.84,261579
2024-01-03,CNDT,0.0,3.69,3.69,3.56,830486
2024-01-03,CASI,4.093567251461992,7.12,6.84,6.9,25972
2024-01-03,CRVO,0.0,8.0,8.0,9.32,19025
2024-01-03,NTB,0.9363295880149947,32.34,32.04,31.18,219340
2024-01-03,LFCR,-2.8213166144200583,6.2,6.38,6.35,85708
2024-01-03,BDSX,2.85714285714286,1.8,1.75,1.84,52109
2024-01-03,EZGO,0.0,0.1113,0.1113,0.107,1282635
2024-01-03,GHG,-100.0,0.0,3.62,3.64,2571
2024-01-03,CCB,-0.34262220191868104,43.63,43.78,42.8,40023
2024-01-03,HITI,-0.5617977528089892,1.77,1.78,1.72,356378
2024-01-03,BTMWW,3.66666666666667,0.1555,0.15,0.15,30413
2024-01-03,CRAI,0.6759483454398726,99.79,99.12,99.7,38890
2024-01-03,TALKW,13.728129205921938,0.169,0.1486,0.1749,10601
2024-01-03,UNTY,-0.31152647975077835,28.8,28.89,28.43,9684
2024-01-03,UONEK,0.049586776859510906,3.6318,3.63,3.72,29931
2024-01-03,GILT,1.1437908496732072,6.19,6.12,5.93,164447
2024-01-03,NNOX,-2.108433734939754,6.5,6.64,6.13,647642
2024-01-03,SLE,-0.30395136778116205,1.64,1.645,1.57,21605
2024-01-03,MHH,-100.0,0.0,8.13,8.4,11204
2024-01-03,TIGR,0.0024155172830205305,4.14,4.1399,4.23,955170
2024-01-03,SAFT,0.12997140629062715,77.04,76.94,75.94,62909
2024-01-03,MRKR,0.0,5.46,5.46,5.21,36589
2024-01-03,GOODO,0.10136847440445805,19.75,19.73,19.68,3237
2024-01-03,NEXA,-100.0,0.0,6.9,6.95,39673
2024-01-03,SWBI,0.5212211466865249,13.5,13.43,13.3,328892
2024-01-03,EQ,-1.6211146838156485,0.7343,0.7464,0.7598,202362
2024-01-03,CXM,-0.5084745762711906,11.74,11.8,11.68,2322418
2024-01-03,JTAI,1.4267360876326929,1.5,1.4789,1.44,105401
2024-01-03,ALT,-1.811248808388937,10.3,10.49,9.89,10149003
2024-01-03,ATNI,-2.4632993281910798,39.2,40.19,38.65,58188
2024-01-03,CIA,-0.3676470588235379,2.71,2.72,2.8,35305
2024-01-03,WERN,-0.3820439350525398,41.72,41.88,41.0,465952
2024-01-03,LASR,-0.9090909090909032,13.08,13.2,12.79,435230
2024-01-03,DNTH,-0.5240174672488972,11.39,11.45,12.96,53977
2024-01-03,CMMB,3.8261872716785286,0.54,0.5201,0.53,159482
2024-01-03,LEGH,-1.0101010101010102,24.5,24.75,23.87,66059
2024-01-03,MITQ,-1.0638297872340319,0.93,0.94,0.93,16932
2024-01-03,SITC,-1.1713030746705722,13.5,13.66,13.76,1938271
2024-01-03,GNLN,0.0,0.5094,0.5094,0.5,37926
2024-01-03,PLCE,-0.08841732979663824,22.6,22.62,21.2,552212
2024-01-03,PAYS,-5.22388059701493,2.54,2.68,2.63,92861
2024-01-03,DMRC,-1.0454930771404278,35.02,35.39,34.68,83324
2024-01-03,RVSN,42.74809160305344,1.87,1.31,1.08,474415
2024-01-03,PACB,-2.196652719665281,9.35,9.56,9.21,7631259
2024-01-03,TDOC,0.1351960342496511,22.22,22.19,21.26,5921981
2024-01-03,INHD,0.0,1.44,1.44,1.44,281975
2024-01-03,DSS,0.2147458840372387,0.14,0.1397,0.1186,843910
2024-01-03,PXLW,3.0534351145038197,1.35,1.31,1.27,150154
2024-01-03,RYAM,0.0,4.2,4.2,4.28,1018023
2024-01-03,CTSO,0.9523809523809532,1.06,1.05,0.9998,498675
2024-01-03,HAFC,0.20661157024792948,19.4,19.36,18.71,222118
2024-01-03,GTN,-2.5695931477516085,9.1,9.34,8.85,819519
2024-01-03,KRKR,-8.495634654130285,0.545,0.5956,0.5605,13260
2024-01-03,TNXP,0.1430956355831122,0.4199,0.4193,0.3949,2521622
2024-01-03,HOTH,-3.448275862068969,1.4,1.45,1.4,78648
2024-01-03,HHS,-100.0,0.0,6.99,7.02,4163
2024-01-03,ULBI,0.30165912518854393,6.65,6.63,6.52,75536
2024-01-03,BFST,-0.6119951040391763,24.36,24.51,23.72,66662
2024-01-03,ZH,-1.1779086565173968,0.8893,0.8999,0.8888,1912549
2024-01-03,MNSB,-1.812323801852595,24.38,24.83,23.16,22654
2024-01-03,MNKD,-0.7499999999999951,3.97,4.0,3.67,3811524
2024-01-03,EFC,-0.7131537242472256,12.53,12.62,12.26,1521685
2024-01-03,GDEV,-100.0,0.0,2.21,2.23,1795
2024-01-03,DTSS,0.10604453870625967,0.1888,0.1886,0.1816,200367
2024-01-03,DCO,-0.2104860313815527,52.15,52.26,51.23,86847
2024-01-03,NBR,-1.0635666584219632,80.0,80.86,84.83,485588
2024-01-03,GNL,-0.8982035928143698,9.93,10.02,9.75,1343206
2024-01-03,PBYI,1.5452538631346444,4.6,4.53,4.4095,590718
2024-01-03,ANY,-5.882352941176463,3.2,3.4,3.0,2841483
2024-01-03,MYE,-0.15282730514517365,19.6,19.63,19.17,169132
2024-01-03,THR,-0.5242059821153305,32.26,32.43,31.46,248192
2024-01-03,GREE,-2.3391812865497097,6.68,6.84,6.24,835248
2024-01-03,ADPT,1.8996100138382235,4.86,4.7694,4.75,1873336
2024-01-03,UPBD,-0.5865102639296271,33.9,34.1,32.65,511092
2024-01-03,BTE,0.0,3.29,3.29,3.41,9475438
2024-01-03,AMTB,-0.44229995979091047,24.76,24.87,24.29,74375
2024-01-03,IOVA,-3.2200250911046147,8.1,8.3695,7.97,5754595
2024-01-03,LDI,-3.529411764705886,3.28,3.4,3.0,1086836
2024-01-03,VZLA,9.40170940170941,1.28,1.17,1.19,290433
2024-01-03,SOHO,0.6578947368421059,1.53,1.52,1.46,34968
2024-01-03,REPL,0.5800464037123053,8.67,8.62,8.93,726994
2024-01-03,BRCC,0.4784688995215422,4.2,4.18,3.9,513074
2024-01-03,ARTL,2.898550724637684,1.42,1.38,1.43,8167
2024-01-03,LCTX,0.0,1.15,1.15,1.23,2122511
2024-01-03,RAMP,-1.2546716497597408,36.99,37.46,35.4,586426
2024-01-03,RVSB,-1.0937500000000044,6.33,6.4,6.3,22395
2024-01-03,SYBX,3.2332563510392536,4.47,4.33,4.88,114542
2024-01-03,SCSC,-0.45135406218655894,39.7,39.88,38.73,214844
2024-01-03,TMQ,-3.563474387527843,0.433,0.449,0.44,92181
2024-01-03,EFSCP,-100.0,0.0,17.0,16.9,3348
2024-01-03,TCBX,-0.2552322613578393,19.54,19.59,19.19,35892
2024-01-03,ADTN,-0.540540540540541,7.36,7.4,7.14,668663
2024-01-03,CPSS,-1.0881392818280702,9.09,9.19,8.71,22995
2024-01-03,NRC,0.9223300970873675,41.58,41.2,41.02,479535
2024-01-03,KORE,-12.50000000000001,0.7,0.8,0.76,45035
2024-01-03,AERT,3.8297872340425467,2.44,2.35,0.0,5525
2024-01-03,NVNO,-3.6893203883495223,4.96,5.15,4.73,95465
2024-01-03,MODG,0.8965517241379364,14.63,14.5,13.98,2810169
2024-01-03,GOOS,-1.1168384879725153,11.51,11.64,11.37,1158748
2024-01-03,CRDF,1.2903225806451624,1.57,1.55,1.53,74788
2024-01-03,PSNL,8.494575271236423,2.17,2.0001,1.93,645881
2024-01-03,PLUR,-1.5000000000000013,0.591,0.6,0.64,21012
2024-01-03,CPSH,0.0,2.32,2.32,2.38,30994
2024-01-03,CRKN,0.0,0.149,0.149,0.1498,553027
2024-01-03,CDIO,1.5723270440251518,3.23,3.18,3.16,3817344
2024-01-03,AVAH,0.0,2.76,2.76,2.61,152237
2024-01-03,TLF,-14.669421487603303,4.13,4.84,4.85,11996
2024-01-03,LIVE,-100.0,0.0,26.19,25.7,8486
2024-01-03,ALTI,0.9828009828009836,8.22,8.14,7.61,56519
2024-01-03,LNSR,-2.5957972805933247,3.94,4.045,4.07,11892
2024-01-03,VTYX,0.3937007874015664,2.55,2.54,2.53,2813292
2024-01-03,INTT,-1.3595166163141972,13.06,13.24,12.87,97432
2024-01-03,HSII,-0.5252100840336085,28.41,28.56,27.92,84383
2024-01-03,RLYB,-4.081632653061227,2.35,2.45,2.25,198647
2024-01-03,GAINL,inf,25.68,0.0,0.0,8668
2024-01-03,EBF,-3.288888888888882,21.76,22.5,21.36,91546
2024-01-03,SMLR,0.0,44.18,44.18,42.51,38211
2024-01-03,SCCF,,0.0,0.0,22.35,6078
2024-01-03,ESPR,3.806228373702418,3.0,2.89,2.3795,17544754
2024-01-03,CSWCZ,-100.0,0.0,25.6318,26.4757,6211
2024-01-03,XTNT,5.263157894736848,1.2,1.14,1.1,46575
2024-01-03,NTST,-0.4920721705850184,18.2,18.29,18.12,1075914
2024-01-03,NINE,1.0638297872340514,2.85,2.82,2.71,1075430
2024-01-03,GRI,-5.351351351351347,0.3502,0.37,0.3673,94790
2024-01-03,SFWL,1.4652014652014667,2.77,2.73,2.5106,1461540
2024-01-03,RGR,-1.0542499450911573,45.05,45.53,44.22,117886
2024-01-03,DC,3.1872509960159396,2.59,2.51,2.51,232526
2024-01-03,KOPN,0.0,2.03,2.03,1.97,975914
2024-01-03,LAES,0.8474576271186449,1.19,1.18,1.4901,12403582
2024-01-03,CVGI,-0.43604651162791064,6.85,6.88,6.77,186195
2024-01-03,SRCE,-0.5501558774986325,54.23,54.53,52.57,89860
2024-01-03,OTRK,-3.577727387251194,0.3827,0.3969,0.3903,135364
2024-01-03,EOLS,-0.8999999999999986,9.91,10.0,10.15,416952
2024-01-03,PSQH,8.606557377049178,5.3,4.88,5.0,71853
2024-01-03,CVGW,-0.06791171477079651,29.43,29.45,28.17,118550
2024-01-03,GALT,0.0,1.74,1.74,1.68,36738
2024-01-03,EML,-0.6392694063926805,21.76,21.9,22.48,9990
2024-01-03,GLTO,0.08404538450764042,0.7145,0.7139,0.67005,233392
2024-01-03,ALBT,-4.70144812537195,0.4804,0.5041,0.4805,2571
2024-01-03,DMLP,0.43518806341311955,32.31,32.17,31.95,83047
2024-01-03,PLUG,-0.4329004329004429,4.6,4.62,4.38,46730818
2024-01-03,BDN,-6.810035842293905,5.2,5.58,5.38,6462736
2024-01-03,BRLT,2.5280898876404456,3.65,3.56,3.3,63546
2024-01-03,SRZN,5.852674066599396,10.49,9.91,10.18,9479
2024-01-03,TCX,-1.3239875389408093,25.34,25.68,23.81,39602
2024-01-03,CRSR,1.3177159590043903,13.84,13.66,13.25,331563
2024-01-03,SNSE,0.8205128205128155,0.7864,0.78,0.768,88228
2024-01-03,ATXG,12.413793103448272,1.63,1.45,1.33,272640
2024-01-03,PETZ,-4.724409448818902,1.21,1.27,1.15,40710
2024-01-03,INSG,-0.43290043290043323,0.23,0.231,0.225,350828
2024-01-03,IINNW,,0.0,0.0,0.16,2020
2024-01-03,IIIV,-1.3333333333333388,20.72,21.0,20.34,161286
2024-01-03,SABS,-2.9411764705882377,0.66,0.68,0.73,50240
2024-01-03,WTTR,0.0,7.5,7.5,7.54,478337
2024-01-03,BZFD,0.0,0.2649,0.2649,0.2664,493940
2024-01-03,PYPD,-11.64510166358595,4.78,5.41,7.0,38511
2024-01-03,NOTV,0.7712082262210747,3.92,3.89,3.8797,113436
2024-01-03,AMPL,-1.2096774193548416,12.25,12.4,12.01,383681
2024-01-03,MOBX,0.0,2.82,2.82,2.96,185287
2024-01-03,ELPC,-2.857142857142854,7.48,7.7,7.81,258054
2024-01-03,MG,-0.4120879120879155,7.25,7.28,7.3,80177
2024-01-03,RETO,-1.9068373740125326,0.3601,0.3671,0.395,48484
2024-01-03,MFIN,-3.4146341463414602,9.9,10.25,9.92,128020
2024-01-03,SGA,0.0,22.61,22.61,23.14,18381
2024-01-03,PODC,3.763440860215045,1.93,1.86,1.77,22265
2024-01-03,ACNB,-0.19388194743645715,46.33,46.42,44.18,33020
2024-01-03,BLFS,1.0631644777986238,16.16,15.99,15.35,409041
2024-01-03,GCTK,7.938718662952642,0.31,0.2872,0.241,371515
2024-01-03,KOS,-1.0294117647058736,6.73,6.8,6.8,2710511
2024-01-03,CLGN,-100.0,0.0,6.07,6.3,14233
2024-01-03,CABO,-0.7279887279164865,549.55,553.58,541.35,61184
2024-01-03,HURC,-100.0,0.0,21.84,21.74,7773
2024-01-03,CNOB,-0.04345936549327059,23.0,23.01,22.09,96543
2024-01-03,LEO,0.3395585738539977,5.91,5.89,5.93,163596
2024-01-03,VERA,0.8441558441558377,15.53,15.4,15.36,328621
2024-01-03,WABC,-0.3906943704492965,56.09,56.31,57.28,117929
2024-01-03,AISP,-0.006249609399411849,1.6,1.6001,2.12,18414963
2024-01-03,FOSL,-1.2903225806451624,1.53,1.55,1.47,369501
2024-01-03,KRO,0.0,9.79,9.79,9.75,240654
2024-01-03,ASPN,-2.4203821656050897,15.32,15.7,14.8,722034
2024-01-03,CHRS,1.5576323987538885,3.26,3.21,3.04,8898509
2024-01-03,NEXT,0.0,4.68,4.68,4.67,907446
2024-01-03,FRSX,-1.8867924528301903,1.04,1.06,1.15,123864
2024-01-03,DDC,24.724061810154527,5.65,4.53,4.58,190433
2024-01-03,FURY,-3.3193277310924327,0.4602,0.476,0.44,89736
2024-01-03,BLDP,0.529967764847295,3.68,3.6606,3.59,1955884
2024-01-03,XGN,-6.858179322515806,1.9,2.0399,1.85,18025
2024-01-03,TK,-0.13736263736264664,7.27,7.28,7.57,623671
2024-01-03,TXG,-1.672862453531596,52.9,53.8,50.71,1571768
2024-01-03,YTRA,-2.25988700564972,1.73,1.77,1.655,70836
2024-01-03,LADR,-4.373423044575285,11.37,11.89,11.35,693163
2024-01-03,VIOT,0.0,0.93,0.93,0.0,101758
2024-01-03,ARCT,-1.272727272727278,32.58,33.0,31.74,260122
2024-01-03,PEBK,-0.6860503103560955,30.4,30.61,30.38,7710
2024-01-03,DTI,2.7439024390244,3.37,3.28,3.19,23873
2024-01-03,ROCK,-0.08852915138484024,79.0,79.07,78.87,246814
2024-01-03,TRIB,-4.328018223234628,0.42,0.439,0.45,40830
2024-01-03,FRST,-0.2365930599369035,12.65,12.68,12.33,75478
2024-01-03,NFGC,-1.7441860465116297,3.38,3.44,3.36,214034
2024-01-03,ZCAR,-0.9999999999999934,2.97,3.0,2.75,119194
2024-01-03,VERI,0.0,1.85,1.85,1.75,317253
2024-01-03,KRNY,0.0,8.93,8.93,8.69,286874
2024-01-03,LMNR,-0.4909180166912195,20.27,20.37,19.54,72191
2024-01-03,NOA,0.23923444976076896,20.95,20.9,21.13,56247
2024-01-03,DNA,1.7964071856287442,1.7,1.67,1.55,27854618
2024-01-03,JSPRW,11.937513992189244,0.045,0.040201,0.068,9435
2024-01-03,JOB,-1.95491721524037,0.4915,0.5013,0.4999,23898
2024-01-03,OCCI,-0.7530120481927685,6.59,6.64,6.65,221481
2024-01-03,YGMZ,0.10256410256410264,0.488,0.4875,0.46,25121
2024-01-03,ASIX,-0.9734810339039918,29.5,29.79,28.81,128345
2024-01-03,ACET,-3.365384615384629,2.01,2.08,1.89,605476
2024-01-03,NMTC,4.0000000000000036,1.56,1.5,1.55,98493
2024-01-03,GDC,-0.714285714285715,2.78,2.8,2.82,92378
2024-01-03,EB,-0.12515644555694352,7.98,7.99,7.77,1122984
2024-01-03,ZDGE,4.504504504504489,2.32,2.22,2.31,7456
2024-01-03,SCS,2.8614457831325364,13.66,13.28,13.01,1324916
2024-01-03,HBNC,0.27777777777777185,14.44,14.4,14.4,149565
2024-01-03,STKH,0.016396130513197077,0.61,0.6099,0.6141,285028
2024-01-03,LX,4.999999999999992,1.89,1.8,1.85,445276
2024-01-03,HROW,2.7983539094650194,12.49,12.15,11.6,942529
2024-01-03,TNK,-0.36793183578620786,51.45,51.64,52.71,471597
2024-01-03,THM,-3.7321800416466426,0.601,0.6243,0.617,392519
2024-01-03,TTI,0.9343891402714858,4.4613,4.42,4.56,1463930
2024-01-03,GLMD,-0.2947845804988715,0.4397,0.441,0.4401,172381
2024-01-03,FINV,0.6224066390041361,4.85,4.82,4.93,545117
2024-01-03,TRVG,1.2500000000000104,2.43,2.4,2.41,25414
2024-01-03,TCI,1.0419600112644454,35.88,35.51,36.85,8696
2024-01-03,WORX,5.142857142857148,1.84,1.75,1.74,50683
2024-01-03,TNDM,2.090090090090084,28.33,27.75,27.0,1552561
2024-01-03,DLHC,0.576923076923076,15.69,15.6,15.62,19473
2024-01-03,IZEA,-7.211538461538468,1.93,2.08,2.07,26131
2024-01-03,FEIM,-3.8599640933572683,10.71,11.14,10.42,9634
2024-01-03,ECPG,-0.547088706525989,50.9,51.18,49.38,214716
2024-01-03,XOS,-5.308641975308639,7.67,8.1,7.75,9506
2024-01-03,AEON,-100.0,0.0,7.01,7.39,6189
2024-01-03,SSYS,-0.14184397163120266,14.08,14.1,13.89,716880
2024-01-03,EFXT,6.108597285067884,4.69,4.42,4.47,14621
2024-01-03,WATT,-4.678362573099419,1.63,1.71,1.64,38095
2024-01-03,TIRX,-4.272300469483566,0.6117,0.639,0.6827,68171
2024-01-03,NGVC,0.0,16.34,16.34,16.17,37951
2024-01-03,ECCV,-0.49172999552972474,22.26,22.37,0.0,7856
2024-01-03,ELSE,0.0,3.92,3.92,3.93,2249
2024-01-03,PRO,-2.849389416553607,35.8,36.85,34.49,426768
2024-01-03,JOUT,0.17468944099378164,51.61,51.52,48.81,32917
2024-01-03,CATX,-2.500000000000002,0.39,0.4,0.4265,1300621
2024-01-03,MRBK,-100.0,0.0,13.85,13.75,32740
2024-01-03,PDSB,0.0,5.2,5.2,5.05,514941
2024-01-03,RYI,-0.8839127872716476,33.64,33.94,32.7,172311
2024-01-03,CNET,-3.4509803921568563,0.8617,0.8925,0.8436,10766
2024-01-03,DAVA,-0.8854235496233669,75.0,75.67,72.94,178694
2024-01-03,HRTG,-3.2608695652173907,6.23,6.44,6.41,546756
2024-01-03,KEQU,0.5025125628140656,30.0,29.85,28.59,10734
2024-01-03,NWPX,1.1118486558247622,30.465,30.13,29.14,31258
2024-01-03,BDRX,-4.285714285714274,2.68,2.8,2.7,35684
2024-01-03,BEAT,0.0,2.4,2.4,2.41,216718
2024-01-03,ARLO,-4.421052631578946,9.08,9.5,9.2383,1133223
2024-01-03,SGU,1.7079419299743746,11.91,11.71,11.95,21046
2024-01-03,LGMK,0.9174311926605512,1.1,1.09,1.07,35547
2024-01-03,MOMO,0.29717682020801744,6.75,6.73,6.76,873657
2024-01-03,RAIL,0.0,2.68,2.68,2.74,19374
2024-01-03,SNTI,-0.8769230769230828,0.6443,0.65,0.6478,271050
2024-01-03,INDI,-2.0671834625323013,7.58,7.74,7.35,2506665
2024-01-03,ALIT,0.0,8.19,8.19,8.33,8779513
2024-01-03,EVI,-0.8108108108108096,22.02,22.2,20.98,37256
2024-01-03,DOMO,-1.5030060120240516,9.83,9.98,9.71,564728
2024-01-03,ERNA,3.7234042553191524,1.95,1.88,1.96,8541
2024-01-03,IGC,-3.4615384615384492,0.2761,0.286,0.2859,152363
2024-01-03,PHUN,0.7237635705669521,0.0835,0.0829,0.08,5781467
2024-01-03,COHU,-0.9534816527015264,34.28,34.61,33.83,308562
2024-01-03,ONMDW,-2.0000000000000053,0.0098,0.01,0.009,52300
2024-01-03,ELDN,2.604166666666669,1.97,1.92,1.88,131801
2024-01-03,BGS,0.8174386920980914,11.1,11.01,11.04,1121924
2024-01-03,FATBP,0.06644518272425108,15.06,15.05,15.27,11998
2024-01-03,JKS,0.37047591906524774,35.22,35.09,33.65,1386463
2024-01-03,AIXI,3.6953242835595894,2.2,2.1216,2.14,1087931
2024-01-03,ASST,-0.01724137931034293,0.5799,0.58,0.56,77190
2024-01-03,GTY,0.13600816048962647,29.45,29.41,28.84,254495
2024-01-03,AWRE,2.941176470588238,1.75,1.7,1.7267,20952
2024-01-03,TMCI,3.6013400335008354,12.37,11.94,11.75,661656
2024-01-03,FSTR,-100.0,0.0,22.29,22.47,36281
2024-01-03,ZVRA,3.7091988130563793,6.99,6.74,6.39,439109
2024-01-03,SEED,4.368932038834945,2.15,2.06,2.1,49900
2024-01-03,ILPT,0.21786492374727207,4.6,4.59,4.66,306493
2024-01-03,PLTK,-1.291079812206566,8.41,8.52,8.19,968032
2024-01-03,CSIQ,0.5468749999999883,25.74,25.6,25.11,611641
2024-01-03,ACCO,0.0,6.27,6.27,6.23,1139787
2024-01-03,GDTC,-8.102345415778267,4.31,4.69,4.0,28073
2024-01-03,NRXP,3.6323499899658738,0.5164,0.4983,0.4805,491498
2024-01-03,RCKT,0.9931506849315039,29.49,29.2,28.72,730559
2024-01-03,RRGB,0.4201680672268818,11.95,11.9,11.12,149609
2024-01-03,WEST,-1.2820512820512897,10.01,10.14,10.14,249760
2024-01-03,KUKE,-1.696222050886667,1.02,1.0376,1.03,6096
2024-01-03,ABOS,4.464763500151239,4.49,4.2981,4.05,1057231
2024-01-03,MGYR,-0.17746228926352772,11.25,11.27,11.39,18360
2024-01-03,NRIM,9.474063400576364,60.78,55.52,54.9,12494
2024-01-03,SLDPW,4.899999999999988,0.2098,0.2,0.19,29497
2024-01-03,SOPH,3.8709677419354778,4.83,4.65,4.85,37415
2024-01-03,USEG,-0.9174311926605512,1.08,1.09,1.08,77366
2024-01-03,LZ,0.0,10.9,10.9,10.56,1306600
2024-01-03,PUMP,2.7465667915106198,8.23,8.01,8.41,1891484
2024-01-03,ROG,0.8518015980702515,133.79,132.66,128.17,117316
2024-01-03,ACB,-0.18714909544604114,0.48,0.4809,0.4801,9040219
2024-01-03,EH,-0.8155583437892032,15.81,15.94,15.52,534794
2024-01-03,PLRX,0.0,17.96,17.96,17.7,465755
2024-01-03,BGFV,1.6420361247947541,6.19,6.09,6.02,538451
2024-01-03,PRAX,9.523809523809524,23.0,21.0,24.0,174157
2024-01-03,BOOM,-0.9371554575523797,17.97,18.14,17.5,279319
2024-01-03,GRWG,-1.1627906976744282,2.55,2.58,2.53,1625300
2024-01-03,LVLU,0.0,1.84,1.84,1.95,34629
2024-01-03,ASTC,-17.529411764705884,7.01,8.5,8.53,3244
2024-01-03,INLX,,0.0,0.0,4.96,2821
2024-01-03,WMK,0.3806333739342265,65.93,65.68,66.81,153924
2024-01-03,BRSP,-2.7631578947368416,7.39,7.6,7.33,823454
2024-01-03,LILA,0.0,7.31,7.31,7.15,234416
2024-01-03,BOLT,2.5862068965517264,1.19,1.16,1.2282,106514
2024-01-03,FATE,-2.5000000000000084,3.51,3.6,3.54,2730023
2024-01-03,BNR,-4.276140836081269,0.8999,0.9401,0.969,19018
2024-01-03,LARK,-100.0,0.0,19.6,19.72,4543
2024-01-03,INBS,-1.7867778439547364,0.3298,0.3358,0.3101,445511
2024-01-03,BFC,-0.04605641911340477,86.81,86.85,84.42,19462
2024-01-03,FRMEP,0.0,25.0,25.0,0.0,2970
2024-01-03,GNSS,-0.5076142131979701,1.96,1.97,1.95,67838
2024-01-03,ANL,-100.0,0.0,9.0,0.0,548
2024-01-03,COFS,-0.0329272308198932,30.36,30.37,29.02,42471
2024-01-03,TNYA,0.0,3.29,3.29,3.13,331478
2024-01-03,TTNP,-6.250000000000005,0.4125,0.44,0.421,56195
2024-01-03,NB,0.0,3.16,3.16,3.01,110384
2024-01-03,ABSI,-2.6385224274406354,3.69,3.79,3.52,1344302
2024-01-03,SURG,-2.6027397260273903,7.11,7.3,7.1,343518
2024-01-03,ADIL,1.1235955056179785,1.8,1.78,1.83,53552
2024-01-03,CSTL,3.9197812215132153,22.8,21.94,20.36,207849
2024-01-03,IMUX,-5.3333333333333375,1.42,1.5,1.41,270586
2024-01-03,GLBZ,-100.0,0.0,5.98,5.99,17425
2024-01-03,EDN,4.814233385661966,20.03,19.11,19.34,80171
2024-01-03,ODV,0.96359390929719,3.07,3.0407,2.91,86500
2024-01-03,LC,-4.8314606741573,8.47,8.9,8.47,2024688
2024-01-03,ACMR,-0.0535331905781478,18.67,18.68,17.68,1324976
2024-01-03,NAK,1.5384615384615397,0.33,0.325,0.342,2653552
2024-01-03,LTRX,1.1897435897435955,5.9196,5.85,5.99,115055
2024-01-03,GNK,-2.061855670103092,16.15,16.49,17.36,1325886
2024-01-03,MYSZ,-0.20175817841186872,0.6925,0.6939,0.6612,27132
2024-01-03,CIX,-1.633118116217242,25.9,26.33,24.2,8935
2024-01-03,RES,0.1402524544179493,7.14,7.13,7.28,1483111
2024-01-03,EGHT,0.8174386920980995,3.7,3.67,3.61,1969881
2024-01-03,INAB,-0.7352941176470594,1.35,1.36,1.22,127443
2024-01-03,PLG,-1.785714285714287,1.1,1.12,1.09,125659
2024-01-03,SMBC,-0.20715630885122302,52.99,53.1,51.03,26811
2024-01-03,LAKE,-0.32679738562090804,18.3,18.36,17.9,11424
2024-01-03,MOVE,-6.626936829558996,0.7834,0.839,0.83,33960
2024-01-03,HY,-0.015900779138174607,62.88,62.89,61.97,102520
2024-01-03,OPBK,0.09082652134423058,11.02,11.01,10.81,27665
2024-01-03,PVBC,0.09671179883945635,10.35,10.34,10.43,23885
2024-01-03,KPRX,-1.176470588235301,0.5628,0.5695,0.5523,86512
2024-01-03,JSPR,0.5891651099295865,0.7,0.6959,0.684,415298
2024-01-03,SEDG,-0.326086956521736,91.7,92.0,86.2,3078351
2024-01-03,PLOW,-0.3800967519004941,28.83,28.94,28.11,129566
2024-01-03,ANNX,-3.0991735537189973,4.69,4.84,4.51,904373
2024-01-03,ANEB,,0.0,0.0,2.34,13215
2024-01-03,SND,0.0,2.07,2.07,2.22,205772
2024-01-03,LYTS,0.872727272727267,13.87,13.75,13.51,129793
2024-01-03,LEDS,-2.784722222222224,1.3999,1.44,1.33,16347
2024-01-03,SINT,-2.0253164556962044,0.387,0.395,0.3961,232840
2024-01-03,APYX,2.371541501976287,2.59,2.53,2.53,111686
2024-01-03,MDXH,6.000000000000005,4.24,4.0,3.99,32983
2024-01-03,SA,-2.3275145469659133,11.75,12.03,12.0,957856
2024-01-03,FCBC,-0.26631158455391296,37.45,37.55,36.17,35048
2024-01-03,STEL,0.14582573824279674,27.47,27.43,26.88,208180
2024-01-03,FBIO,2.583025830258297,2.78,2.71,2.4899,1311312
2024-01-03,BARK,-2.4497731691509936,0.7526,0.7715,0.779,514314
2024-01-03,DHT,-0.09980039920159467,10.01,10.02,10.35,2470176
2024-01-03,HIVE,3.373109508078816,4.6,4.4499,4.48,5341364
2024-01-03,ALZN,-7.415588513726728,0.8802,0.9507,0.932,65063
2024-01-03,ZJYL,4.000327560086808,254.0,244.23,210.0,43310
2024-01-03,KFS,-1.1904761904761862,8.3,8.4,8.34,65013
2024-01-03,GPRE,-1.5043547110055524,24.88,25.26,24.83,1089609
2024-01-03,OABI,7.859969558599694,7.0864,6.57,6.27,755843
2024-01-03,FBIZ,-0.19782393669633605,40.36,40.44,38.92,14835
2024-01-03,HNST,0.9615384615384551,3.15,3.12,2.78,1313609
2024-01-03,SCVL,0.0,29.4,29.4,27.9,262226
2024-01-03,NTGR,-1.7918676774638167,14.25,14.51,14.105,182331
2024-01-03,FRGE,-0.5917159763313614,3.36,3.38,3.15,558937
2024-01-03,FAMI,-7.299270072992707,1.27,1.37,1.24,238606
2024-01-03,HUMA,-3.020134228187915,2.89,2.98,2.87,454868
2024-01-03,BCML,-0.7296137339055867,23.13,23.3,22.68,27997
2024-01-03,TCRT,2.2352941176470575,0.0869,0.085,0.0821,3775445
2024-01-03,ALLO,-2.452316076294274,3.58,3.67,3.42,2713122
2024-01-03,GLRE,-0.08944543828264567,11.17,11.18,11.06,120344
2024-01-03,ANIK,-0.3089143865842907,22.59,22.66,22.63,67206
2024-01-03,ALRS,-0.4526935264825777,21.99,22.09,21.6,47054
2024-01-03,MCFT,0.0,22.65,22.65,21.66,139494
2024-01-03,RNAC,-3.3628318584070858,0.6552,0.678,0.6071,673448
2024-01-03,SONM,-1.2857142857142883,0.7601,0.77,0.8,118182
2024-01-03,WHLRD,-100.0,0.0,13.0,13.17,1071
2024-01-03,CTHR,4.04286410131515,0.4272,0.4106,0.4017,54924
2024-01-03,JAGX,0.0,0.1519,0.1519,0.15,4005858
2024-01-03,TUYA,1.8018018018017834,2.26,2.22,2.24,236200
2024-01-03,CISO,0.0,0.106,0.106,0.1022,732970
2024-01-03,MERC,-1.2725344644750713,9.31,9.43,8.79,238574
2024-01-03,GOOD,1.2947448591012942,13.3,13.13,13.29,203609
2024-01-03,DCGO,-0.1923076923076882,5.19,5.2,5.09,1273084
2024-01-03,MRSN,0.8849557522123902,2.28,2.26,2.16,1230889
2024-01-03,BAK,-0.5787037037037119,8.59,8.64,8.4609,1141941
2024-01-03,OPI,0.8391608391608336,7.21,7.15,7.0,894108
2024-01-03,CLNN,-3.2907991940900034,0.288,0.2978,0.29,984367
2024-01-03,BKYI,-2.1352313167259807,2.75,2.81,2.9,132004
2024-01-03,DALN,-2.7088036117381518,4.31,4.43,4.4,11183
2024-01-03,ZYME,-5.032618825722283,10.19,10.73,10.67,764717
2024-01-03,CNSP,-0.8333333333333341,1.19,1.2,1.15,28631
2024-01-03,VSTA,-2.941176470588233,4.29,4.42,4.29,40293
2024-01-03,ACIU,-5.220883534136559,4.72,4.98,4.39,126515
2024-01-03,LUCD,2.962962962962949,1.39,1.35,1.43,24117
2024-01-03,SKWD,0.3572491813039519,33.71,33.59,33.72,326450
2024-01-03,TLS,3.44827586206898,4.2,4.06,3.88,405101
2024-01-03,CCSI,-0.8512363194162984,24.46,24.67,23.27,106839
2024-01-03,JMSB,-0.44139283962726755,20.3,20.39,21.0,35943
2024-01-03,TVE,-0.7277891186651191,22.37,22.534,22.45,18175
2024-01-03,SPRY,0.7220216606498201,5.58,5.54,5.48,372303
2024-01-03,LGCB,3.7499999999999893,1.66,1.6,1.68,12003
2024-01-03,ECBK,-100.0,0.0,12.54,12.7,5360
2024-01-03,AAOI,1.746724890829696,18.64,18.32,17.41,1941322
2024-01-03,CATO,0.1369863013698601,7.31,7.3,7.06,65863
2024-01-03,DVAX,-0.6901311249137312,14.39,14.49,14.42,1514648
2024-01-03,NHC,-0.5864164623094267,93.24,93.79,93.19,93364
2024-01-03,NX,-0.09668063164679708,31.0,31.03,30.25,189653
2024-01-03,VTOL,0.248403122782116,28.25,28.18,27.7,108451
2024-01-03,GROY,0.0,1.45,1.45,1.41,307258
2024-01-03,CLCO,-1.2383900928792582,12.76,12.92,12.79,401013
2024-01-03,PDEX,-100.0,0.0,16.76,18.38,4831
2024-01-03,GSBC,-0.4992511233150345,59.79,60.09,58.16,35731
2024-01-03,BSGM,-6.000000000000005,0.423,0.45,0.4383,147279
2024-01-03,TWST,-2.9148629148629093,33.64,34.65,34.15,1284380
2024-01-03,CMBM,0.0,5.98,5.98,5.87,156953
2024-01-03,SENEA,-0.13165318788790725,53.1,53.17,52.78,33246
2024-01-03,CCNEP,0.6060606060606014,21.58,21.45,0.0,6662
2024-01-03,GOGO,-0.6018054162487513,9.91,9.97,9.6,1077808
2024-01-03,AXR,-2.7477477477477454,21.59,22.2,21.83,1872
2024-01-03,BHFAN,0.27144408251898566,18.47,18.42,18.61,47116
2024-01-03,LIPO,-0.6560846560846543,0.9388,0.945,0.941,7096
2024-01-03,MMLP,6.2499999999999964,2.55,2.4,2.47,36827
2024-01-03,JZXN,-4.979797979797981,0.9407,0.99,0.8316,62708
2024-01-03,ISPR,2.4853064651553263,12.206,11.91,12.32,96857
2024-01-03,KARO,2.796052631578946,25.0,24.32,24.2,2967
2024-01-03,ASTI,-3.4090909090909123,0.85,0.88,0.8705,71117
2024-01-03,DK,-0.45506257110353054,26.25,26.37,26.7,890684
2024-01-03,TRIN,-0.47945205479452246,14.53,14.6,14.7,381904
2024-01-03,IINN,6.796116504854374,1.1,1.03,0.9712,314589
2024-01-03,ELME,0.0,14.62,14.62,14.2,470888
2024-01-03,SPT,-2.5470085470085504,57.01,58.5,56.81,804678
2024-01-03,HRMY,-0.8119519324455992,30.54,30.79,31.84,638327
2024-01-03,HOV,-2.3314014752370866,148.3,151.84,146.28,64611
2024-01-03,ALXO,1.3231197771587833,14.55,14.36,14.21,462587
2024-01-03,LVTX,2.8409090909090935,1.81,1.76,1.69,25943
2024-01-03,HUSA,-2.251019382226443,1.75,1.7903,1.83,90998
2024-01-03,INGN,0.17793594306049443,5.63,5.62,5.52,341872
2024-01-03,SCOR,0.0,17.94,17.94,17.99,23707
2024-01-03,COOK,-1.8656716417910546,2.63,2.68,2.43,317384
2024-01-03,FTHM,0.9779951100244507,4.13,4.09,3.9,52174
2024-01-03,NMG,-3.2258064516129026,2.55,2.635,2.68,69646
2024-01-03,GOTU,-0.3048780487804813,3.27,3.28,3.71,9824072
2024-01-03,KINS,5.000000000000004,2.1,2.0,2.11,14648
2024-01-03,BYSI,0.0,0.856,0.856,0.9047,23808
2024-01-03,CHNR,4.195804195804199,1.49,1.43,1.49,2820
2024-01-03,AUTL,-1.4925373134328437,6.6,6.7,6.75,782221
2024-01-03,USCB,-0.08183306055646306,12.21,12.22,12.23,177736
2024-01-03,MBOT,-4.929577464788721,1.35,1.42,1.36,278605
2024-01-03,DSWL,1.1278195488721732,2.69,2.66,2.64,16475
2024-01-03,TKLF,-1.9056629274226249,0.7258,0.7399,0.751,559175
2024-01-03,CYH,-1.3243313425084378,3.04,3.0808,3.38,2963185
2024-01-03,WS,-0.7947976878612676,27.46,27.68,27.57,233657
2024-01-03,VYGR,-1.960784313725487,9.0,9.18,10.7,3725081
2024-01-03,SPWR,0.0,4.9,4.9,4.52,7041511
2024-01-03,PCRX,3.4117647058823426,35.16,34.0,32.07,480449
2024-01-03,MEGL,-0.8609444299504323,1.14,1.1499,1.3,471466
2024-01-03,CVRX,0.20033388981636818,30.01,29.95,29.55,143432
2024-01-03,DRIO,0.0,1.69,1.69,1.64,57282
2024-01-03,NXL,-2.829958526469871,0.3983,0.4099,0.3835,18319
2024-01-03,EVO,0.707964601769912,11.38,11.3,10.57,118829
2024-01-03,XBP,1.8939393939393872,5.38,5.28,5.4,19232
2024-01-03,THS,-0.04664179104478341,42.86,42.88,41.02,402447
2024-01-03,SMTI,1.0014655593551631,41.35,40.94,38.55,18138
2024-01-03,LPTX,-2.7083333333333313,4.67,4.8,4.46,306740
2024-01-03,FVRR,-1.1406844106463905,26.0,26.3,25.25,935662
2024-01-03,EWTX,3.09278350515464,11.0,10.67,9.55,636491
2024-01-03,ANAB,-4.741000877963134,21.7,22.78,21.19,176479
2024-01-03,PNRG,1.1688439249582534,103.0,101.81,103.95,1018
2024-01-03,TOPS,0.9740259740259762,15.55,15.4,14.6,53326
2024-01-03,EGBN,-0.67001675041877,29.65,29.85,28.33,248396
2024-01-03,RDVT,-0.15471892728211004,19.36,19.39,18.81,19648
2024-01-03,FUBO,-2.8213166144200583,3.1,3.19,2.98,12788990
2024-01-03,SRL,2.459016393442629,6.25,6.1,6.6,25836
2024-01-03,NOTE,-2.7522935779816535,1.06,1.09,1.05,1094083
2024-01-03,PSTV,0.0,1.85,1.85,1.81,14285
2024-01-03,LBRT,0.0,18.15,18.15,18.58,2452119
2024-01-03,HVT,1.1060692002268877,35.65,35.26,34.66,90378
2024-01-03,AVD,-4.133685136323649,10.9,11.37,10.66,362095
2024-01-03,OPTXW,28.75751503006012,0.1285,0.0998,0.0,18279
2024-01-03,TERN,0.15455950540959315,6.48,6.47,6.28,255179
2024-01-03,SOHU,-100.0,0.0,9.96,9.88,110434
2024-01-03,CNOBP,-100.0,0.0,18.85,18.8,1831
2024-01-03,AUDC,0.5922165820643002,11.89,11.82,11.5,100739
2024-01-03,CNF,-100.0,0.0,2.22,2.2162,3061
2024-01-03,PASG,1.0428347163041012,0.9011,0.8918,0.9,238027
2024-01-03,CTOS,-0.1597444089456835,6.25,6.26,6.1,420018
2024-01-03,FDP,-0.5763688760806921,27.6,27.76,27.35,319213
2024-01-03,LANDP,-100.0,0.0,18.99,18.75,17647
2024-01-03,GSUN,8.279193736465114,0.65,0.6003,0.649,22498
2024-01-03,ORGNW,-9.638554216867474,0.03,0.0332,0.0277,23929
2024-01-03,RIGL,-1.3513513513513526,1.46,1.48,1.48,705245
2024-01-03,CCRD,1.2592592592592589,13.67,13.5,12.97,26755
2024-01-03,XOSWW,-9.23913043478261,0.0167,0.0184,0.0185,16427
2024-01-03,PRCH,2.9508196721311575,3.14,3.05,2.65,2377871
2024-01-03,MRCC,-0.829875518672206,7.17,7.23,7.1,111622
2024-01-03,CETY,-5.000000000000004,1.52,1.6,1.5,3218
2024-01-03,OOMA,-0.371402042711227,10.73,10.77,10.5,72546
2024-01-03,CDXS,-4.58715596330275,3.12,3.27,2.93,525578
2024-01-03,IRWD,-3.442754203362688,12.06,12.49,12.4894,2945702
2024-01-03,UAMY,1.6135538523598238,0.2519,0.2479,0.244,90270
2024-01-03,VNRX,7.339449541284389,1.17,1.09,1.08,1393552
2024-01-03,AMR,-2.414652014652017,333.01,341.25,337.67,197189
2024-01-03,IPHA,-100.0,0.0,2.68,2.71,2829
2024-01-03,BLZE,6.111111111111104,7.64,7.2,7.11,103110
2024-01-03,GECC,0.0901713255184832,11.1,11.09,10.95,16553
2024-01-03,INSE,-0.4110996916752407,9.69,9.73,9.64,196718
2024-01-03,PSNY,0.4504504504504408,2.23,2.22,2.1297,3878382
2024-01-03,HSON,1.4000000000000057,15.21,15.0,15.4,6040
2024-01-03,LIQT,-100.0,0.0,3.42,3.51,8670
2024-01-03,GWH,-0.8547008547008554,1.16,1.17,1.09,1018029
2024-01-03,HTLD,0.5025125628140724,14.0,13.93,13.28,284877
2024-01-03,NVCT,0.35842293906811395,8.4,8.37,8.28,38260
2024-01-03,CAN,2.2831050228310628,2.24,2.19,2.06,31420560
2024-01-03,FRD,-100.0,0.0,15.52,15.7,9820
2024-01-03,SMWB,-1.711026615969579,5.17,5.26,5.4,67163
2024-01-03,TCPC,-0.08613264427217732,11.6,11.61,11.47,1346213
2024-01-03,BCTXW,-2.083333333333326,2.35,2.4,0.0,7050
2024-01-03,PRTC,-0.36028823058446696,24.89,24.98,26.5,2599
2024-01-03,FBIOP,-0.5654281098546065,12.31,12.38,12.69,15120
2024-01-03,CHSCL,-0.039556962025322634,25.27,25.28,25.36,65441
2024-01-03,AUUD,-4.364326375711578,0.252,0.2635,0.25,114892
2024-01-03,GPRK,0.11235955056179536,8.91,8.9,9.17,549390
2024-01-03,IMMR,-0.14104372355429884,7.08,7.09,7.02,415905
2024-01-03,IRDM,0.3178484107579525,41.03,40.9,39.0,592816
2024-01-03,STKL,0.0,5.54,5.54,5.18,771914
2024-01-03,TNGX,4.175365344467644,9.98,9.58,9.64,341931
2024-01-03,INTS,-0.914285714285715,8.67,8.75,7.95,55436
2024-01-03,BXC,-2.0257005175798644,109.79,112.06,108.89,100625
2024-01-03,GDEN,-1.7914904205026099,39.47,40.19,39.01,125179
2024-01-03,HYMC,14.800000000000004,2.87,2.5,2.41,248925
2024-01-03,LIXT,-100.0,0.0,2.28,2.25,8593
2024-01-03,SCM,-0.9931245225362796,12.96,13.09,13.0,121190
2024-01-03,HUDI,0.6389776357827481,3.15,3.13,3.15,16629
2024-01-03,HUN,-0.6356773937226863,25.01,25.17,24.9,1722152
2024-01-03,YRD,-1.630434782608697,3.62,3.68,4.15,549360
2024-01-03,IPWR,0.649350649350647,7.75,7.7,7.745,17169
2024-01-03,FSLY,-1.0740531373657505,17.5,17.69,16.42,2820473
2024-01-03,MYFW,-0.4587155963302745,19.53,19.62,18.75,22458
2024-01-03,NVVEW,inf,0.0239,0.0,0.0153,2700
2024-01-03,OPRX,-0.14367816091953717,13.9,13.92,13.35,173438
2024-01-03,ARTNA,0.0,40.79,40.79,40.59,54868
2024-01-03,CSTE,-100.0,0.0,4.01,3.99,42409
2024-01-03,FLNG,-0.4983388704319008,29.95,30.1,30.03,634404
2024-01-03,IBCP,-0.7766990291262109,25.55,25.75,25.32,72122
2024-01-03,NRDY,-1.7543859649122824,3.36,3.42,3.28,1045830
2024-01-03,AFYA,-0.7444168734491298,21.16,21.3187,21.46,129641
2024-01-03,VTAK,3.091466530403679,0.4035,0.3914,0.3904,33976
2024-01-03,ELTK,0.295202952029514,13.59,13.55,14.84,220575
2024-01-03,MI,-4.461538461538468,0.1863,0.195,0.1855,129278
2024-01-03,SJ,-100.0,0.0,3.37,3.25,27391
2024-01-03,TNC,0.5384615384615328,91.49,91.0,88.51,127176
2024-01-03,SAJ,-0.19684495796827972,25.3,25.3499,25.21,3960
2024-01-03,SCCE,inf,21.55,0.0,0.0,8909
2024-01-03,FOA,9.090909090909099,1.08,0.99,1.12,72438
2024-01-03,BRT,-0.10520778537613426,18.99,19.01,19.12,43189
2024-01-03,CRNC,-2.4214322514167894,18.94,19.41,18.77,456980
2024-01-03,MTW,-2.649414664202093,15.8,16.23,15.68,177263
2024-01-03,PLPC,-0.3234541898600924,132.51,132.94,127.69,11054
2024-01-03,PPBT,1.2820512820512833,0.79,0.78,0.82,84242
2024-01-03,NAUT,-4.838709677419352,2.95,3.1,2.95,201334
2024-01-03,TILE,-0.8737092930897493,12.48,12.59,12.29,286492
2024-01-03,CTKB,-1.6910935738444033,8.72,8.87,8.2,1071013
2024-01-03,LIDR,-2.8436018957346,2.05,2.11,2.05,162966
2024-01-03,WYY,0.048458149779740126,2.2711,2.27,2.25,74925
2024-01-03,ACON,-1.95488721804512,0.1956,0.1995,0.2742,8446605
2024-01-03,RCMT,0.0,31.17,31.17,30.32,79977
2024-01-03,SIGIP,-0.9205983889528202,17.22,17.38,17.38,7501
2024-01-03,ATHE,14.345991561181428,2.71,2.37,2.48,40286
2024-01-03,YMAB,-0.4366812227074272,6.84,6.87,6.65,141081
2024-01-03,LDWY,2.036199095022621,4.51,4.42,4.59,5007
2024-01-03,HEPS,-1.176470588235295,1.68,1.7,1.69,211306
2024-01-03,LOCL,0.0,2.15,2.15,2.18,14514
2024-01-03,FGF,-100.0,0.0,1.58,1.48,13455
2024-01-03,SPWH,0.896860986547086,4.5,4.46,4.44,715910
2024-01-03,ACVA,-0.06711409395973011,14.89,14.9,14.34,1336857
2024-01-03,NUKK,-6.028368794326239,2.65,2.82,2.55,169948
2024-01-03,CTS,-0.824742268041236,43.29,43.65,43.1,308008
2024-01-03,CXDO,0.2188183807439778,4.58,4.57,4.92,134547
2024-01-03,LRHC,0.0,1.6,1.6,1.4904,9320
2024-01-03,SCHL,0.02625360987135209,38.1,38.09,38.44,188790
2024-01-03,LPG,0.7327684909548895,43.99,43.67,45.335,673936
2024-01-03,OPAD,11.705685618729083,10.02,8.97,9.02,41357
2024-01-03,RMBL,2.2486772486772595,7.73,7.56,7.72,131017
2024-01-03,ENOV,0.10822510822511232,55.5,55.44,55.53,902428
2024-01-03,UEIC,-0.8394543546694656,9.45,9.53,9.11,56108
2024-01-03,LYRA,4.5275590551181,5.31,5.08,4.93,155325
2024-01-03,DTCK,3.092783505154642,1.0,0.97,0.9899,56793
2024-01-03,SPH,-0.05847953216375183,17.09,17.1,16.93,447729
2024-01-03,GIII,-5.0387596899224745,31.85,33.54,32.34,697026
2024-01-03,ADXN,-100.0,0.0,6.38,6.22,9008
2024-01-03,CDRE,1.02072378595731,32.66,32.33,32.15,118912
2024-01-03,LAC,-0.7836990595611257,6.33,6.38,6.22,2458635
2024-01-03,MAPS,0.01251721116535098,0.799,0.7989,0.83,221696
2024-01-03,GRPN,-3.98126463700234,12.3,12.81,12.4,921877
2024-01-03,DENN,0.9124087591240843,11.06,10.96,10.0,436466
2024-01-03,WSR,-1.6949152542372952,12.18,12.39,12.21,246482
2024-01-03,ARQQ,-2.703252032520321,0.4787,0.492,0.45,967987
2024-01-03,BHM,-100.0,0.0,14.02,14.21,6338
2024-01-03,TRUP,-0.09752925877763698,30.73,30.76,28.92,689704
2024-01-03,UHT,-0.22773855613754118,43.81,43.91,42.5,46976
2024-01-03,ISPO,-0.25839793281654344,3.86,3.87,3.75,14989
2024-01-03,PMTU,inf,25.4,0.0,0.0,10606
2024-01-03,NABL,0.0,12.6,12.6,12.99,581811
2024-01-03,NVRI,-3.4782608695652013,8.88,9.2,8.71,569833
2024-01-03,DNOW,-0.26954177897575143,11.1,11.13,10.94,759733
2024-01-03,VIR,-0.6647673314339839,10.46,10.53,10.26,728703
2024-01-03,ESTA,-1.0748835542816222,27.61,27.91,25.2,248822
2024-01-03,SIFY,-0.5753225716360373,1.78,1.7903,1.78,34210
2024-01-03,AIMD,-6.091370558375629,1.85,1.97,1.91,4817
2024-01-03,UCTT,-1.1504692703602861,32.65,33.03,32.21,219834
2024-01-03,CAPR,0.0,5.19,5.19,5.3,203998
2024-01-03,ASLE,0.0,12.47,12.47,12.23,755405
2024-01-03,PERI,0.6270627062706196,30.49,30.3,29.42,508909
2024-01-03,MHUA,2.142857142857145,1.43,1.4,1.3,209016
2024-01-03,OGI,-1.5037593984962419,1.31,1.33,1.31,478189
2024-01-03,RSVR,-2.8208744710860394,6.89,7.09,6.93,75571
2024-01-03,RCEL,-2.7982326951399172,13.2,13.58,12.65,136131
2024-01-03,SOR,1.417557821437454,40.78,40.21,40.11,7538
2024-01-03,DCTH,0.0,4.11,4.11,4.14,180870
2024-01-03,SDGR,-0.14417531718568963,34.63,34.68,32.42,846526
2024-01-03,ZD,-0.8913980092111254,66.71,67.31,64.28,312852
2024-01-03,DCOMP,-100.0,0.0,17.74,17.7,2408
2024-01-03,BKKT,4.807692307692312,2.18,2.08,1.9,5378478
2024-01-03,MUX,-0.2808988764045009,7.1,7.12,7.1125,323658
2024-01-03,TG,0.005504890177444428,5.45,5.4497,5.06,142966
2024-01-03,IVDA,-0.48154093097913364,0.62,0.623,0.6003,24950
2024-01-03,FTCI,3.791264235260198,0.72,0.6937,0.729,715385
2024-01-03,KLTR,-1.6393442622950833,1.8,1.83,1.77,146210
2024-01-03,GO,0.33063923585598776,27.31,27.22,28.0,1632178
2024-01-03,ABVC,2.5641025641025665,1.2,1.17,1.78,89146344
2024-01-03,CYBN,-0.5025125628140708,0.396,0.398,0.3884,2812761
2024-01-03,LGVN,1.5384615384615397,1.32,1.3,1.27,126038
2024-01-03,LAB,-0.45045045045046084,2.21,2.22,2.04,1036739
2024-01-03,COCP,0.0,1.75,1.75,1.75,6946
2024-01-03,BIRD,-2.148322542672152,1.33,1.3592,1.3192,1239078
2024-01-03,PMEC,0.0,2.39,2.39,2.15,79381
2024-01-03,COLL,-1.7268445839874433,31.3,31.85,34.89,1930078
2024-01-03,XPER,-0.8912655971479628,11.12,11.22,10.84,409640
2024-01-03,BEEP,-5.291005291005288,5.37,5.67,4.1,21135
2024-01-03,CAC,-0.5291005291005179,37.6,37.8,36.77,35204
2024-01-03,PEPG,1.2693935119887145,7.18,7.09,6.81,41715
2024-01-03,SOTK,0.0,5.4,5.4,5.38,12684
2024-01-03,BHFAO,0.7532122286220565,22.74,22.57,22.72,19850
2024-01-03,APLM,4.134894211148102,0.9696,0.9311,0.935,687025
2024-01-03,TSE,-2.4940617577197037,8.21,8.42,7.7,457720
2024-01-03,ACRS,-0.9174311926605512,1.08,1.09,1.14,2856500
2024-01-03,KNDI,-4.561403508771926,2.72,2.85,2.8,92757
2024-01-03,NXN,0.1702127659574432,11.77,11.75,11.84,3328
2024-01-03,CDNA,0.41876046901173125,11.99,11.94,10.94,687232
2024-01-03,FVCB,1.1484593837535118,14.444,14.28,13.9,27475
2024-01-03,RILYL,1.9249278152069227,21.18,20.78,21.15,5730
2024-01-03,CRTO,-1.0141987829614605,24.4,24.65,24.52,243109
2024-01-03,PROP,-100.0,0.0,7.63,7.7,20082
2024-01-03,LGL,-2.166666666666665,5.87,6.0,6.06,8635
2024-01-03,SEVN,-0.38167938931296896,13.05,13.1,13.42,76573
2024-01-03,DLNG,0.0,2.85,2.85,2.95,34415
2024-01-03,KELYA,-0.40853381752156087,21.94,22.03,21.29,196084
2024-01-03,XFOR,-1.0123734533183362,0.88,0.889,0.86,937810
2024-01-03,DRRX,2.2719076812116943,0.5672,0.5546,0.5215,169232
2024-01-03,SRZNW,-1.0526315789473621,0.0188,0.019,0.015,10494
2024-01-03,BTBT,-2.313624678663247,3.8,3.89,3.68,13036099
2024-01-03,ANGH,-0.9259259259259267,1.07,1.08,0.9975,13078
2024-01-03,XPRO,0.0,15.85,15.85,15.92,935608
2024-01-03,RLAY,-3.583333333333331,11.57,12.0,12.11,1107797
2024-01-03,LODE,5.745505816002813,0.6,0.5674,0.542,761614
2024-01-03,ELMD,-0.4703668861712202,10.58,10.63,10.72,10207
2024-01-03,CENN,-2.6143790849673225,1.49,1.53,1.43,199413
2024-01-03,MPV,-3.1390134529147997,15.12,15.61,15.11,47992
2024-01-03,SHEN,-0.9324009324009291,21.25,21.45,21.49,149142
2024-01-03,XPL,-2.8778248587570587,0.5501,0.5664,0.545,30545
2024-01-03,SGMT,-4.12757973733583,5.11,5.33,5.26,45893
2024-01-03,GRRR,-0.053956834532388115,0.5557,0.556,0.5399,426450
2024-01-03,NEWP,-2.1684782608695676,1.8001,1.84,1.74,350353
2024-01-03,OBT,0.08510638297871857,58.8,58.75,53.7,12910
2024-01-03,OVID,-1.493975903614454,3.2704,3.32,3.31,199811
2024-01-03,AAME,0.8403361344537823,2.4,2.38,2.31,6812
2024-01-03,ADCT,-0.5882352941176475,1.69,1.7,1.64,473879
2024-01-03,CULP,-2.910958904109588,5.67,5.84,5.75,16250
2024-01-03,ECO,0.6566946369937969,27.59,27.41,29.0,76439
2024-01-03,ESGL,-1.5384615384615397,0.64,0.65,0.62,31138
2024-01-03,SBGI,0.0,13.5,13.5,13.54,541218
2024-01-03,BNGO,1.4851485148514756,2.05,2.02,1.889,2060489
2024-01-03,GGR,-2.7450980392156805,2.48,2.55,2.37,161295
2024-01-03,MFH,-1.5686274509803935,2.51,2.55,2.02,22397
2024-01-03,ZIM,0.0,11.15,11.15,12.19,15071314
2024-01-03,INN,1.1627906976744196,6.96,6.88,6.71,674186
2024-01-03,NAT,0.0,4.3,4.3,4.46,5125855
2024-01-03,GPJA,-0.2247191011235987,22.2,22.25,22.23,58701
2024-01-03,LVO,0.8000000000000007,1.26,1.25,1.25,223198
2024-01-03,NBN,4.989946993237063,57.44,54.71,52.99,14923
2024-01-03,IRMD,0.08458447874814791,47.33,47.29,45.74,55373
2024-01-03,CLSD,-2.343750000000002,1.25,1.28,1.4494,368573
2024-01-03,GNLX,10.489014883061662,15.59,14.11,14.59,61559
2024-01-03,MSBI,-0.6166122597025815,27.4,27.57,26.83,80697
2024-01-03,MPTI,-2.647766782562188,36.4,37.39,36.0,265926
2024-01-03,VLRS,-2.3835319609967565,9.01,9.23,9.09,478376
2024-01-03,GROV,0.0,1.8,1.8,1.98,182010
2024-01-03,GYRE,1.589156947512275,23.64,23.2702,24.11,53002
2024-01-03,IKT,2.1897810218977956,1.4,1.37,1.33,51335
2024-01-03,ACRV,4.590818363273462,5.24,5.01,4.98,33768
2024-01-03,YMM,0.7541478129713397,6.68,6.63,6.6002,7574240
2024-01-03,XRTX,-6.355932203389828,2.21,2.36,2.67,327027
2024-01-03,FBYD,4.489795918367353,12.8,12.25,12.01,7717
2024-01-03,SCKT,-100.0,0.0,1.19,1.12,22893
2024-01-03,LEG,-2.111111111111112,26.43,27.0,25.68,959776
2024-01-03,GFR,0.0,5.12,5.12,5.36,8865
2024-01-03,NL,-1.6245487364620912,5.45,5.54,5.42,14289
2024-01-03,EZPW,-0.22935779816515306,8.7,8.72,8.71,249539
2024-01-03,SVC,-2.534562211981554,8.46,8.68,8.37,837110
2024-01-03,URG,0.0,1.52,1.52,1.49,2041760
2024-01-03,SCPH,-1.8779342723004713,6.27,6.39,6.35,202385
2024-01-03,JVA,-4.217252396166131,0.8994,0.939,0.8625,14664
2024-01-03,BBDC,0.0,8.79,8.79,8.7,401141
2024-01-03,KXIN,2.325581395348839,0.88,0.86,0.829,79473
2024-01-03,SGC,-4.066666666666663,14.39,15.0,13.71,45561
2024-01-03,AQMS,1.646302250803863,0.7903,0.7775,0.7088,526642
2024-01-03,AIRG,-100.0,0.0,3.6,3.56,6677
2024-01-03,MBINN,-100.0,0.0,20.12,20.05,5177
2024-01-03,TENX,7218.199307425933,19.02,0.2599,15.95,58242
2024-01-03,SLP,0.6712911165809001,44.99,44.69,43.15,308011
2024-01-03,EMX,-1.8572582147959524,1.58,1.6099,1.62,127219
2024-01-03,HFFG,2.24299065420561,5.47,5.35,5.4,68833
2024-01-03,AZ,1.5267175572519098,1.33,1.31,1.18,151039
2024-01-03,CHCO,-0.2872531418312454,111.08,111.4,108.22,89537
2024-01-03,SLNHP,-100.0,0.0,3.81,3.71,5681
2024-01-03,AGAE,-2.803738317757012,1.04,1.07,1.13,77433
2024-01-03,MTC,1.2423008664787578,0.9698,0.9579,1.81,9862835
2024-01-03,SYPR,-100.0,0.0,2.04,2.09,4234
2024-01-03,RVMDW,-100.0,0.0,0.4,0.33,119276
2024-01-03,APOG,-0.7537214999057821,52.67,53.07,52.07,151211
2024-01-03,CCNE,1.1732851985559638,22.42,22.16,21.98,59989
2024-01-03,HSHP,1.3740458015267154,6.64,6.55,6.67,103428
2024-01-03,HBT,-0.18726591760299227,21.32,21.36,20.83,26438
2024-01-03,WKSP,-3.2258064516129057,1.5,1.55,1.5,109716
2024-01-03,VHI,0.6811989100817415,14.78,14.68,14.44,3385
2024-01-03,SANA,0.0,4.25,4.25,4.6988,3890769
2024-01-03,GMGI,-2.07883817427386,2.3599,2.41,2.35,22246
2024-01-03,ACRE,-2.4785510009532867,10.23,10.49,9.88,477076
2024-01-03,TARA,-1.8181818181818195,2.16,2.2,2.17,48896
2024-01-03,XBIT,-2.30414746543778,4.24,4.34,4.29,8238
2024-01-03,CCO,-1.666666666666668,1.77,1.8,1.62,3419041
2024-01-03,NEON,0.0,2.31,2.31,2.23,67597
2024-01-03,FMAO,-2.2231543624161123,23.31,23.84,22.49,31607
2024-01-03,GLDD,-0.2624671916010559,7.6,7.62,7.9,641872
2024-01-03,BALY,0.377643504531714,13.29,13.24,12.2,508062
2024-01-03,NYAX,inf,20.1,0.0,20.335,56
2024-01-03,OCTO,-4.6984972417728645,0.501,0.5257,0.53,23338
2024-01-03,VRE,-1.5842839036755387,15.53,15.78,15.3,937917
2024-01-03,VRCA,-3.4883720930232593,6.64,6.88,6.79,439368
2024-01-03,GASS,0.0,6.98,6.98,7.2222,230014
2024-01-03,SONN,-3.63636363636364,1.696,1.76,1.79,88761
2024-01-03,SFST,-1.0048886474741918,36.45,36.82,36.85,78251
2024-01-03,VSME,11.111111111111107,0.43,0.387,0.3999,46979
2024-01-03,CLOV,-1.9177234766470719,0.9513,0.9699,0.9251,11132538
2024-01-03,WRLD,-0.1632716529311211,128.41,128.62,127.42,30429
2024-01-03,FENC,0.8992805755395812,11.22,11.12,10.81,66181
2024-01-03,SRTS,1.2048192771084258,2.52,2.49,2.5,41534
2024-01-03,CINGW,-19.39799331103679,0.0241,0.0299,0.0245,28502
2024-01-03,QSI,-3.4653465346534684,1.95,2.02,1.93,773900
2024-01-03,KOSS,7.714285714285715,3.77,3.5,3.33,19185
2024-01-03,CHCT,-0.056348610067620465,26.605,26.62,25.78,192464
2024-01-03,TIXT,0.0,8.61,8.61,8.29,266739
2024-01-03,SLI,2.955665024630545,2.09,2.03,1.96,1406830
2024-01-03,VVOS,0.2570694087403544,11.7,11.67,11.7,54860
2024-01-03,AGRI,-2.688060012502598,0.467,0.4799,0.4589,271971
2024-01-03,WHG,0.2360346184106952,12.74,12.71,12.63,6008
2024-01-03,SABR,0.9501187648456066,4.25,4.21,4.21,4470362
2024-01-03,OXLC,0.4024144869215385,4.99,4.97,4.98,1710520
2024-01-03,RAVE,1.8433179723502322,2.21,2.17,2.18,28234
2024-01-03,ENGN,-1.5053763440860275,9.16,9.3,9.18,15953
2024-01-03,GSL,-2.124505928853754,19.81,20.24,20.48,542265
2024-01-03,CHSCO,0.11428571428571861,26.28,26.25,26.28,10969
2024-01-03,MDAI,1.7543859649122744,2.9,2.85,2.9208,700171
2024-01-03,INM,0.0,0.4063,0.4063,0.408,135818
2024-01-03,TKNO,-2.091152815013401,3.652,3.73,3.78,16334
2024-01-03,DGLY,-2.3364485981308536,2.09,2.14,2.06,7811
2024-01-03,PLAG,8.03858520900321,0.504,0.4665,0.4797,19285
2024-01-03,CCAP,-0.29069767441860883,17.15,17.2,17.24,198121
2024-01-03,JAKK,2.6853146853146876,36.71,35.75,35.0,129196
2024-01-03,VIVK,1.9047619047619064,1.07,1.05,1.02,10908
2024-01-03,MTNB,-2.533333333333338,0.2193,0.225,0.2186,531503
2024-01-03,AREC,0.0,1.55,1.55,1.5482,223733
2024-01-03,MDV,-2.2339027595269374,14.88,15.22,14.9,13800
2024-01-03,ONTF,-0.13422818791946023,7.44,7.45,7.15,233786
2024-01-03,CARS,-3.431635388739931,18.01,18.65,18.17,280156
2024-01-03,LGIH,-1.6168395363026271,129.0,131.12,125.72,150731
2024-01-03,ALEX,-0.6809848088004139,18.96,19.09,18.68,323861
2024-01-03,LMFA,-2.8125000000000027,0.622,0.64,0.6899,1392593
2024-01-03,YHGJ,-0.47393364928908943,2.1,2.11,2.08,19705
2024-01-03,GTE,0.3571428571428654,5.62,5.6,5.61,482549
2024-01-03,SGML,-1.3561511139812663,30.55,30.97,29.6,533423
2024-01-03,AHCO,-1.2430939226519317,7.15,7.24,6.99,1061922
2024-01-03,ZTEK,14.049586776859499,1.38,1.21,1.21,22919
2024-01-03,WALD,1.251117068811444,11.33,11.19,10.99,77790
2024-01-03,FPI,0.0,12.44,12.44,12.15,331383
2024-01-03,NVNI,-0.006249609399411849,1.6,1.6001,1.68,8761
2024-01-03,NTRB,-1.2658227848101369,2.34,2.37,2.3,3951
2024-01-03,TURB,0.8547008547008554,1.18,1.17,0.0,26551
2024-01-03,NGNE,0.15274949083503633,19.67,19.64,19.57,28712
2024-01-03,EM,5.000000000000004,0.525,0.5,0.53,21682
2024-01-03,AISPW,0.0,0.057,0.057,0.095,246697
2024-01-03,NSPR,1.0752688172042941,2.82,2.79,2.67,8935
2024-01-03,RELL,1.2307692307692317,13.16,13.0,13.22,68869
2024-01-03,ONDS,-3.783783783783787,1.78,1.85,1.89,534484
2024-01-03,SNAL,-0.8130081300813016,1.22,1.23,1.28,11905
2024-01-03,SPPL,0.0,5.73,5.73,5.51,15899
2024-01-03,ORMP,-3.2128514056224926,2.41,2.49,2.37,136974
2024-01-03,GPRO,-3.714285714285711,3.37,3.5,3.29,1575932
2024-01-03,RMAX,-5.361305361305358,12.18,12.87,12.65,245320
2024-01-03,TRUE,0.0,3.23,3.23,3.19,251717
2024-01-03,LPSN,0.0,3.66,3.66,3.61,1702940
2024-01-03,TC,-6.682027649769578,0.2025,0.217,0.2343,104426
2024-01-03,NVX,3.1914893617021307,1.94,1.88,1.91,30204
2024-01-03,XNET,-7.100591715976325,1.57,1.69,1.57,60666
2024-01-03,GFAI,0.9090909090909167,3.33,3.3,3.28,151874
2024-01-03,CSV,-0.43807248108323155,25.0,25.11,24.37,110041
2024-01-03,KRP,-0.5897771952817815,15.17,15.26,15.46,284561
2024-01-03,NYMT,-1.551312649164687,8.25,8.38,8.17,569950
2024-01-03,SLND,-5.783582089552248,5.05,5.36,5.41,17111
2024-01-03,BTMD,-0.634249471458779,4.7,4.73,4.62,55900
2024-01-03,IHT,inf,1.88,0.0,1.55,4713
2024-01-03,HZO,-1.2364760432766535,38.34,38.82,36.01,168500
2024-01-03,HKD,0.0,4.24,4.24,4.17,162598
2024-01-03,JYNT,-0.5170630816959743,9.62,9.67,9.03,127328
2024-01-03,MDWD,2.9277218664226923,11.25,10.93,11.96,41967
2024-01-03,NFE,0.24187046492877268,37.3,37.21,36.69,603943
2024-01-03,VFSWW,-100.0,0.0,1.455,1.52,25985
2024-01-03,DLTH,-0.18450184501844624,5.41,5.42,5.31,63779
2024-01-03,FLL,3.200000000000003,5.16,5.0,5.06,128956
2024-01-03,FDMT,0.0,21.99,21.99,20.17,378440
2024-01-03,PRTG,-2.051282051282053,1.91,1.95,1.69,20190
2024-01-03,BCRX,-1.9386106623586445,6.07,6.19,6.0,3700006
2024-01-03,KAVL,6.417624521072794,0.2222,0.2088,0.2165,138088
2024-01-03,JACK,0.02393203302621782,83.59,83.57,81.34,325557
2024-01-03,VRPX,-1.157184185149467,0.3075,0.3111,0.3195,26117
2024-01-03,WAFU,7.3170731707317245,2.2,2.05,2.18,17305
2024-01-03,NEGG,0.7751937984496131,1.3,1.29,1.14,1040194
2024-01-03,PGRE,0.19120458891012976,5.24,5.23,5.01,1854273
2024-01-03,UROY,-0.7575757575757582,2.62,2.64,2.6,760236
2024-01-03,PAHC,-2.4026512013256083,11.78,12.07,11.59,195059
2024-01-03,SPCE,0.0,2.35,2.35,2.34,9035343
2024-01-03,HRTX,0.5319148936170218,1.89,1.88,1.75,1710466
2024-01-03,NEOV,-4.938271604938276,1.54,1.62,1.54,42750
2024-01-03,BRBS,0.0,3.12,3.12,2.95,109631
2024-01-03,HBIO,1.298701298701304,5.46,5.39,4.75,87294
2024-01-03,WIMI,1.2073170731707341,0.8299,0.82,0.8299,125740
2024-01-03,ORN,0.0,4.83,4.83,4.8,56581
2024-01-03,PSNYW,-2.0016680567139393,0.235,0.2398,0.24,36747
2024-01-03,HLVX,-0.7899934167215221,15.07,15.19,15.04,112159
2024-01-03,ITRM,4.761904761904766,1.98,1.89,1.93,106888
2024-01-03,LOB,0.3120820329915305,45.0,44.86,43.0,164114
2024-01-03,HOWL,-1.3363028953229508,4.43,4.49,4.23,218593
2024-01-03,CARE,-0.5376344086021511,14.8,14.88,14.38,62985
2024-01-03,CCBG,-0.27146250424159585,29.39,29.47,28.38,31253
2024-01-03,FNLC,0.0,28.38,28.38,28.11,36232
2024-01-03,TELA,0.9063444108761269,6.68,6.62,6.61,220378
2024-01-03,CNXN,-1.951951951951948,65.3,66.6,64.5,75988
2024-01-03,RPTX,0.0,7.29,7.29,7.05,297353
2024-01-03,CGTX,-4.013070560604514,1.88,1.9586,1.91,33906
2024-01-03,ONEW,0.061330880098138994,32.63,32.61,30.55,61031
2024-01-03,GRNQ,4.098360655737709,1.27,1.22,1.15,140695
2024-01-03,NBY,3.740648379052358,0.208,0.2005,0.184,1789499
2024-01-03,LSAK,0.0,3.65,3.65,3.65,15760
2024-01-03,BBW,-0.9043927648578696,23.01,23.22,22.01,375218
2024-01-03,NUTX,2.091836734693874,0.2001,0.196,0.1983,676295
2024-01-03,NCL,-0.7812500000000007,1.27,1.28,1.12,1178658
2024-01-03,BH,0.20109344561050285,159.45,159.13,161.0,6407
2024-01-03,DTIL,0.0,0.37,0.37,0.3899,340493
2024-01-03,CLAR,-2.071005917159759,6.62,6.76,6.13,339134
2024-01-03,CRGOW,71.75572519083968,0.18,0.1048,0.0,965
2024-01-03,TRS,-0.8556981719175513,25.49,25.71,24.95,237500
2024-01-03,ATUS,0.6269592476489034,3.21,3.19,3.08,5707258
2024-01-03,MAIA,-1.7094017094017109,1.15,1.17,1.13,148662
2024-01-03,MITT,-2.8301886792452926,6.18,6.36,6.0,180012
2024-01-03,MBC,-3.384253028263786,14.3571,14.86,14.97,1436213
2024-01-03,RGCO,0.0,20.19,20.19,20.0,120108
2024-01-03,CVAC,-2.0930232558139505,4.21,4.3,4.15,520033
2024-01-03,COUR,-2.6740665993945565,19.29,19.82,19.21,1216495
2024-01-03,RCKY,-4.724137931034486,27.63,29.0,28.0,70449
2024-01-03,SAY,0.836986847349545,25.3,25.09,25.31,721
2024-01-03,ODC,0.2609830361026632,69.15,68.97,67.96,24169
2024-01-03,FXNC,-0.9324009324009291,21.25,21.45,21.0,13248
2024-01-03,RMTI,-0.5347593582887704,1.86,1.87,1.7195,290828
2024-01-03,IRS,-1.3017751479289874,8.34,8.45,8.12,141406
2024-01-03,ERII,-1.4300847457627097,18.61,18.88,18.31,312751
2024-01-03,JG,2.020202020202007,3.03,2.97,3.04,15030
2024-01-03,CBNK,-1.0333863275039807,24.9,25.16,24.37,34636
2024-01-03,BPRN,0.0,36.25,36.25,35.56,13721
2024-01-03,DXF,0.0,0.349,0.349,0.404,619012
2024-01-03,GV,0.3773584905660355,0.2128,0.212,0.2179,15519
2024-01-03,APLT,0.2645502645502707,3.79,3.78,3.52,3036500
2024-01-03,FLUX,-16.898608349900606,4.18,5.03,5.63,268000
2024-01-03,NLSP,3.386155129274392,0.6198,0.5995,0.5701,29314
2024-01-03,IPX,0.10593220338982826,9.45,9.44,9.46,21595
2024-01-03,YI,3.7499999999999893,1.66,1.6,1.83,198992
2024-01-03,FORA,1.3550135501355085,3.74,3.69,2.95,41423
2024-01-03,URGN,-5.5663430420711935,14.59,15.45,14.09,264073
2024-01-03,INKT,0.0,1.11,1.11,1.06,22951
2024-01-03,UNCY,-1.2528735632183934,0.8591,0.87,0.86,162904
2024-01-03,XERS,0.0,2.26,2.26,2.23,1274876
2024-01-03,BFRG,-4.761904761904759,3.0,3.15,2.69,66190
2024-01-03,KTTA,0.0,8.49,8.49,8.0,19605
2024-01-03,CRIS,-6.434108527131784,12.07,12.9,14.44,99583
2024-01-03,NAOV,6.481481481481466,1.15,1.08,1.1015,19724
2024-01-03,ZVSA,10.124733116080453,0.98,0.8899,0.9201,464453
2024-01-03,MIST,0.0,1.79,1.79,1.76,254357
2024-01-03,CPF,-0.40506329113923184,19.67,19.75,19.55,145258
2024-01-03,TIL,1.3140604467805472,7.71,7.61,7.59,26707
2024-01-03,MIRA,4.347826086956526,1.2,1.15,1.16,52809
2024-01-03,ASA,-0.5909389363099137,15.14,15.23,15.14,139590
2024-01-03,SHBI,-0.7801418439716272,13.99,14.1,13.4,89823
2024-01-03,AOSL,-1.1424491253123894,27.69,28.01,28.27,329645
2024-01-03,CPOP,-4.273504273504258,1.12,1.17,1.11,15666
2024-01-03,NXC,0.23346303501946408,12.88,12.85,12.93,14034
2024-01-03,WSBF,0.28429282160624836,14.11,14.07,13.78,46758
2024-01-03,SCYX,2.955665024630545,2.09,2.03,1.97,847664
2024-01-03,FCCO,-0.09337068160599031,21.4,21.42,20.67,14762
2024-01-03,LASE,0.0,1.12,1.12,1.15,51102
2024-01-03,KROS,0.0,43.13,43.13,42.0,335748
2024-01-03,NCMI,2.3255813953488333,3.96,3.87,4.11,253923
2024-01-03,XRX,-0.5028291168430752,17.69,17.7794,15.92,4622068
2024-01-03,SNCY,-1.6056518946692355,15.32,15.57,14.38,556045
2024-01-03,PHAT,-1.6357688113413342,9.02,9.17,9.09,325450
2024-01-03,RDWR,-0.9179926560587428,16.19,16.34,15.97,91202
2024-01-03,ATGL,-1.8488745980707286,12.21,12.44,10.94,53886
2024-01-03,GAIA,0.0,2.72,2.72,2.76,16171
2024-01-03,CMCL,-2.1093750000000107,12.53,12.8,12.16,50804
2024-01-03,DYAI,-2.9585798816568074,1.64,1.69,1.6,6983
2024-01-03,FULC,-4.993065187239949,6.85,7.21,7.26,521888
2024-01-03,VFF,-3.048469387755106,0.7601,0.784,0.79,490269
2024-01-03,LVRO,-5.294117647058815,8.05,8.5,8.41,8601
2024-01-03,BCDA,4.868852459016403,0.6397,0.61,0.68,346776
2024-01-03,SCLXW,-17.3134328358209,0.3601,0.4355,0.0,11034
2024-01-03,GENC,0.0,16.2,16.2,15.81,20710
2024-01-03,QLGN,2.8749999999999805,0.5761,0.56,0.55,21353
2024-01-03,THTX,2.40963855421687,1.7,1.66,1.75,61315
2024-01-03,PRTS,-4.281345565749239,3.13,3.27,3.21,372724
2024-01-03,GNTY,0.14938751120407606,33.52,33.47,32.82,15443
2024-01-03,IRIX,0.35211267605634616,2.85,2.84,2.91,10297
2024-01-03,HNRG,0.05431830526888411,9.21,9.205,9.5,446829
2024-01-03,ICFI,-0.1113833815994485,134.52,134.67,132.69,101392
2024-01-03,KPTI,0.12089240575887349,0.911,0.9099,0.858,1006247
2024-01-03,SAMG,-0.3569303985722708,16.75,16.81,16.83,30677
2024-01-03,RWAY,-1.249024199843873,12.65,12.81,12.81,209869
2024-01-03,CNMD,-1.153182602379003,108.86,110.13,108.36,552011
2024-01-03,LU,-0.6849315068493157,2.9,2.92,2.85,3282929
2024-01-03,BFLY,-3.636363636363639,1.06,1.1,1.02,1633363
2024-01-03,QNST,-0.5464480874316962,12.74,12.81,12.45,445443
2024-01-03,AVNS,0.0,22.68,22.68,21.36,211011
2024-01-03,SKYT,-4.3803418803418825,8.95,9.36,8.87,313286
2024-01-03,DGICA,-0.42342978122794983,14.11,14.17,14.05,44213
2024-01-03,DAC,-1.0972636141966787,73.01,73.82,76.39,138798
2024-01-03,SNTG,-0.5813953488372098,3.42,3.44,2.82,1631613
2024-01-03,EDRY,-100.0,0.0,19.13,19.52,7452
2024-01-03,DOLE,-1.5178861788617892,12.1133,12.3,12.34,430553
2024-01-03,TOMZ,-8.257425742574261,0.9266,1.01,0.95,14717
2024-01-03,TAIT,-100.0,0.0,3.5,3.49,15892
2024-01-03,HUYA,0.0,3.52,3.52,3.51,1068365
2024-01-03,STIM,3.4926470588235197,2.815,2.72,2.68,369391
2024-01-03,LXEO,4.989885367498316,15.57,14.83,14.79,41278
2024-01-03,NYMTZ,1.680672268907547,18.15,17.85,17.77,9639
2024-01-03,BWSN,-0.7070707070707098,19.66,19.8,19.88,16099
2024-01-03,DRD,-0.5000000000000004,7.96,8.0,7.86,466466
2024-01-03,OPRT,5.263157894736841,3.8,3.61,3.6,263915
2024-01-03,VGZ,5.000000000000004,0.4935,0.47,0.449,199279
2024-01-03,BELFB,-1.2099862153469232,64.5,65.29,62.9,82086
2024-01-03,EIG,0.42788824565819716,39.9,39.73,39.48,127728
2024-01-03,VMAR,-0.9615384615384623,1.03,1.04,1.06,39032
2024-01-03,ORRF,-0.17041581458759616,29.29,29.34,28.825,74141
2024-01-03,VTVT,5.263157894736835,10.6,10.07,10.59,11448
2024-01-03,SFIX,-0.8356545961002733,3.56,3.59,3.46,1246505
2024-01-03,HRZN,-1.4126394052044573,13.26,13.45,13.43,170750
2024-01-03,FTK,-0.7978723404255268,3.73,3.76,3.41,228081
2024-01-03,QURE,-1.4224751066856405,6.93,7.03,6.68,619645
2024-01-03,KREF,-3.032600454890071,12.79,13.19,13.0,381130
2024-01-03,OESX,0.6531748581218539,0.94,0.9339,0.9429,20109
2024-01-03,BWB,0.9992313604919354,13.14,13.01,12.62,99182
2024-01-03,ALGT,-1.1097560975609715,81.09,82.0,76.34,291137
2024-01-03,EIC,1.0989010989010999,14.72,14.56,14.59,148418
2024-01-03,CWH,-0.4892736168611178,26.44,26.57,24.57,1001533
2024-01-03,IMAX,-1.2508229098090817,15.0,15.19,15.03,718609
2024-01-03,IMNN,0.8391203703703581,0.697,0.6912,0.6668,29129
2024-01-03,ITRG,-5.5177626606198045,1.0,1.0584,1.03,74015
2024-01-03,PKOH,-0.07656967840734906,26.1,26.12,26.08,42789
2024-01-03,RLGT,-0.7633587786259515,6.5,6.55,6.4,79969
2024-01-03,RENB,-3.448275862068962,3.08,3.19,3.27,95292
2024-01-03,QCRH,-0.7698887938408945,58.0,58.45,56.51,52453
2024-01-03,SVM,-2.7027027027026964,2.52,2.59,2.55,2161612
2024-01-03,AVO,-2.264150943396228,10.36,10.6,10.18,164570
2024-01-03,SYRE,2.8639618138424887,21.55,20.95,20.58,98604
2024-01-03,EEX,0.0,5.87,5.87,5.74,50505
2024-01-03,BNED,-3.6363636363636265,1.59,1.65,1.53,890830
2024-01-03,SMID,-0.025400050800096552,39.36,39.37,38.97,22921
2024-01-03,DBVT,-1.8262430064393522,0.93,0.9473,0.8888,45726
2024-01-03,IAUX,-4.705882352941168,1.62,1.7,1.64,2340686
2024-01-03,SQNS,-0.35460992907800665,2.81,2.82,2.78,732599
2024-01-03,GNE,0.5319148936170288,28.35,28.2,28.29,180109
2024-01-03,BBAR,-0.1904761904761864,5.24,5.25,5.23,606816
2024-01-03,DUO,7.3619631901840386,0.7,0.652,0.6802,17116
2024-01-03,GSBD,-0.20491803278689302,14.61,14.64,14.58,647637
2024-01-03,MIGI,-2.683662198871611,3.26,3.3499,2.95,1310863
2024-01-03,SWAG,0.0,1.46,1.46,1.54,12997
2024-01-03,PMVP,-1.538461538461533,3.2,3.25,3.04,346942
2024-01-03,MNSO,-0.5086469989827133,19.56,19.66,19.86,1042852
2024-01-03,ADNT,3.746155996645223,37.11,35.77,34.55,1018855
2024-01-03,CVEO,-100.0,0.0,22.3,22.15,47574
2024-01-03,NPCE,-1.0288065843621546,9.62,9.72,10.05,94304
2024-01-03,TMCWW,-100.0,0.0,0.1298,0.12,98699
2024-01-03,CXAIW,-42.29659549913445,0.1,0.1733,0.1733,8709
2024-01-03,OSS,2.8708133971291896,2.15,2.09,2.18,8970
2024-01-03,IDT,-0.6822901216256422,33.48,33.71,33.56,90236
2024-01-03,NYMTL,0.5162622612286931,19.47,19.37,19.33,15789
2024-01-03,AMN,-1.9622737055323425,77.44,78.99,76.0,415143
2024-01-03,SPRC,0.0,5.1,5.1,5.69,181380
2024-01-03,CELU,-3.7255625230542226,0.261,0.2711,0.29,1760244
2024-01-03,FFWM,3.4707158351409815,9.54,9.22,9.12,852569
2024-01-03,SEAT,0.0,6.17,6.17,6.54,2758843
2024-01-03,CADL,3.5460992907801447,1.46,1.41,1.46,74181
2024-01-03,CMLS,0.0,4.97,4.97,5.07,39441
2024-01-03,VET,-0.08326394671107233,12.0,12.01,12.3,1102375
2024-01-03,NRT,-5.660377358490571,6.0,6.36,6.09,69698
2024-01-03,WVE,0.0,5.34,5.34,4.906,969120
2024-01-03,CDRO,0.0,3.05,3.05,3.1,69234
2024-01-03,ANIX,-1.0075566750629732,3.93,3.97,3.86,226342
2024-01-03,MSEX,0.0,64.71,64.71,62.95,83196
2024-01-03,BURU,-1.2941176470588278,0.1678,0.17,0.17,930068
2024-01-03,ATAI,1.7964071856287442,1.7,1.67,1.53,2792211
2024-01-03,CDT,-9.808102345415778,4.23,4.69,4.54,28910
2024-01-03,ACXP,0.050025012506247614,4.0,3.998,4.08,147600
2024-01-03,CVR,0.1818181818181887,16.53,16.5,16.83,14912
2024-01-03,RGNX,0.21810250817883942,18.38,18.34,17.35,1285883
2024-01-03,TRVI,-2.2556390977443628,1.3,1.33,1.31,231440
2024-01-03,ELVA,11.821086261980835,3.5,3.13,3.2701,76678
2024-01-03,BIAF,11.0344827586207,1.61,1.45,1.68,9090
2024-01-03,OPTT,1.1079455523899977,0.3194,0.3159,0.3071,161032
2024-01-03,KMT,-0.9009009009009025,25.3,25.53,24.67,608411
2024-01-03,OCG,-100.0,0.0,1.35,1.4,17350
2024-01-03,MLAB,0.0,106.26,106.26,97.13,104522
2024-01-03,SXTC,3.745318352059929,2.77,2.67,2.55,305808
2024-01-03,BHVN,-0.16670635865682373,41.92,41.99,40.2,1114637
2024-01-03,LRMR,-0.03718199608610592,5.1081,5.11,5.12,2100424
2024-01-03,UAVS,3.1894934333958727,0.11,0.1066,0.105,1245156
2024-01-03,GAME,-0.5813953488372098,1.71,1.72,1.79,3801
2024-01-03,DTST,1.360544217687076,2.98,2.94,2.91,27546
2024-01-03,RILYP,-100.0,0.0,18.74,18.64,8552
2024-01-03,APM,6.5116279069767495,2.29,2.15,0.0,2211
2024-01-03,FGBI,-100.0,0.0,11.36,11.53,12099
2024-01-03,FET,-1.1479028697571658,22.39,22.65,22.21,24745
2024-01-03,FRAF,-100.0,0.0,31.12,30.34,4168
2024-01-03,GABC,-0.5203550658096164,32.5,32.67,32.07,138453
2024-01-03,SENS,0.0,0.5699,0.5699,0.538,4164676
2024-01-03,KVHI,0.18587360594795144,5.39,5.38,5.2,60904
2024-01-03,MAX,-0.3629764065335676,10.98,11.02,10.61,73910
2024-01-03,SNCR,1.3986013986014,5.8,5.72,5.91,34756
2024-01-03,MTLS,-0.319488817891367,6.24,6.26,6.21,86438
2024-01-03,KALU,-1.5362731152204812,69.22,70.3,65.12,105821
2024-01-03,TACT,-1.4184397163120517,6.95,7.05,6.95,19888
2024-01-03,MAN,-0.15166835187058206,79.0,79.12,74.57,198676
2024-01-03,COGT,-8.787878787878789,6.02,6.6,5.97,1586785
2024-01-03,KFRC,-0.5964807634953858,66.66,67.06,64.65,120317
2024-01-03,RXST,0.9549795361528007,37.0,36.65,35.51,492699
2024-01-03,PBFS,0.40404040404039543,9.94,9.9,9.73,18083
2024-01-03,PMN,-1.3157894736842117,1.5,1.52,1.12,46648
2024-01-03,AMS,inf,2.5,0.0,2.46,35361
2024-01-03,STOK,-1.7064846416382344,5.76,5.86,5.48,318039
2024-01-03,VLGEA,4.115853658536593,27.32,26.24,26.02,33454
2024-01-03,SLQT,-0.7407407407407414,1.34,1.35,1.28,434931
2024-01-03,LICN,9.944751381215466,1.99,1.81,1.86,50620
2024-01-03,APEI,0.9081735620585252,10.0,9.91,9.97,149892
2024-01-03,BWMN,-1.938657407407412,33.89,34.56,33.69,56599
2024-01-03,IMTX,-1.3799448022078986,10.72,10.87,10.0,236405
2024-01-03,GENK,-100.0,0.0,7.81,7.9,16596
2024-01-03,ARMN,-1.7699115044247802,3.33,3.39,3.3,88985
2024-01-03,CRESY,0.10869565217393004,9.21,9.2,9.09,211351
2024-01-03,NXPL,14.110429447852773,1.86,1.63,1.61,13131
2024-01-03,INOD,0.0,7.75,7.75,7.8443,415345
2024-01-03,EXK,-3.28282828282828,1.915,1.98,1.86,3895594
2024-01-03,GHI,0.5379557680812903,16.82,16.73,16.81,28312
2024-01-03,NSSC,-2.1358647285671872,32.99,33.71,33.45,249146
2024-01-03,IAS,-0.8064516129032324,14.76,14.88,14.32,1126480
2024-01-03,MOV,-0.5608709996700698,30.14,30.31,29.05,151248
2024-01-03,SNOA,4.05263157894736,0.1977,0.19,0.19,274764
2024-01-03,ADV,-0.8333333333333403,3.57,3.6,3.8,978747
2024-01-03,ICU,0.0,0.4648,0.4648,0.4608,1184197
2024-01-03,YQ,2.0833333333333353,1.96,1.92,0.0,10321
2024-01-03,AHG,-0.9615384615384623,1.03,1.04,1.11,198392
2024-01-03,AUST,2.1988659936385044,0.739,0.7231,0.6926,8050
2024-01-03,SHCO,-2.4637681159420275,6.73,6.9,6.77,136765
2024-01-03,EYPT,-2.326621923937374,21.83,22.35,22.0,966160
2024-01-03,SVRE,-0.6580679126085818,0.7548,0.7598,0.7398,130369
2024-01-03,EVER,-3.0402629416598126,11.8,12.17,11.61,250137
2024-01-03,ASTL,-0.5224660397074264,9.52,9.57,9.99,1002994
2024-01-03,AKTX,-100.0,0.0,3.06,2.79,2864
2024-01-03,PSFE,1.1419249592169702,12.4,12.26,12.08,470224
2024-01-03,PRTH,0.8450704225352182,3.58,3.55,3.31,49822
2024-01-03,ALLT,0.0,1.63,1.63,1.57,26479
2024-01-03,REFI,-9.945421467556088,14.85,16.49,15.94,122730
2024-01-03,MYGN,0.0,19.0,19.0,18.15,672132
2024-01-03,SCNI,0.0,0.61,0.61,0.62,18582
2024-01-03,APCX,-4.761904761904765,2.0,2.1,1.81,203410
2024-01-03,SNBR,2.834149755073486,14.695,14.29,13.9,593323
2024-01-03,SYTA,-5.434782608695652,4.35,4.6,4.5,13205
2024-01-03,LITM,4.545454545454529,1.15,1.1,1.11,59853
2024-01-03,PAVM,0.7352941176470649,4.11,4.08,4.34,130230
2024-01-03,CTLP,0.137741046831953,7.27,7.26,7.03,256060
2024-01-03,TYGO,2.072538860103629,1.97,1.93,1.98,93481
2024-01-03,ELWS,11.111111111111121,0.8,0.72,0.6823,281825
2024-01-03,FTLF,-100.0,0.0,19.4,19.79,4043
2024-01-03,GDYN,-1.4492753623188368,12.92,13.11,12.69,253832
2024-01-03,IBIO,3.759398496240588,1.38,1.33,1.349,120066
2024-01-03,SNT,,0.0,0.0,1.23,10843
2024-01-03,TWIN,-0.18832391713747243,15.9,15.93,15.75,18798
2024-01-03,ELAB,,0.0,0.0,1.78,12662
2024-01-03,SD,-0.1456664238892904,13.71,13.73,13.89,555849
2024-01-03,CYCCP,1.57671315949061,16.75,16.49,15.4,3692
2024-01-03,FSBW,-0.32025620496396434,37.35,37.47,37.09,23056
2024-01-03,OLMA,0.0,13.73,13.73,14.03,308379
2024-01-03,LWLG,2.1739130434782727,4.7,4.6,4.5,787072
2024-01-03,FGEN,0.06023370678232213,0.8306,0.8301,0.8,762527
2024-01-03,LNKB,-100.0,0.0,8.0,8.0,29879
2024-01-03,WAVE,-2.7777777777777803,1.4,1.44,1.86,59690
2024-01-03,CLNE,-1.2987012987013056,3.8,3.85,3.69,1249010
2024-01-03,SGBX,-0.23349607302059974,0.47,0.4711,0.47,70776
2024-01-03,MDBH,-1.3675213675213687,11.54,11.7,11.1,13031
2024-01-03,FMST,0.0,2.5,2.5,2.3,9050
2024-01-03,LTBR,-2.85714285714286,3.4,3.5,3.24,62577
2024-01-03,UTI,0.0,12.51,12.51,12.6,321522
2024-01-03,NAMSW,-100.0,0.0,3.03,3.15,1502
2024-01-03,ASM,1.9803921568627445,0.5201,0.51,0.4961,644790
2024-01-03,BY,-0.5527210884353699,23.39,23.52,23.09,107410
2024-01-03,NTCT,-1.2459621596677577,21.4,21.67,20.96,532137
2024-01-03,BKSY,0.7299270072992544,1.38,1.37,1.38,581931
2024-01-03,UONE,0.7407407407407469,4.08,4.05,4.06,21119
2024-01-03,SQFTW,-18.666666666666664,0.061,0.075,0.070501,10280
2024-01-03,FNGR,0.7575757575757638,3.99,3.96,3.85,343918
2024-01-03,GPCR,-0.2223869532987307,40.38,40.47,39.26,771307
2024-01-03,CLDI,-2.15827338129495,1.36,1.39,1.39,70866
2024-01-03,EVGOW,13.164843455299883,0.3,0.2651,0.2551,23744
2024-01-03,CGBD,-0.3355704697986625,14.85,14.9,15.04,255762
2024-01-03,LVWR,0.3673094582185413,10.93,10.89,11.61,77771
2024-01-03,SPTN,0.08316008316008139,24.07,24.05,23.82,301304
2024-01-03,WNW,9.523809523809533,3.45,3.15,3.46,79170
2024-01-03,CHEK,-2.3474178403755785,2.08,2.13,1.99,44338
2024-01-03,CJET,-3.3204427256967635,0.725,0.7499,0.7,35207
2024-01-03,APPS,1.3215859030837114,6.9,6.81,6.57,2348657
2024-01-03,INVA,0.24434941967012305,16.41,16.37,16.45,638364
2024-01-03,FPH,-1.9169329073482444,3.07,3.13,3.0,85357
2024-01-03,TANH,4.4642857142856975,1.17,1.12,0.99,503510
2024-01-03,EU,-0.7594936708860822,3.92,3.95,3.7706,1036113
2024-01-03,NXRT,0.23121387283236502,34.68,34.6,33.64,124118
2024-01-03,NESR,-100.0,0.0,6.6,7.0,376184
2024-01-03,CMPX,2.684563758389264,1.53,1.49,1.49,700352
2024-01-03,VTEX,0.6051437216338886,6.65,6.61,6.69,255921
2024-01-03,BMR,-5.1282051282051215,1.85,1.95,1.63,79534
2024-01-03,GBX,-0.04527960153951353,44.15,44.17,44.9,363642
2024-01-03,CHSCP,0.2957607624055204,30.52,30.43,30.8,2355
2024-01-03,FORD,-5.200000000000005,0.711,0.75,0.695,12237
2024-01-03,VNCE,5.3333333333333375,3.16,3.0,3.27,22473
2024-01-03,GIPR,3.3248081841432193,4.04,3.91,3.97,10726
2024-01-03,GERN,-1.8604651162790715,2.11,2.15,2.03,6953593
2024-01-03,FNKO,-3.5761589403973457,7.28,7.55,7.52,334929
2024-01-03,DLPN,4.907975460122705,1.71,1.63,1.62,48588
2024-01-03,ATXS,-0.12658227848102122,7.89,7.9,7.02,255529
2024-01-03,ENLV,0.3048780487804949,3.29,3.28,3.63,382682
2024-01-03,NPK,-0.3595784252944901,80.36,80.65,79.98,15272
2024-01-03,VINO,6.553010122535949,0.6,0.5631,0.5412,50040
2024-01-03,ATXI,2.9411764705882213,0.175,0.17,0.172,2140753
2024-01-03,LSF,-6.204906204906197,0.91,0.9702,0.936,43443
2024-01-03,CLRB,-2.684563758389264,2.9,2.98,2.9,1914170
2024-01-03,TTGT,-0.6423357664233543,34.03,34.25,33.5,196960
2024-01-03,HFWA,-0.2364066193853294,21.1,21.15,20.5,148660
2024-01-03,PALI,-2.705882352941177,0.5789,0.595,0.558,222591
2024-01-03,AMPG,1.5151515151515054,2.01,1.98,2.03,17328
2024-01-03,EDTK,-100.0,0.0,1.19,1.08,54938
2024-01-03,CCRN,0.25728987993138386,23.38,23.32,23.88,285539
2024-01-03,AIN,-0.40065748921306815,96.95,97.34,93.49,144287
2024-01-03,BTCM,0.0,5.3,5.3,5.09,364821
2024-01-03,CBAN,0.22900763358779494,13.13,13.1,12.92,81229
2024-01-03,PLSE,4.186489058039957,10.95,10.51,9.85,205983
2024-01-03,DDD,0.3252032520325134,6.17,6.15,5.6,2377116
2024-01-03,ADN,-4.181184668989546,0.22,0.2296,0.212,1104946
2024-01-03,EXPI,-0.6242197253433186,15.92,16.02,14.85,1005754
2024-01-03,SEM,-0.2090301003344511,23.87,23.92,23.97,910554
2024-01-03,CFFN,-0.7763975155279613,6.39,6.44,6.28,764907
2024-01-03,BSET,0.42475728155339976,16.55,16.48,15.6,18292
2024-01-03,NTRBW,-100.0,0.0,0.2999,0.0,21629
2024-01-03,METCB,-0.23023791250958836,13.0,13.03,13.12,67516
2024-01-03,IPI,-0.7537688442211044,23.7,23.88,22.6,119506
2024-01-03,TYRA,-0.07122507122506971,14.03,14.04,12.65,61265
2024-01-03,OCFC,0.0,17.55,17.55,17.27,248117
2024-01-03,RAPT,-4.981473857554553,23.08,24.29,23.0,302011
2024-01-03,FGBIP,-100.0,0.0,19.0,18.71,974
2024-01-03,JMIA,5.8479532163742745,3.62,3.42,3.56,1989372
2024-01-03,TFIN,-4.997476022210997,75.28,79.24,75.39,174314
2024-01-03,FLGT,0.5878284923928013,29.09,28.92,28.49,138937
2024-01-03,APWC,-100.0,0.0,1.41,1.39,9445
2024-01-03,FCAP,-100.0,0.0,27.39,27.99,6798
2024-01-03,EKSO,3.606557377049191,3.16,3.05,2.61,519285
2024-01-03,HEPA,-100.0,0.0,3.0,3.19,26506
2024-01-03,SHPH,1.0788544527265493,0.5153,0.5098,0.55,110095
2024-01-03,AHT,-0.5319148936170099,1.87,1.88,1.85,622559
2024-01-03,NBHC,-0.5658852061438988,36.9,37.11,36.02,131764
2024-01-03,HLIT,0.5339435545385224,13.18,13.11,12.29,5408672
2024-01-03,BLFY,0.0,9.95,9.95,9.79,50098
2024-01-03,MBINM,-100.0,0.0,24.6,24.43,13008
2024-01-03,LEXX,-100.0,0.0,1.36,1.3,14721
2024-01-03,INVE,-2.618453865336658,7.81,8.02,7.76,31648
2024-01-03,AHH,-1.112877583465823,12.44,12.58,12.69,273998
2024-01-03,NCNA,-3.1935483870967807,0.3001,0.31,0.3,162501
2024-01-03,ARKOW,3.738317757009349,1.11,1.07,1.08,8545
2024-01-03,ATOS,0.5319148936170218,0.945,0.94,0.949,309217
2024-01-03,LCUT,-0.9628610729023301,7.2,7.27,6.46,95770
2024-01-03,MNDO,-1.4778325123152616,2.0,2.03,2.01,34637
2024-01-03,CLNNW,-100.0,0.0,0.0458,0.0437,2252
2024-01-03,LPRO,-0.9501187648456066,8.34,8.42,8.16,648659
2024-01-03,TLSA,-4.266039637218691,0.57,0.5954,0.58,30015
2024-01-03,WKC,1.436656508489342,23.3,22.97,22.46,370428
2024-01-03,HWBK,-100.0,0.0,25.5,25.45,6540
2024-01-03,AMAL,-1.6302334197850974,26.55,26.99,25.53,140309
2024-01-03,TRDA,-3.6255767963085086,14.62,15.17,13.5,113073
2024-01-03,BBCP,-1.1278195488721898,7.89,7.98,8.16,79571
2024-01-03,ELTX,-7.550077041602468,6.0,6.49,6.36,55898
2024-01-03,QDEL,4.368457780879267,74.78,71.65,72.64,387900
2024-01-03,BHFAM,-1.0145846544071029,15.61,15.77,15.66,36043
2024-01-03,ASRT,1.7857142857142672,1.14,1.12,1.02,2503525
2024-01-03,PAR,-9.791520262356524,38.51,42.69,41.23,241680
2024-01-03,GMRE,0.0,11.0,11.0,11.27,296526
2024-01-03,LQDT,1.1675423234092195,17.33,17.13,17.46,343739
2024-01-03,MDXG,-0.23033557730240706,7.84,7.8581,7.78,722923
2024-01-03,WLDS,1.8518518518518534,0.385,0.378,0.3411,463395
2024-01-03,REI,0.0,1.44,1.44,1.4994,1997053
2024-01-03,EGAN,0.0,8.24,8.24,8.01,73223
2024-01-03,APCXW,inf,0.42,0.0,0.45,931
2024-01-03,GEOS,-3.035274815422471,11.82,12.19,12.56,50053
2024-01-03,POLA,2.4999999999999885,0.41,0.4,0.385,151434
2024-01-03,IBEX,1.3911182450508186,18.95,18.69,17.92,44155
2024-01-03,IROQ,28.307692307692307,16.68,13.0,16.35,1333
2024-01-03,CVM,1.1278195488721732,2.69,2.66,2.59,313818
2024-01-03,IGIC,0.0,12.96,12.96,12.75,31506
2024-01-03,ZENV,-100.0,0.0,1.215,1.18,7725
2024-01-03,PSHG,3.1390134529147913,2.3,2.23,2.31,119025
2024-01-03,CMT,0.8426966292134751,17.95,17.8,17.4,95482
2024-01-03,COSM,4.477611940298495,1.4,1.34,1.26,212033
2024-01-03,EVTL,0.0,0.7,0.7,0.6749,291292
2024-01-03,MTA,1.986754966887419,3.08,3.02,3.09,581630
2024-01-03,HQI,-0.4701141705842867,14.82,14.89,14.53,12888
2024-01-03,SOAR,1.758793969849242,4.05,3.98,4.1,70723
2024-01-03,TOUR,0.32297754537065376,0.6523,0.6502,0.6488,151961
2024-01-03,ALAR,-4.166666666666656,8.74,9.12,8.4797,585641
2024-01-03,MCRB,-0.6849315068493157,1.45,1.46,1.36,2770475
2024-01-03,IMOS,-8.110119047619047,24.7,26.88,26.66,2445
2024-01-03,SCCC,0.3722084367245652,24.27,24.18,24.38,4933
2024-01-03,DSP,-6.029411764705885,6.39,6.8,6.67,52974
2024-01-03,TALK,2.6666666666666687,2.31,2.25,2.34,832371
2024-01-03,COYA,3.4482758620689653,7.5,7.25,6.89,51510
2024-01-03,MGIC,-1.2170385395537446,9.74,9.86,10.0,71269
2024-01-03,PRME,0.0,8.76,8.76,8.57,325313
2024-01-03,CINT,-0.3824091778202765,5.21,5.23,5.08,74169
2024-01-03,VYX,0.0,17.14,17.14,16.5,1972651
2024-01-03,EPSN,0.7797270955165699,5.17,5.13,5.09,59079
2024-01-03,TCRX,-0.8756567425569146,5.66,5.71,5.67,113786
2024-01-03,ECC,0.20703933747411568,9.68,9.66,9.69,811634
2024-01-03,RLMD,-0.2277904328018175,4.38,4.39,4.48,445288
2024-01-03,LXEH,-100.0,0.0,1.02,2.13,53157
2024-01-03,ENTX,-3.601366035392735,0.621,0.6442,0.6188,68214
2024-01-03,LZB,-1.0068027210884285,36.38,36.75,36.25,396770
2024-01-03,MLGO,0.9092011152867089,0.8324,0.8249,0.7448,2602190
2024-01-03,SACH,0.8108108108108055,3.73,3.7,3.75,239850
2024-01-03,ATOM,0.7621951219512304,6.61,6.56,6.39,170797
2024-01-03,SLNG,8.313539192399041,4.56,4.21,4.3,1776
2024-01-03,RXT,0.5347593582887586,1.88,1.87,1.83,878573
2024-01-03,NRXPW,inf,0.180001,0.0,0.188,17853
2024-01-03,MURA,-1.8363939899833106,5.88,5.99,5.24,485393
2024-01-03,NECB,0.3939223410241997,17.84,17.77,17.5,57877
2024-01-03,OBIO,-2.2779043280182156,8.58,8.78,7.88,65070
2024-01-03,ATPC,9.374999999999991,0.7,0.64,0.6525,31033
2024-01-03,SVV,-1.7341040462427786,17.0,17.3,17.09,933399
2024-01-03,UFCS,-0.8325171400587743,20.25,20.42,20.34,69720
2024-01-03,SKYX,-3.012048192771074,1.61,1.66,1.73,599138
2024-01-03,CECO,-0.5502751375687817,19.88,19.99,19.0,344669
2024-01-03,DXR,2.1505376344085945,9.5,9.3,10.54,29496
2024-01-03,DBI,-2.515555555555555,8.7736,9.0,8.59,1735070
2024-01-03,SSTI,-1.4237855946398654,23.54,23.88,24.05,31525
2024-01-03,FRBA,0.0,14.67,14.67,14.12,55352
2024-01-03,TY,-0.4185559818625776,28.55,28.67,28.35,64540
2024-01-03,CHSCM,-0.08080808080807908,24.73,24.75,24.8,44907
2024-01-03,MED,-0.07113387395079153,70.24,70.29,68.39,455886
2024-01-03,STRO,1.7621145374449354,4.62,4.54,4.71,862951
2024-01-03,DHC,1.133144475920681,3.57,3.53,3.45,1191703
2024-01-03,BETR,-2.6699029126213483,0.802,0.824,0.7449,2059423
2024-01-03,BLX,0.0,24.94,24.94,25.14,100196
2024-01-03,IRBT,0.0,38.54,38.54,38.45,234159
2024-01-03,MAXN,-1.8705035971223007,6.82,6.95,6.5,1768003
2024-01-03,SY,1.2195121951219614,1.245,1.23,1.18,49493
2024-01-03,WINA,0.0,400.0,400.0,391.32,35023
2024-01-03,WTO,5.966679581557545,0.2735,0.2581,0.242,73126
2024-01-03,LITB,-2.7272727272727297,1.07,1.1,1.12,42429
2024-01-03,ESP,1.443850267379677,18.97,18.7,19.0,7897
2024-01-03,GSIT,4.999999999999996,2.73,2.6,2.62,449265
2024-01-03,SHOT,-2.167182662538695,3.16,3.23,3.5,2898745
2024-01-03,BGSF,1.189189189189183,9.36,9.25,9.44,11897
2024-01-03,OUST,2.793296089385477,7.36,7.16,6.92,1025825
2024-01-03,CHSCN,-100.0,0.0,25.15,25.05,54481
2024-01-03,SNDL,0.0,1.58,1.58,1.59,3943340
2024-01-04,MAPSW,-100.0,0.0,0.0388,0.0,19362
2024-01-04,HDSN,-2.92648108493933,13.6,14.01,14.82,853479
2024-01-04,OCC,-100.0,0.0,2.7,2.74,4543
2024-01-04,AMTX,0.8676789587852501,4.65,4.61,4.68,440099
2024-01-04,TLYS,1.1004126547455306,7.35,7.27,7.37,62331
2024-01-04,PKBK,0.7759958613554172,19.48,19.33,19.3,12684
2024-01-04,EDBL,-2.286902286902289,0.47,0.481,0.4753,16842
2024-01-04,HGBL,1.449275362318842,2.8,2.76,2.75,27356
2024-01-04,OCSL,-1.9749518304431606,20.35,20.76,21.1,894410
2024-01-04,NGS,-36.673511293634505,15.42,24.35,15.42,55253
2024-01-04,ARCO,-0.4922067268252561,12.13,12.19,12.19,494506
2024-01-04,CRNT,-2.77777777777778,2.1,2.16,2.27,482729
2024-01-04,MATH,-0.5291005291005296,1.88,1.89,1.95,118879
2024-01-04,MLKN,-0.037850113550346565,26.41,26.42,26.37,600059
2024-01-04,NRSN,-0.02469135802470234,0.8098,0.81,0.75,20611
2024-01-04,FLYW,1.036269430051808,21.45,21.23,21.51,1426489
2024-01-04,AZTA,0.0,61.95,61.95,62.76,439974
2024-01-04,XTLB,2.03050813213456,1.01,0.9899,0.97,83202
2024-01-04,HIPO,2.07134637514384,8.87,8.69,8.96,91319
2024-01-04,LCNB,0.7566204287515826,15.98,15.86,15.5,18758
2024-01-04,AFCG,-2.5598678777869424,11.8,12.11,11.95,99988
2024-01-04,NIC,1.0411311053984607,78.61,77.8,78.63,28861
2024-01-04,BBLGW,-100.0,0.0,4.14,0.0,1443
2024-01-04,QUAD,-0.18587360594795144,5.37,5.38,5.14,85966
2024-01-04,QMCO,-2.8656716417910437,0.3254,0.335,0.328,128927
2024-01-04,MYPSW,26.40264026402641,0.1149,0.0909,0.1,1000
2024-01-04,BMBL,-0.496806245564232,14.02,14.09,14.07,2366844
2024-01-04,MGTX,0.429184549356214,7.02,6.99,6.77,216222
2024-01-04,ANTX,-1.4752370916754538,18.7,18.98,19.34,138722
2024-01-04,LANV,-100.0,0.0,2.97,2.86,2175
2024-01-04,MCBS,0.640751815463471,23.56,23.41,23.34,23914
2024-01-04,USEA,2.7777777777777715,2.59,2.52,2.5686,43736
2024-01-04,NKGN,-0.671140939597316,2.96,2.98,2.75,67662
2024-01-04,GSIW,-6.321243523316074,9.04,9.65,8.75,169978
2024-01-04,GWRS,1.0662604722010571,13.27,13.13,13.14,30699
2024-01-04,HBB,-100.0,0.0,17.58,17.55,31495
2024-01-04,SBSI,0.16066838046272722,31.17,31.12,31.12,97600
2024-01-04,BON,2.8380952380952427,0.5399,0.525,0.515,61941
2024-01-04,GCT,1.1840688912809605,18.8,18.58,20.69,3384786
2024-01-04,KE,-0.6586594343277727,25.64,25.81,25.29,74898
2024-01-04,WNEB,0.3397508493771162,8.86,8.83,9.13,72626
2024-01-04,ATLC,1.823361823361825,35.74,35.1,34.63,10121
2024-01-04,MRM,0.0,4.94,4.94,5.32,4003
2024-01-04,LSTA,1.7857142857142954,2.85,2.8,3.05,52218
2024-01-04,HKIT,-3.703703703703707,1.04,1.08,0.8546,655583
2024-01-04,BLNK,-0.33898305084746544,2.94,2.95,2.8302,8245447
2024-01-04,PZZA,-1.56735576273478,72.85,74.01,72.33,1100418
2024-01-04,BLMN,-3.349282296650718,26.26,27.17,27.0,1088474
2024-01-04,MFA,1.6544117647058796,11.06,10.88,11.0,532066
2024-01-04,UPXI,2.325581395348839,1.32,1.29,1.29,89007
2024-01-04,MNTS,-0.6451612903225812,1.54,1.55,1.44,821911
2024-01-04,GLP,0.0,41.99,41.99,42.59,72337
2024-01-04,FKWL,-1.2195121951219388,3.24,3.28,3.27,5491
2024-01-04,HCTI,-5.460750853242325,2.77,2.93,2.92,2029
2024-01-04,AMCX,3.276897870016392,18.91,18.31,18.48,263177
2024-01-04,MPX,0.7200720072007207,11.19,11.11,11.07,55675
2024-01-04,KRRO,0.0,49.84,49.84,50.1,23163
2024-01-04,QTRX,-0.15449980687523812,25.85,25.89,24.59,246926
2024-01-04,NEOG,0.0,19.54,19.54,20.17,1817587
2024-01-04,BRY,-0.4160887656033322,7.18,7.21,6.91,960875
2024-01-04,THRM,0.1996406468356844,50.19,50.09,49.95,284808
2024-01-04,BCBP,-2.0689655172413897,12.78,13.05,12.95,34020
2024-01-04,ZYXI,0.09433962264150743,10.61,10.6,10.69,256036
2024-01-04,BDTX,0.0,2.74,2.74,2.77,224739
2024-01-04,HUBC,2.5862068965517264,2.38,2.32,2.2901,180469
2024-01-04,KNW,4.825538233110621,0.5648,0.5388,0.5706,71833
2024-01-04,RCAT,-2.1009789902100984,0.89,0.9091,0.878,116815
2024-01-04,STAA,-0.20013342228151673,29.92,29.98,28.96,971272
2024-01-04,IMMX,2.056962025316454,6.45,6.32,6.449,75652
2024-01-04,CDTX,0.4230769230769192,0.7833,0.78,0.82,347281
2024-01-04,SLN,-1.4843320505772377,17.92,18.19,17.71,503414
2024-01-04,ASPS,0.0,3.0,3.0,3.0,147172
2024-01-04,LOAN,0.2100840336134409,4.77,4.76,4.75,15088
2024-01-04,LYEL,0.48780487804879175,2.06,2.05,2.02,756864
2024-01-04,SEER,0.0,1.89,1.89,1.88,277569
2024-01-04,AAT,0.17969451931715696,22.3,22.26,22.46,216643
2024-01-04,BAOS,-5.000000000000004,3.8,4.0,3.58,46756
2024-01-04,TVC,-0.5711775043936843,22.63,22.76,22.78,9027
2024-01-04,OVLY,0.5804749340369363,28.59,28.425,28.01,12212
2024-01-04,MNRO,0.17661603673613815,28.36,28.31,28.13,401937
2024-01-04,UTMD,0.4502859924546727,82.54,82.17,80.65,14076
2024-01-04,GRC,-0.35067212156632804,34.1,34.22,33.96,35838
2024-01-04,NGL,0.3539823008849482,5.67,5.65,5.66,361372
2024-01-04,MGNX,-3.4615384615384728,10.04,10.4,9.92,366470
2024-01-04,ALNT,6.961799357372364,29.96,28.01,28.43,37156
2024-01-04,UNIT,0.3502626970227752,5.73,5.71,5.91,1893841
2024-01-04,PHIO,4.4398340248962676,0.7551,0.723,0.7615,259448
2024-01-04,NVVE,3.8430744595676645,0.1297,0.1249,0.1155,1549668
2024-01-04,HONE,0.5862646566164178,12.01,11.94,12.01,104525
2024-01-04,OFG,-0.11251758087200887,35.51,35.55,35.77,272026
2024-01-04,IIPR,-3.0203020302030166,96.97,99.99,95.25,337328
2024-01-04,BFIN,-100.0,0.0,10.11,10.15,4843
2024-01-04,XBPEW,inf,0.0899,0.0,0.051,10292
2024-01-04,CGEN,1.0360036926864291,1.97,1.9498,1.85,849861
2024-01-04,PRSO,-1.6774193548387082,7.62,7.75,7.48,25083
2024-01-04,PHVS,0.0,25.27,25.27,25.32,5302
2024-01-04,CMCT,-2.743142144638401,3.9,4.01,3.85,14307
2024-01-04,ABLV,-100.0,0.0,2.49,2.5,981
2024-01-04,HLLY,0.8602150537634415,4.69,4.65,4.6,216304
2024-01-04,CLFD,0.0,28.39,28.39,28.6,137384
2024-01-04,SLS,-13.711459539092926,0.82,0.9503,0.6095,5077213
2024-01-04,ONCY,4.824427480916024,1.3732,1.31,1.35,316018
2024-01-04,LFT,-2.941176470588229,2.31,2.38,2.43,63512
2024-01-04,TAOP,4.026845637583897,1.55,1.49,1.33,330174
2024-01-04,CLDT,5.691854759568205,10.77,10.19,10.97,236432
2024-01-04,IMNM,3.333333333333336,12.4,12.0,11.54,461313
2024-01-04,CCLDO,-3.6363636363636265,6.36,6.6,6.06,12245
2024-01-04,CEVA,1.428571428571432,21.3,21.0,21.24,183250
2024-01-04,CAPL,-4.932378679395394,23.9,25.14,23.37,68681
2024-01-04,MBI,-0.7199152618444875,5.53,5.5701,5.61,917675
2024-01-04,NC,0.5743982494529563,36.77,36.56,37.0,11566
2024-01-04,KPLTW,inf,0.0078,0.0,0.0094,7338
2024-01-04,OFS,-1.9047619047619102,11.33,11.55,11.25,44531
2024-01-04,TGL,2.2128556375131767,0.097,0.0949,0.0974,609368
2024-01-04,THRY,1.69578622816032,19.79,19.46,19.26,154248
2024-01-04,ORGN,-1.6753246753246784,0.7571,0.77,0.7098,1381551
2024-01-04,WRN,0.0,1.31,1.31,1.4,71940
2024-01-04,SIBN,2.2211492032834417,21.17,20.71,20.59,284294
2024-01-04,XXII,-0.9324667985306498,0.1753,0.17695,0.1727,854735
2024-01-04,WKEY,-3.092783505154642,1.88,1.94,1.77,61093
2024-01-04,NEO,1.719901719901705,16.56,16.28,16.0,915585
2024-01-04,BWFG,0.10452961672474265,28.73,28.7,29.06,9989
2024-01-04,CNVS,0.8000000000000007,1.26,1.25,1.29,39010
2024-01-04,BJDX,6.086956521739136,1.22,1.15,1.19,140385
2024-01-04,EXFY,1.7039878668926662,2.28,2.2418,2.19,387101
2024-01-04,HIMX,-2.8436018957345923,6.15,6.33,6.07,501282
2024-01-04,AIV,0.6544502617801141,7.69,7.64,7.98,772613
2024-01-04,SOL,0.0,2.59,2.59,2.55,269726
2024-01-04,MEG,-1.491085899513779,30.39,30.85,29.46,155063
2024-01-04,FTRE,3.1531531531531662,34.35,33.3,33.0,524224
2024-01-04,VMEO,-5.076142131979688,3.74,3.94,3.77,1027207
2024-01-04,GSM,1.5847860538827343,6.41,6.31,6.2,481773
2024-01-04,HLP,0.8955223880596956,3.38,3.35,2.57,4530058
2024-01-04,PDFS,0.0,30.05,30.05,30.1,160499
2024-01-04,LFMDP,-5.793450881612101,18.7,19.85,18.0,65089
2024-01-04,VVX,1.8846757908907255,45.41,44.57,43.79,62196
2024-01-04,ENSC,4.7169811320754755,1.11,1.06,1.08,26862
2024-01-04,LPTH,1.6260162601626031,1.25,1.23,1.27,101314
2024-01-04,AGMH,-100.0,0.0,1.77,1.79,17032
2024-01-04,AVIR,2.2435897435897383,3.19,3.12,3.1,215383
2024-01-04,ZCMD,-0.09090909090909771,0.3297,0.33,0.38,19660
2024-01-04,JBSS,0.5196078431372559,102.53,102.0,101.18,48554
2024-01-04,RAYA,0.0,1.09,1.09,1.06,30809
2024-01-04,PBI,0.476190476190466,4.22,4.2,4.23,1400378
2024-01-04,PHGE,1.111111111111108,0.2821,0.279,0.2582,782328
2024-01-04,CRVS,2.1857923497267775,1.87,1.83,2.11,541631
2024-01-04,EAI,0.0,21.3,21.3,21.43,53590
2024-01-04,SHFS,-2.325581395348839,1.26,1.29,1.3,55815
2024-01-04,SONO,0.0,15.52,15.52,15.78,1233278
2024-01-04,SLGL,-100.0,0.0,1.27,1.16,41079
2024-01-04,RICK,1.9838709677419304,63.23,62.0,62.45,49507
2024-01-04,DHCNL,-100.0,0.0,15.56,15.53,15484
2024-01-04,KZR,-0.18257974438836158,0.9294,0.9311,0.8801,613224
2024-01-04,CRI,-0.4833586521198651,72.06,72.41,73.44,522169
2024-01-04,ASMB,0.09866798223976603,0.8116,0.8108,0.823,155364
2024-01-04,GCO,-1.9528828270303753,31.63,32.26,31.85,116637
2024-01-04,ENO,-100.0,0.0,22.65,22.77,4298
2024-01-04,GVH,8.552631578947361,1.65,1.52,1.3114,75519
2024-01-04,MOBXW,36.46723646723646,0.0958,0.0702,0.15,234716
2024-01-04,SSKN,-3.617524086529727,0.5302,0.5501,0.58,137023
2024-01-04,SCCG,inf,23.05,0.0,23.09,7167
2024-01-04,KRNT,3.151862464183385,18.0,17.45,17.43,645914
2024-01-04,NIU,5.714285714285719,2.22,2.1,2.12,153451
2024-01-04,SSTK,-0.36940460669274594,45.85,46.02,46.4,342447
2024-01-04,SPCB,-3.740374037403741,0.35,0.3636,0.35,230159
2024-01-04,LXU,0.6557377049180382,9.21,9.15,9.04,291132
2024-01-04,YALA,-0.005172146268299726,5.8,5.8003,5.8106,145622
2024-01-04,CERS,0.0,2.03,2.03,2.09,858836
2024-01-04,NNVC,-100.0,0.0,1.03,1.09,34870
2024-01-04,SMSI,-2.3601197329035313,0.8481,0.8686,0.8756,183194
2024-01-04,UNFI,-0.7290400972053522,16.34,16.46,15.47,740967
2024-01-04,DIN,1.731509191962382,47.59,46.78,45.88,286534
2024-01-04,MLSS,-1.919574050721598,0.7,0.7137,0.6503,25541
2024-01-04,FCF,-0.1340482573726513,14.9,14.92,14.88,442709
2024-01-04,FMNB,0.0,14.03,14.03,13.92,69375
2024-01-04,CEPU,-0.7972665148063612,8.71,8.78,8.5001,190636
2024-01-04,MXCT,-0.674157303370792,4.42,4.45,4.6,557994
2024-01-04,UBFO,-1.6069221260815807,7.96,8.09,7.81,44858
2024-01-04,BOXL,0.0,1.1,1.1,1.07,71374
2024-01-04,SLDB,-1.386481802426329,5.69,5.77,5.51,84696
2024-01-04,SKIN,-0.9999999999999934,2.97,3.0,2.8,1940681
2024-01-04,RGS,1.5831134564643814,7.7,7.58,7.55,27275
2024-01-04,USAU,0.0,4.14,4.14,4.385,31962
2024-01-04,CRBU,-5.677655677655671,5.15,5.46,5.38,1679151
2024-01-04,PFIS,0.8240016902598787,47.72,47.33,47.83,18791
2024-01-04,CDLX,2.362204724409445,7.8,7.62,7.3,560132
2024-01-04,OPRA,0.4821834723275284,13.2536,13.19,12.69,1161778
2024-01-04,OST,-4.761308106753543,0.7601,0.7981,0.796,40100
2024-01-04,BENF,-2.8156621205455297,0.4418,0.4546,0.425,54976
2024-01-04,BLBD,-0.5535784895215523,25.15,25.29,25.21,329731
2024-01-04,TBLA,-0.4866180048661912,4.09,4.11,4.16,1017268
2024-01-04,ABCL,1.7543859649122744,5.8,5.7,5.99,1124912
2024-01-04,UTZ,1.17647058823529,17.2,17.0,17.16,1293867
2024-01-04,CREX,0.0,2.32,2.32,2.72,167529
2024-01-04,NVAX,0.8146639511201635,4.95,4.91,5.125,9809586
2024-01-04,FCUV,-1.3333333333333344,1.48,1.5,1.45,3459
2024-01-04,LZM,-0.21528525296016765,9.27,9.29,9.35,15868
2024-01-04,CSR,-0.12567324955116746,55.63,55.7,55.05,64892
2024-01-04,GROW,-1.3698630136986314,2.88,2.92,2.5,20848
2024-01-04,ELA,-1.348314606741584,4.39,4.45,4.57,14090
2024-01-04,FOR,1.2373096446700527,31.91,31.52,33.6,335427
2024-01-04,TYG,-1.6010673782521696,29.5,29.98,29.56,90209
2024-01-04,CDLR,2.7389603130240268,18.38,17.89,18.1,369860
2024-01-04,CMND,0.39215686274510714,2.56,2.55,2.37,163054
2024-01-04,HOUS,1.3157894736842175,7.7,7.6,7.92,695889
2024-01-04,OPXS,-0.14577259475219642,6.85,6.86,6.52,60364
2024-01-04,BGLC,-1.0232558139534789,0.532,0.5375,0.517,86191
2024-01-04,ARKO,1.2239902080783311,8.27,8.17,8.48,206519
2024-01-04,NMFC,-2.307692307692313,12.7,13.0,12.89,321376
2024-01-04,AGL,-5.0393700787401485,12.06,12.7,12.31,3721407
2024-01-04,TGB,3.759398496240588,1.38,1.33,1.37,517173
2024-01-04,TROX,-1.937984496124031,12.65,12.9,12.98,1938183
2024-01-04,PCSA,-4.522613065326634,0.361,0.3781,0.3337,205013
2024-01-04,GLDG,-0.8958566629339313,0.885,0.893,0.9051,292677
2024-01-04,GBLI,1.5752993068683163,32.24,31.74,32.5,57372
2024-01-04,AMPX,2.696629213483148,4.57,4.45,4.83,1030619
2024-01-04,DHIL,0.9855904185640222,161.89,160.31,160.6,7019
2024-01-04,ADTX,0.3773584905660465,5.32,5.3,5.29,172205
2024-01-04,AKBA,-2.1288755536505093,1.37,1.3998,1.55,4494432
2024-01-04,QNCX,-4.545454545454549,1.05,1.1,1.13,38003
2024-01-04,KMDA,0.0,6.1,6.1,6.06,12348
2024-01-04,BREA,6.937205261851584,0.8617,0.8058,0.78,35731
2024-01-04,EICA,inf,23.05,0.0,0.0,2161
2024-01-04,INO,-3.472727272727274,0.5309,0.55,0.5625,11277269
2024-01-04,TSBK,0.06591957811469866,30.36,30.34,30.05,16794
2024-01-04,BWNB,-100.0,0.0,17.38,17.33,7798
2024-01-04,USNA,0.0,52.06,52.06,51.48,58846
2024-01-04,VINC,2.362204724409451,1.3,1.27,1.33,91141
2024-01-04,IPA,-0.6369426751592362,1.56,1.57,1.523,43678
2024-01-04,TCBK,-1.5230842455973357,41.38,42.02,41.26,68844
2024-01-04,STKS,0.6493506493506499,6.2,6.16,5.96,60712
2024-01-04,SANW,3.6298817047480108,0.6395,0.6171,0.575,36095
2024-01-04,CAL,-1.6604540833615788,29.02,29.51,29.88,313622
2024-01-04,DRTS,1.0273972602739811,2.95,2.92,2.89,18604
2024-01-04,MBRX,0.0,0.9433,0.9433,0.95,344336
2024-01-04,SRFM,-0.09558823529412344,1.3587,1.36,1.3097,38366
2024-01-04,AOUT,2.8503562945368195,8.66,8.42,8.3,21649
2024-01-04,MNTK,4.9999999999999964,9.03,8.6,8.4,215256
2024-01-04,COHN,-1.3432835820895501,6.61,6.7,6.85,2155
2024-01-04,REPX,0.6904069767441907,27.71,27.52,26.58,62152
2024-01-04,EUDA,0.0,1.55,1.55,1.52,123029
2024-01-04,TRML,-3.961848862802648,26.18,27.26,26.58,322227
2024-01-04,CCOI,0.3315649867374005,75.65,75.4,74.06,255206
2024-01-04,SKYH,-5.5984555984556,9.78,10.36,10.87,44513
2024-01-04,FLYX,-3.2258064516129057,6.0,6.2,6.45,37610
2024-01-04,SBEV,-9.27586206896551,0.5262,0.58,0.5342,100093
2024-01-04,GRNT,0.8183306055646452,6.16,6.11,5.96,683405
2024-01-04,PRAA,-1.5295576684580445,23.82,24.19,24.19,282383
2024-01-04,YOSH,-4.4905008635578545,5.53,5.79,5.63,20457
2024-01-04,ANVS,-0.2150537634408747,18.56,18.6,16.06,561491
2024-01-04,ORIC,1.3377926421404593,9.09,8.97,8.93,162004
2024-01-04,SNFCA,1.1312217194570096,8.94,8.84,8.62,70645
2024-01-04,MVIS,3.5999999999999943,2.59,2.5,2.6,2110279
2024-01-04,CARV,-2.53807106598985,1.92,1.97,1.91,22590
2024-01-04,MREO,6.465517241379326,2.47,2.32,2.49,1233143
2024-01-04,AMSF,0.644883920894233,46.82,46.52,46.85,94055
2024-01-04,FTEK,0.0,1.03,1.03,1.0217,32940
2024-01-04,CPS,0.05717552887365102,17.5,17.49,17.0,139636
2024-01-04,ESCA,0.31120331950206803,19.34,19.28,18.87,18239
2024-01-04,LXRX,2.6315789473684235,1.56,1.52,1.61,3413179
2024-01-04,NNBR,2.9339853300733525,4.21,4.09,4.36,392930
2024-01-04,VTGN,-2.2312373225152013,4.82,4.93,5.05,314936
2024-01-04,IVP,4.581072935503313,0.347,0.3318,0.499,5221583
2024-01-04,INNV,1.8394648829431341,6.09,5.98,5.96,17372
2024-01-04,HOFV,0.2808988764044884,3.57,3.56,3.56,10818
2024-01-04,ATLO,0.1930501930502061,20.76,20.72,20.56,11841
2024-01-04,AESI,0.11702750146284127,17.11,17.09,16.99,561329
2024-01-04,BHR,-1.2295081967213035,2.41,2.44,2.61,204201
2024-01-04,IVA,1.2931034482758728,4.7,4.64,4.42,1590
2024-01-04,HPK,0.0,15.21,15.21,14.15,614806
2024-01-04,PRE,-2.9462738301559783,5.6,5.77,5.63,6958
2024-01-04,VS,3.731343283582076,2.78,2.68,2.6,369915
2024-01-04,IE,-1.8630412890231671,9.745,9.93,10.18,431475
2024-01-04,BBLG,-5.263157894736839,5.4,5.7,5.68,231845
2024-01-04,CCCC,3.231292517006809,6.07,5.88,6.31,7052574
2024-01-04,ARIS,-2.1372328458942778,8.7,8.89,8.25,259766
2024-01-04,MSN,5.477424130273864,0.57,0.5404,0.57,36424
2024-01-04,EVLVW,-2.7268595667323154,0.6421,0.6601,0.72,30982
2024-01-04,IMXI,1.6045304388862665,21.53,21.19,21.78,309326
2024-01-04,NBTX,4.931506849315073,7.66,7.3,7.54,7496
2024-01-04,OCFT,0.9836065573770574,3.08,3.05,3.0,17397
2024-01-04,SDA,0.0,8.22,8.22,8.3,382635
2024-01-04,POET,0.0,0.8901,0.8901,0.89,20764
2024-01-04,PPTA,0.0,3.19,3.19,3.42,128396
2024-01-04,BBGI,0.8830251402451644,0.9711,0.9626,0.94,30452
2024-01-04,MRTN,0.5499999999999972,20.11,20.0,19.84,217596
2024-01-04,SBFM,-10.333333333333325,0.269,0.3,0.27,58067
2024-01-04,ACHV,4.53400503778338,4.15,3.97,4.17,18925
2024-01-04,SCWO,1.502871980486279,1.29,1.2709,1.22,120822
2024-01-04,MKTW,0.0,2.61,2.61,2.56,265783
2024-01-04,CODX,8.14814814814814,1.46,1.35,1.47,75175
2024-01-04,FLNT,-0.1967950520101304,0.71,0.7114,0.7179,79227
2024-01-04,ATEN,0.0,12.88,12.88,12.84,458482
2024-01-04,EOSEW,5.8823529411764595,0.18,0.17,0.1577,91765
2024-01-04,ESEA,0.0,34.79,34.79,35.99,56445
2024-01-04,RPAY,0.24449877750610727,8.2,8.18,8.07,262142
2024-01-04,QRHC,0.0,7.24,7.24,7.23,35729
2024-01-04,AENT,-1.031914893617014,0.9303,0.94,1.02,83425
2024-01-04,MPAA,-1.1111111111111072,8.9,9.0,9.41,73825
2024-01-04,CODA,-1.1437908496732072,6.05,6.12,6.07,7713
2024-01-04,SRDX,0.5263157894736833,34.38,34.2,33.9,38136
2024-01-04,HUIZ,-3.1325301204819174,0.804,0.83,0.8002,31542
2024-01-04,BNZI,8.434517239140309,1.67,1.5401,1.63,300761
2024-01-04,HLF,0.06954102920723078,14.39,14.38,13.31,2422541
2024-01-04,LFVN,-100.0,0.0,5.86,5.84,15682
2024-01-04,SGLY,0.03637686431431229,0.55,0.5498,0.56,35192
2024-01-04,SSP,0.6561679790026224,7.67,7.62,7.69,324815
2024-01-04,VMD,0.9102730819245696,7.76,7.69,7.49,146910
2024-01-04,QFIN,-0.25806451612902676,15.46,15.5,15.2,485783
2024-01-04,TPVG,-0.0907441016333919,11.01,11.02,11.2,241830
2024-01-04,WGO,0.7142857142857276,69.09,68.6,69.0,417525
2024-01-04,SXTP,-3.703703703703707,1.04,1.08,1.09,84572
2024-01-04,DMAC,-2.7972027972028,2.78,2.86,2.9,24254
2024-01-04,FSI,4.494382022471914,1.86,1.78,1.85,16513
2024-01-04,OMI,-0.21085925144965287,18.93,18.97,19.13,721446
2024-01-04,ARRY,4.907975460122704,17.1,16.3,15.67,6650470
2024-01-04,BCAB,0.0,2.45,2.45,2.39,189375
2024-01-04,PAPL,-4.191616766467057,1.6,1.67,1.73,33177
2024-01-04,MESO,0.9708737864077678,1.04,1.03,1.02,134578
2024-01-04,CVLG,0.0,44.26,44.26,43.17,45882
2024-01-04,PHR,-0.31674208144796506,22.03,22.1,22.04,550783
2024-01-04,ATRA,0.1789709172259435,0.4478,0.447,0.4639,1159159
2024-01-04,CGAU,1.992753623188412,5.63,5.52,5.71,94660
2024-01-04,REE,0.0,4.65,4.65,4.39,59083
2024-01-04,SOS,0.0,4.55,4.55,4.8,225109
2024-01-04,OSPN,0.19361084220715946,10.35,10.33,9.38,342153
2024-01-04,MCRI,0.30016509079994425,66.83,66.63,66.64,89450
2024-01-04,LSPD,4.139784946236556,19.37,18.6,19.0,940873
2024-01-04,FOXF,0.0,64.7,64.7,64.91,328845
2024-01-04,AKAN,0.0,0.49,0.49,0.49,49596
2024-01-04,MRT,1.4997727617027752,0.67,0.6601,0.6653,47698
2024-01-04,OWLT,-4.181184668989551,5.5,5.74,5.42,11988
2024-01-04,UIS,2.5044722719141426,5.73,5.59,5.69,487052
2024-01-04,AYTU,-3.472222222222225,2.78,2.88,2.78,11480
2024-01-04,CIM,-1.2422360248447308,4.77,4.83,4.77,1567726
2024-01-04,CRMT,-0.2649213027894681,64.0,64.17,63.8,76779
2024-01-04,MLR,-0.4200642451198461,40.3,40.47,39.9,39298
2024-01-04,AIP,-0.1848428835489794,5.4,5.41,5.55,122648
2024-01-04,NREF,-1.3003095975232142,15.94,16.15,15.87,23127
2024-01-04,ARBK,-4.438642297650128,3.66,3.83,3.85,1414682
2024-01-04,LEE,1.3836477987421425,8.06,7.95,7.95,7756
2024-01-04,ONFO,0.0,0.55,0.55,0.6016,245806
2024-01-04,SAFE,5.573321151210593,23.11,21.89,23.36,277605
2024-01-04,CMP,3.283582089552237,24.22,23.45,23.41,607166
2024-01-04,PANL,1.7412935323383159,8.18,8.04,8.15,391614
2024-01-04,CTGO,1.1090573012938985,16.41,16.23,15.98,37944
2024-01-04,RZC,0.21937420621174847,26.04,25.983,26.21,13524
2024-01-04,SNAX,-100.0,0.0,2.58,2.58,4879
2024-01-04,WLKP,0.5519779208831693,21.86,21.74,21.87,51595
2024-01-04,MSS,-0.7936507936507943,1.25,1.26,1.18,133474
2024-01-04,SKLZ,0.5300353356890503,5.69,5.66,5.7,128173
2024-01-04,PROF,-3.0341340075853376,7.67,7.91,7.64,71798
2024-01-04,HCKT,-0.26737967914439514,22.38,22.44,22.41,94693
2024-01-04,MYPS,-1.9230769230769333,2.55,2.6,2.55,193519
2024-01-04,SCL,0.7528786536758268,91.0,90.32,90.97,93479
2024-01-04,BATL,-0.2085505735140727,9.57,9.59,9.62,347032
2024-01-04,CMCO,1.0569105691056926,37.29,36.9,37.05,181241
2024-01-04,KSCP,0.600000000000008,0.6036,0.6,0.62,2109192
2024-01-04,MEIP,0.1703577512776795,5.88,5.87,5.8,19746
2024-01-04,VCEL,0.8857395925598002,34.17,33.87,34.0,3610240
2024-01-04,BRAG,-100.0,0.0,5.21,5.33,6722
2024-01-04,IQST,inf,0.165,0.0,0.0,68456
2024-01-04,OKYO,1.1173184357541908,1.81,1.79,1.78,20137
2024-01-04,RCON,4.978165938864626,0.2404,0.229,0.2303,98582
2024-01-04,WTBA,0.6316812439261543,20.71,20.58,20.44,21523
2024-01-04,MPB,1.4315789473684206,24.09,23.75,23.82,20588
2024-01-04,XAIR,-3.208556149732623,1.81,1.87,1.86,475451
2024-01-04,KN,-0.23337222870477917,17.1,17.14,16.98,499963
2024-01-04,UGRO,0.0,1.55,1.55,1.77,310503
2024-01-04,ZUMZ,0.26413100898045805,18.98,18.93,18.6,471841
2024-01-04,TUSK,0.9070294784580506,4.45,4.41,4.58,98316
2024-01-04,GIC,1.143617021276595,38.03,37.6,37.52,36882
2024-01-04,BTM,1.8518518518518452,2.75,2.7,2.64,462689
2024-01-04,RMR,0.0,28.15,28.15,28.38,69097
2024-01-04,DSGN,0.0,2.5,2.5,2.56,367811
2024-01-04,MX,0.6337135614702245,7.94,7.89,7.66,273118
2024-01-04,RMNI,-3.9634146341463388,3.15,3.28,3.2,304700
2024-01-04,AXTI,1.214574898785417,2.5,2.47,2.45,131150
2024-01-04,SUPV,4.864864864864857,3.88,3.7,3.4605,1711680
2024-01-04,PEBO,0.4012345679012425,32.53,32.4,32.34,99089
2024-01-04,JAMF,0.0,16.74,16.74,17.5,568370
2024-01-04,EDUC,-2.5423728813559343,1.15,1.18,1.19,27318
2024-01-04,HLX,-2.2022022022022085,9.77,9.99,9.4,2502730
2024-01-04,SOBR,0.6862745098039114,0.5135,0.51,0.5549,17465
2024-01-04,VBTX,0.0,22.72,22.72,22.8,181900
2024-01-04,ADAG,0.0,2.12,2.12,2.25,31054
2024-01-04,AEHL,-100.0,0.0,2.07,1.99,26168
2024-01-04,ACU,0.9647058823529332,42.91,42.5,43.07,21196
2024-01-04,SRBK,-100.0,0.0,9.49,9.45,20414
2024-01-04,BCTX,4.590818363273462,5.24,5.01,5.13,291719
2024-01-04,KRUS,0.2985074626865656,73.92,73.7,74.5,185070
2024-01-04,MCW,1.397712833545112,7.98,7.87,8.02,2993339
2024-01-04,RLJ,-0.7745266781411347,11.53,11.62,11.61,878444
2024-01-04,NODK,0.30888030888031603,12.99,12.95,12.94,12300
2024-01-04,KSS,-0.4144687264506384,26.43,26.54,26.53,4594540
2024-01-04,FFIC,0.18427518427516942,16.31,16.28,16.7,73156
2024-01-04,ICCM,-2.4390243902439046,1.2,1.23,1.22,635237
2024-01-04,AGEN,1.7539301026373855,0.7832,0.7697,0.7509,5389952
2024-01-04,PLBY,2.702702702702685,1.14,1.11,1.1,612732
2024-01-04,BKTI,-100.0,0.0,12.3,12.43,9953
2024-01-04,HYFM,2.8651685393258393,0.9155,0.89,0.9,102340
2024-01-04,MOFG,0.5052467936261135,25.86,25.73,25.87,30714
2024-01-04,UK,0.0,4.7,4.7,4.17,165785
2024-01-04,CXAI,0.8264462809917362,1.22,1.21,1.21,212850
2024-01-04,CBRL,0.0,74.19,74.19,74.44,461249
2024-01-04,HIFS,-100.0,0.0,194.06,196.6,11752
2024-01-04,GWAV,-1.3867488443759644,0.64,0.649,0.589,40603
2024-01-04,SIF,-100.0,0.0,3.6,3.57,15160
2024-01-04,ARBB,3.867403314917118,1.88,1.81,1.68,81603
2024-01-04,IVVD,1.621621621621611,3.76,3.7,3.76,465801
2024-01-04,KRT,-0.9333899024183235,23.35,23.57,23.79,53750
2024-01-04,ORGO,0.5434782608695656,3.7,3.68,3.67,420439
2024-01-04,RSKD,-0.44247787610618533,4.5,4.52,4.26,657270
2024-01-04,KOP,3.150771833368581,48.78,47.29,46.68,154702
2024-01-04,AMRK,0.2805049088359111,28.6,28.52,29.27,262055
2024-01-04,ZKIN,0.0,0.9201,0.9201,0.9501,24601
2024-01-04,IFBD,-3.8461538461538494,0.75,0.78,0.63,928051
2024-01-04,FUNC,0.20964360587000905,23.9,23.85,23.7,22295
2024-01-04,NUVB,3.378378378378381,1.53,1.48,1.5,465524
2024-01-04,CVKD,0.0,0.64,0.64,0.626,21294
2024-01-04,RZLT,-5.000000000000004,0.95,1.0,1.01,30888
2024-01-04,NYMTN,-100.0,0.0,21.375,21.24,25090
2024-01-04,BOC,0.06349206349206214,15.76,15.75,15.8,101604
2024-01-04,GIFI,2.2727272727272645,4.5,4.4,4.69,64433
2024-01-04,XPOF,0.8021390374331537,11.31,11.22,11.15,1036732
2024-01-04,ESRT,-1.4300306435137773,9.65,9.79,9.5,797425
2024-01-04,FARM,3.0100334448160484,3.08,2.99,2.8,86804
2024-01-04,IMTE,-100.0,0.0,2.77,3.09,17405
2024-01-04,BMRC,0.09372071227741131,21.36,21.34,21.5,46521
2024-01-04,CTO,-0.17513134851136944,17.1,17.13,17.11,88910
2024-01-04,BORR,0.9424941947821329,7.39,7.321,7.18,1210108
2024-01-04,DAWN,0.9790209790209706,14.44,14.3,14.32,387541
2024-01-04,VRTS,2.5708175112391367,235.0,229.11,238.02,24848
2024-01-04,BANX,0.6629834254143504,18.22,18.1,18.44,15195
2024-01-04,KURA,-0.5976095617529871,14.97,15.06,15.69,1539391
2024-01-04,GURE,1.2121212121212133,1.67,1.65,1.696,6116
2024-01-04,OGEN,-1.9877675840978575,6.41,6.54,5.9,23219
2024-01-04,CBL,-0.16168148746968128,24.7,24.74,24.58,83428
2024-01-04,OSBC,0.5972130059721291,15.16,15.07,15.47,159534
2024-01-04,ENVB,0.0,1.34,1.34,1.25,16818
2024-01-04,ALLR,-0.5285013212533077,0.527,0.5298,0.5103,106234
2024-01-04,NUKKW,-100.0,0.0,0.13,0.1025,4140
2024-01-04,IPSC,-2.7607361963190145,3.17,3.26,3.2,102557
2024-01-04,VECO,0.4840940525587725,29.06,28.92,28.72,300353
2024-01-04,ACHC,-0.06520605112155889,76.63,76.68,78.32,846555
2024-01-04,ACDC,3.773584905660375,8.25,7.95,7.72,940135
2024-01-04,AMST,0.0,2.38,2.38,2.3,5046
2024-01-04,NOAH,-0.46367851622873824,12.88,12.94,13.03,45963
2024-01-04,BRKL,-0.7497656982193072,10.59,10.67,10.6,294301
2024-01-04,JILL,-0.08025682182986808,24.9,24.92,25.44,90602
2024-01-04,MATV,-0.4739336492891015,14.7,14.77,14.59,896516
2024-01-04,ALGS,-1.4666666666666681,0.739,0.75,0.7398,184353
2024-01-04,MITK,-1.9108280254777086,12.32,12.56,12.21,426237
2024-01-04,AEVA,1.0000000000000009,1.01,1.0,1.01,3029226
2024-01-04,VANI,3.960396039603964,1.05,1.01,1.06,51111
2024-01-04,CLB,-0.2290950744558943,17.42,17.46,17.07,597826
2024-01-04,HTCR,3.248984692283668,0.661,0.6402,0.6668,24170
2024-01-04,KW,-0.7499999999999989,11.91,12.0,11.9,1000705
2024-01-04,ICHR,-0.12191405059432839,32.77,32.81,32.67,235662
2024-01-04,RVYL,-100.0,0.0,4.22,4.25,7372
2024-01-04,CTNT,-100.0,0.0,1.22,1.26,12226
2024-01-04,WEYS,0.9498853586636068,30.82,30.53,30.87,15304
2024-01-04,SCLX,-0.5025125628140708,1.98,1.99,2.02,898230
2024-01-04,RBOT,-1.9999999999999967,0.4018,0.41,0.4218,259712
2024-01-04,GMM,3.3264033264033293,4.97,4.81,4.1,407292
2024-01-04,UG,-3.08641975308642,7.85,8.1,7.83,6817
2024-01-04,IOBT,-5.000000000000004,1.9,2.0,1.96,90395
2024-01-04,CASS,0.3145360593125153,44.65,44.51,44.4,36928
2024-01-04,NUWE,0.45064689635121263,0.691,0.6879,0.62,6757683
2024-01-04,FEBO,-6.967984934086615,4.94,5.31,0.0,16044
2024-01-04,WPRT,9.075907590759089,6.61,6.06,6.22,38748
2024-01-04,OLB,0.0,0.8,0.8,0.8629,114980
2024-01-04,JELD,-0.05662514156286276,17.65,17.66,17.52,566744
2024-01-04,CSBR,0.0,6.15,6.15,6.1,27505
2024-01-04,TSAT,0.0,9.9,9.9,9.86,23951
2024-01-04,ETON,1.535087719298252,4.63,4.56,4.64,71380
2024-01-04,APVO,-11.111111111111107,0.16,0.18,0.1786,149788
2024-01-04,RILY,-0.653594771241824,22.8,22.95,22.0,857779
2024-01-04,SES,0.5464480874316944,1.84,1.83,1.66,817150
2024-01-04,GCMGW,inf,0.33,0.0,0.33,27034
2024-01-04,NKTR,-0.08944543828265758,0.5585,0.559,0.56,789429
2024-01-04,IHRT,-4.508196721311471,2.33,2.44,2.36,638029
2024-01-04,CLMT,-0.3395585738540026,17.61,17.67,17.64,83678
2024-01-04,OBE,-1.575931232091695,6.87,6.98,6.93,415511
2024-01-04,MVBF,0.4137931034482752,21.84,21.75,22.08,69614
2024-01-04,TBPH,1.0353753235547971,11.71,11.59,11.52,249325
2024-01-04,CRESW,-1.2501666666666633,0.592499,0.6,0.5901,7900
2024-01-04,PERF,-1.7123287671232816,2.87,2.92,2.69,26939
2024-01-04,UUU,0.0,1.68,1.68,1.74,26713
2024-01-04,PTLO,0.06626905235254996,15.1,15.09,14.99,796597
2024-01-04,QSG,-100.0,0.0,1.49,1.63,170315
2024-01-04,AIRE,-3.2258064516129057,1.8,1.86,1.76,256991
2024-01-04,OLO,-2.7450980392156805,4.96,5.1,5.11,903911
2024-01-04,DCBO,-2.547065337763009,44.0,45.15,45.5,110967
2024-01-04,PSEC,0.16583747927031153,6.04,6.03,6.145,2034951
2024-01-04,TSQ,0.4821600771456192,10.42,10.37,10.2,42999
2024-01-04,CDZIP,inf,15.65,0.0,15.0,5280
2024-01-04,USPH,0.9746588693957022,93.24,92.34,93.32,69458
2024-01-04,CGC,0.00819739322895229,4.88,4.8796,4.699,3233489
2024-01-04,WHLR,-3.0236220472440936,0.3079,0.3175,0.298,445054
2024-01-04,DERM,3.5196687370600404,5.0,4.83,4.79,332468
2024-01-04,ULH,1.0810810810810836,28.05,27.75,27.81,17971
2024-01-04,YJ,-2.1264919742077044,0.7134,0.7289,0.6987,4047
2024-01-04,TREE,0.67114093959732,28.5,28.31,30.04,264263
2024-01-04,BSVN,-0.15191796429927515,26.29,26.33,25.98,10513
2024-01-04,REX,-0.7868991918332722,46.65,47.02,47.15,104500
2024-01-04,VEEE,-100.0,0.0,1.4,1.43,4805
2024-01-04,RGP,-0.0685871056241412,14.57,14.58,13.0,777484
2024-01-04,REVB,4.351412662404621,0.506,0.4849,0.4937,17823
2024-01-04,STRT,-100.0,0.0,25.2,23.98,18418
2024-01-04,ADNWW,-25.680933852140086,0.0191,0.0257,0.0247,49162
2024-01-04,SNDX,4.616152019002367,22.0217,21.05,22.01,915732
2024-01-04,YORW,-1.0674303566779397,38.0,38.41,38.2,61617
2024-01-04,ANGI,-2.5862068965517264,2.26,2.32,2.3003,490725
2024-01-04,ARGD,-0.1735357917570462,23.01,23.05,23.05,1470
2024-01-04,PDM,-4.7554347826087024,7.01,7.36,7.14,912416
2024-01-04,PULM,2.2727272727272645,2.25,2.2,2.12,31043
2024-01-04,ALTG,0.5937234944868557,11.86,11.79,12.06,235403
2024-01-04,SABSW,0.0,0.02,0.02,0.016,2530
2024-01-04,BCAL,0.23188405797100956,17.29,17.25,17.18,19891
2024-01-04,GORO,-0.6944444444444451,0.3575,0.36,0.367,528703
2024-01-04,NVTS,-0.13755158184318828,7.26,7.27,7.02,2423859
2024-01-04,DX,0.08196721311476692,12.21,12.2,12.19,670246
2024-01-04,NRGV,-2.4630541871921094,1.98,2.03,2.17,1187457
2024-01-04,ACTG,0.5141388174807203,3.91,3.89,3.82,89392
2024-01-04,ACONW,33.33333333333334,0.04,0.03,0.03,15185
2024-01-04,RC,-0.7936507936507943,10.0,10.08,10.09,1588937
2024-01-04,HTBK,0.4158004158004254,9.66,9.62,9.62,260841
2024-01-04,EVGO,0.0,3.16,3.16,3.15,1342706
2024-01-04,CARM,-1.760563380281684,2.79,2.84,2.7692,91737
2024-01-04,GTIM,0.0,2.5,2.5,2.48,23240
2024-01-04,SII,-1.4242424242424208,32.53,33.0,32.88,33451
2024-01-04,USIO,0.1074599852949501,1.77,1.7681,1.73,32575
2024-01-04,EGY,0.2087682672233776,4.8,4.79,4.56,656406
2024-01-04,NWBI,0.0,12.34,12.34,12.25,727646
2024-01-04,WBUY,-1.7543859649122628,0.56,0.57,0.5501,435742
2024-01-04,HSTM,0.4133784291619671,26.72,26.61,26.45,95924
2024-01-04,CRON,0.0,2.12,2.12,2.1498,1846489
2024-01-04,SGMO,-0.4074074074074242,0.5378,0.54,0.5197,1886865
2024-01-04,GPMT,-0.17761989342806014,5.62,5.63,5.75,326974
2024-01-04,KLXE,1.2567324955116588,11.28,11.14,10.97,75486
2024-01-04,DSGR,0.26385224274405766,30.4,30.32,30.22,40929
2024-01-04,VTMX,2.153047989623879,39.38,38.55,37.62,91282
2024-01-04,ACIC,-1.6252390057361539,10.29,10.46,10.34,254832
2024-01-04,CMTL,-1.6000000000000065,8.61,8.75,8.71,282050
2024-01-04,NISN,0.7792207792207742,3.88,3.85,3.99,70329
2024-01-04,GHRS,2.316602316602319,5.3,5.18,5.57,108360
2024-01-04,NKTX,-3.1523642732048986,5.53,5.71,6.0,1196439
2024-01-04,GEVO,-0.8620689655172422,1.15,1.16,1.14,2037320
2024-01-04,CISS,-2.380519716518263,0.5372,0.5503,0.63,932406
2024-01-04,OXBR,-1.785714285714287,1.1,1.12,0.9873,19887
2024-01-04,ENVX,0.3415883859948689,11.75,11.71,12.32,6037779
2024-01-04,RPD,1.8336483931947047,53.87,52.9,52.28,672572
2024-01-04,BV,-3.214285714285709,8.13,8.4,7.99,179003
2024-01-04,NVCR,0.735835172921263,13.69,13.59,14.18,1440442
2024-01-04,LANDO,-100.0,0.0,19.14,18.94,23047
2024-01-04,TXO,0.36610878661088014,19.19,19.12,19.19,32254
2024-01-04,UTL,1.4905660377358474,53.79,53.0,52.91,42869
2024-01-04,EVC,3.307888040712454,4.06,3.93,3.9,217062
2024-01-04,OI,-1.8064516129032218,15.22,15.5,15.28,1834710
2024-01-04,LOCO,0.0,8.58,8.58,8.58,232500
2024-01-04,SILO,0.0,1.45,1.45,1.45,476596
2024-01-04,WNC,0.0,24.21,24.21,24.2,936429
2024-01-04,SELF,1.716738197424894,4.74,4.66,4.67,39192
2024-01-04,SGD,-0.7194244604316554,1.38,1.39,1.3613,201514
2024-01-04,ATER,-1.8128654970760345,0.3358,0.342,0.3362,257884
2024-01-04,AFRI,0.6548175865294695,10.76,10.69,10.68,12845
2024-01-04,SQFT,-0.03602305475503926,1.11,1.1104,1.19,14397
2024-01-04,TNON,-3.0674846625766765,1.58,1.63,1.53,23881
2024-01-04,DDL,0.0,1.5,1.5,1.54,369108
2024-01-04,MCB,0.19278966647387977,51.97,51.87,50.63,105277
2024-01-04,INBX,0.23486430062629515,38.41,38.32,35.51,914391
2024-01-04,DAIO,-100.0,0.0,3.1,3.09,15228
2024-01-04,APDN,-0.4858934169278984,0.6349,0.638,0.6101,10781
2024-01-04,EPIX,0.0,6.53,6.53,6.59,63157
2024-01-04,JBI,0.4460966542750967,13.51,13.45,13.69,2073132
2024-01-04,CTXR,-2.1601016518424414,0.77,0.787,0.79,566782
2024-01-04,ONMD,-0.12804097311139576,0.78,0.781,0.758,93315
2024-01-04,EDAP,-100.0,0.0,5.13,5.1,11736
2024-01-04,PRZO,1.3559786330639665,0.74,0.7301,0.731,479861
2024-01-04,UVSP,0.331753554502371,21.17,21.1,21.04,91001
2024-01-04,ETNB,4.857142857142855,11.01,10.5,11.47,870984
2024-01-04,OBK,0.6662804171494695,34.75,34.52,34.57,69079
2024-01-04,FOXO,3.1772027513920684,0.315,0.3053,0.3032,305885
2024-01-04,ASTLW,2.247191011235957,1.82,1.78,1.77,13145
2024-01-04,AEHR,1.2554112554112518,23.39,23.1,22.85,1101319
2024-01-04,NERV,2.866779089376053,6.1,5.93,6.49,49766
2024-01-04,NAAS,-2.380952380952383,1.64,1.68,1.5799,947330
2024-01-04,MBUU,-0.7860429447852696,51.75,52.16,52.23,175219
2024-01-04,DRH,1.4054054054054137,9.38,9.25,9.3,1198753
2024-01-04,XPEL,0.6044063170208662,51.6,51.29,51.95,175164
2024-01-04,HOFT,0.4403522818254581,25.09,24.98,24.43,76595
2024-01-04,NBBK,-2.4719101123595513,13.02,13.35,13.61,961581
2024-01-04,PMTS,-0.6799163179916451,18.99,19.12,19.16,10372
2024-01-04,PROV,0.0,12.85,12.85,13.0,9875
2024-01-04,DOUG,0.0,2.86,2.86,2.86,394999
2024-01-04,COEPW,-17.786082474226813,0.031899,0.0388,0.0386,3963
2024-01-04,SYRS,0.0,7.06,7.06,6.6,180056
2024-01-04,PW,-2.3685019993848,0.6348,0.6502,0.64,14906
2024-01-04,JBLU,-0.8048289738430591,4.93,4.97,5.3,16878608
2024-01-04,FINW,0.0,14.32,14.32,14.34,34344
2024-01-04,BFS,0.15353121801433542,39.14,39.08,39.33,42371
2024-01-04,STTK,4.545454545454546,7.59,7.26,7.49,358777
2024-01-04,INBK,-0.8602150537634378,23.05,23.25,24.34,64655
2024-01-04,TSHA,0.0,1.69,1.69,1.76,1138040
2024-01-04,YSG,0.0,0.75,0.75,0.751,378389
2024-01-04,SOND,8.47457627118644,3.2,2.95,2.97,11787
2024-01-04,XELB,1.3513513513513526,1.5,1.48,1.47,13424
2024-01-04,SPB,-0.09175514484205975,76.22,76.29,76.72,677560
2024-01-04,AXGN,0.4524886877828092,6.66,6.63,6.9999,206411
2024-01-04,SVRA,0.0,4.44,4.44,4.36,968282
2024-01-04,EVH,0.063231109705974,31.65,31.63,32.69,1414631
2024-01-04,KTCC,-100.0,0.0,4.47,4.39,9953
2024-01-04,SAT,-0.35080478745357346,24.145,24.23,24.15,1807
2024-01-04,MVSTW,-3.884142394822011,0.148499,0.1545,0.155,45452
2024-01-04,LWAY,0.0,13.13,13.13,14.6,90407
2024-01-04,TASK,0.0,11.93,11.93,11.97,159255
2024-01-04,UDMY,-1.609363569861014,13.45,13.67,13.19,1133685
2024-01-04,CPAC,0.0,5.12,5.12,5.18,10233
2024-01-04,GLAD,0.0,10.8,10.8,10.98,272960
2024-01-04,TRT,0.0,5.0,5.0,5.06,11084
2024-01-04,AMRN,-1.7028571428571455,0.8601,0.875,0.8641,826567
2024-01-04,SIDU,-2.9539530842745427,11.17,11.51,11.65,4060498
2024-01-04,ZVIA,-1.5625000000000013,1.89,1.92,1.8695,156298
2024-01-04,CUE,-0.7326007326007333,2.71,2.73,2.62,334095
2024-01-04,EYEN,1.6483516483516498,1.85,1.82,1.9,320955
2024-01-04,DGII,-2.1842732327243874,24.63,25.18,24.35,169202
2024-01-04,WDH,1.0000000000000009,1.01,1.0,1.02,139731
2024-01-04,CAPT,-0.25641025641025095,3.89,3.9,3.89,232900
2024-01-04,SSSS,0.49627791563274376,4.05,4.03,4.08,62620
2024-01-04,BZH,0.0,31.62,31.62,31.34,258584
2024-01-04,TPST,0.8602150537634415,4.69,4.65,4.16,1721105
2024-01-04,IXHL,-6.9662921348314715,4.14,4.45,4.1,8006
2024-01-04,ZNTL,0.06414368184733667,15.6,15.59,15.44,510734
2024-01-04,CHMG,0.20296326364926792,49.37,49.27,49.25,11098
2024-01-04,AIRTP,-2.7663331371394873,16.52,16.99,16.99,2349
2024-01-04,LOOP,0.14306151645207132,3.5,3.495,3.55,10075
2024-01-04,PRLB,-0.2228412256267362,35.82,35.9,35.41,161286
2024-01-04,TURN,-100.0,0.0,4.19,4.19,13117
2024-01-04,GEG,-100.0,0.0,1.87,1.88,22408
2024-01-04,MDRR,-0.5725190839694704,5.21,5.24,5.2,29744
2024-01-04,PDLB,1.2127894156560026,9.18,9.07,9.17,30316
2024-01-04,CRCT,-3.9999999999999964,6.24,6.5,6.59,599759
2024-01-04,TITN,1.1606819006166134,27.89,27.57,27.6,151313
2024-01-04,HYPR,1.9047619047619064,1.07,1.05,1.05,25417
2024-01-04,MIND,6.403559682723928,6.6,6.2028,6.69,2599
2024-01-04,LAZR,-2.9126213592232966,3.0,3.09,3.05,4707100
2024-01-04,BIOX,-1.7660044150110392,13.35,13.59,13.25,45875
2024-01-04,MGRM,-100.0,0.0,3.6,3.55,25420
2024-01-04,ELUT,-5.723905723905736,2.8,2.97,2.73,15461
2024-01-04,NHTC,-0.3372681281618815,5.91,5.93,5.9184,20456
2024-01-04,SHO,0.0,10.74,10.74,10.85,1993963
2024-01-04,VCIG,7.070707070707077,2.12,1.98,1.99,91570
2024-01-04,SWIN,-100.0,0.0,2.65,2.5,21542
2024-01-04,ARMP,4.07407407407407,2.81,2.7,2.81,11229
2024-01-04,PEB,0.0,15.37,15.37,15.7,3115766
2024-01-04,PNTG,0.8498583569405169,14.24,14.12,14.16,108396
2024-01-04,BHRB,0.9470011629838848,60.76,60.19,58.94,32194
2024-01-04,FENG,inf,1.4,0.0,0.0,9513
2024-01-04,ASNS,-3.508771929824545,1.1,1.14,1.16,124760
2024-01-04,XLO,-5.714285714285704,0.66,0.7,0.7406,851745
2024-01-04,CLLS,-0.33333333333332626,2.99,3.0,3.1,39900
2024-01-04,WTI,-0.6006006006006012,3.31,3.33,3.18,2744325
2024-01-04,POAI,5.504587155963308,3.45,3.27,3.24,2966
2024-01-04,CHPT,1.913875598086126,2.13,2.09,2.14,12667542
2024-01-04,NDLS,3.0303030303030254,3.06,2.97,2.98,129654
2024-01-04,FNWD,-100.0,0.0,25.05,24.95,7688
2024-01-04,IMCR,-0.014128284826229322,70.77,70.78,71.06,275518
2024-01-04,NTLA,1.6112789526686822,30.27,29.79,29.72,1745465
2024-01-04,SMHI,1.6103059581320394,12.62,12.42,11.86,93852
2024-01-04,MESA,-5.494505494505499,0.86,0.91,0.9301,245335
2024-01-04,TRX,0.0,0.378,0.378,0.377,398441
2024-01-04,III,-1.0869565217391266,4.55,4.6,4.76,61885
2024-01-04,GNPX,-2.1739130434782625,0.225,0.23,0.2342,311229
2024-01-04,TLSI,-4.079110012360941,7.76,8.09,8.33,59481
2024-01-04,BMEA,-1.7940199335548264,14.78,15.05,15.88,1033127
2024-01-04,MEI,0.04752851711027359,21.05,21.04,20.86,298217
2024-01-04,TCBIO,-100.0,0.0,18.64,18.8,17920
2024-01-04,JANX,0.7766990291262142,10.38,10.3,10.49,69997
2024-01-04,CAAS,1.9230769230769247,3.18,3.12,3.24,17381
2024-01-04,PLUS,0.22741629816802603,79.33,79.15,79.0,196275
2024-01-04,XOMAO,-100.0,0.0,24.925,0.0,2074
2024-01-04,OPTX,-100.0,0.0,4.95,4.9,2523
2024-01-04,JFIN,0.19379844961239895,5.17,5.16,5.2496,14392
2024-01-04,IMRX,-2.380952380952383,6.56,6.72,6.77,57089
2024-01-04,CWCO,0.0,34.05,34.05,33.77,93186
2024-01-04,XYF,0.0,3.94,3.94,4.09,17285
2024-01-04,HI,-0.44247787610620093,45.0,45.2,45.1,318083
2024-01-04,ETD,-2.2397476340694036,30.99,31.7,30.61,177397
2024-01-04,ENJ,-100.0,0.0,21.34,21.45,565
2024-01-04,NMM,-0.5486968449931418,29.0,29.16,29.11,126771
2024-01-04,BSBK,8.63013698630137,7.93,7.3,7.4,3861
2024-01-04,RMCO,0.0,1.81,1.81,2.22,268672
2024-01-04,SRPT,1.9892473118279508,94.85,93.0,94.5,783358
2024-01-04,VRA,0.2673796791443793,7.5,7.48,7.17,454608
2024-01-04,CTRN,0.2995132909022774,26.79,26.71,27.73,91853
2024-01-04,JRVR,0.10893246187363603,9.19,9.18,9.6,1909039
2024-01-04,BDL,-2.3291925465838563,25.16,25.76,26.0,1185
2024-01-04,PLYM,0.7130872483221548,24.01,23.84,23.63,203055
2024-01-04,CSGS,0.28823981552651534,52.19,52.04,51.96,333783
2024-01-04,EMBC,0.0,18.29,18.29,18.42,294755
2024-01-04,OMER,1.0526315789473615,2.88,2.85,3.03,534252
2024-01-04,LMB,0.09647853352628834,41.5,41.46,42.85,161900
2024-01-04,ZEUS,0.5238736716060385,67.16,66.81,63.56,81253
2024-01-04,ALX,0.913390207715133,217.65,215.68,214.97,7877
2024-01-04,CANF,0.9433962264150951,2.14,2.12,0.0,14498
2024-01-04,GCI,3.539823008849561,2.34,2.26,2.3003,396014
2024-01-04,CLW,-0.5502063273727726,36.15,36.35,35.64,75124
2024-01-04,HSDT,1.5132408575031653,8.05,7.93,7.75,3528
2024-01-04,CANG,2.9411764705882377,1.05,1.02,0.99,43944
2024-01-04,NDRA,3.5714285714285747,1.45,1.4,1.47,84615
2024-01-04,RFL,-1.621621621621623,1.82,1.85,1.84,10957
2024-01-04,NCTY,-1.3888888888888962,7.1,7.2,7.44,48917
2024-01-04,DRUG,2.2031823745410057,1.67,1.634,1.75,24364
2024-01-04,EARN,1.4802631578947345,6.17,6.08,6.14,127393
2024-01-04,CWD,-0.7246376811594049,1.37,1.38,1.41,24394
2024-01-04,ASC,1.29781420765027,14.83,14.64,14.75,984433
2024-01-04,HQL,0.21834061135370714,13.77,13.74,13.89,114688
2024-01-04,LNN,-2.728135378775889,123.01,126.46,126.49,157793
2024-01-04,MTEK,0.00952471663967892,1.05,1.0499,1.05,55341
2024-01-04,DXPE,0.5105105105105157,33.47,33.3,32.9,69916
2024-01-04,PMCB,-1.3574660633484075,2.18,2.21,2.16,48873
2024-01-04,ULY,0.0,2.7,2.7,2.88,73918
2024-01-04,GETY,-4.3893129770992445,5.01,5.24,5.02,128944
2024-01-04,GTEC,2.1352313167259807,2.87,2.81,2.64,27927
2024-01-04,NCPL,-4.3878894251864775,0.2179,0.2279,0.2159,997500
2024-01-04,ZEPP,2.898550724637684,1.42,1.38,1.44,37301
2024-01-04,TRTX,-0.3067484662576622,6.5,6.52,6.37,391695
2024-01-04,ALEC,-1.7721518987341842,7.76,7.9,7.91,276786
2024-01-04,SPRO,-2.6490066225165587,1.47,1.51,1.47,174930
2024-01-04,ADEA,-1.2861736334405156,12.28,12.44,12.29,574546
2024-01-04,CPHI,2.782608695652169,0.1182,0.115,0.1079,880231
2024-01-04,WOLF,2.191578428958386,41.5,40.61,39.75,6892001
2024-01-04,PPIH,-4.004711425206123,8.15,8.49,8.7,24139
2024-01-04,SAR,-1.5005771450557794,25.6,25.99,25.98,123991
2024-01-04,TRAK,3.5785288270377675,10.42,10.06,10.6,63680
2024-01-04,GTBP,-3.0769230769230793,0.252,0.26,0.2566,137416
2024-01-04,ICUCW,-2.515723270440258,0.031,0.0318,0.0322,17254
2024-01-04,IMPP,0.3448275862069045,2.91,2.9,2.94,727403
2024-01-04,FHTX,2.2033898305084727,6.03,5.9,5.6,99967
2024-01-04,HOPE,-2.3037542662116155,11.45,11.72,11.71,766855
2024-01-04,EWCZ,0.7930214115781239,12.71,12.61,12.64,646177
2024-01-04,PGC,0.4487400759406371,29.1,28.97,29.56,65455
2024-01-04,XHR,0.6024096385542175,13.36,13.28,13.0,607647
2024-01-04,AWX,-100.0,0.0,2.38,2.09,11231
2024-01-04,JZ,-1.0989010989010863,0.81,0.819,0.753,8704
2024-01-04,BZFDW,-48.28431372549019,0.0211,0.0408,0.0447,40665
2024-01-04,CLIR,4.761904761904765,1.1,1.05,1.13,43788
2024-01-04,MOB,1.621621621621611,1.88,1.85,1.67,185912
2024-01-04,BYRN,-2.0338983050847474,5.78,5.9,6.1,61027
2024-01-04,TRST,0.36496350364963315,30.25,30.14,30.35,66339
2024-01-04,EVEX,-1.3513513513513586,7.3,7.4,7.08,86699
2024-01-04,EPOW,2.8301886792452855,1.09,1.06,1.03,19451
2024-01-04,FORR,-0.1973943939991992,25.28,25.33,25.11,35148
2024-01-04,BHAT,-3.0000000000000036,0.9991,1.03,0.991,80071
2024-01-04,DNUT,0.4878048780487825,14.42,14.35,14.25,546246
2024-01-04,WOOF,2.047781569965872,2.99,2.93,2.94,9491213
2024-01-04,ARAY,-0.3703703703703789,2.69,2.7,2.74,345582
2024-01-04,VRME,4.3448511802942145,1.22,1.1692,1.15,19016
2024-01-04,WEN,-0.5729166666666637,19.09,19.2,18.9,3158181
2024-01-04,ADVM,3.583759971425172,0.87,0.8399,0.93,1033211
2024-01-04,DLX,-0.7228915662650535,20.6,20.75,20.45,206106
2024-01-04,NUS,-2.7055150884495296,18.7,19.22,19.35,615109
2024-01-04,TIPT,0.8042895442359363,18.8,18.65,18.78,73985
2024-01-04,GAIN,-0.4146510020732584,14.41,14.47,14.85,267081
2024-01-04,ALOT,-100.0,0.0,16.49,16.85,11264
2024-01-04,TMP,2.6077508149221256,56.66,55.22,55.9,77628
2024-01-04,WEAV,-0.8984725965858168,11.03,11.13,11.22,200479
2024-01-04,SGRP,-100.0,0.0,1.03,1.02,2393
2024-01-04,ZIP,-2.795698924731174,13.56,13.95,13.95,607395
2024-01-04,VEL,0.1907183725365503,15.76,15.73,15.8,41666
2024-01-04,AXL,-1.1124845488257091,8.0,8.09,8.19,1054927
2024-01-04,IDAI,-6.849315068493142,1.36,1.46,1.42,149260
2024-01-04,CNTX,0.8196721311475417,1.23,1.22,1.26,59762
2024-01-04,SGHT,0.19880715705764984,5.04,5.03,4.99,449564
2024-01-04,SRG,-0.6430868167202625,9.27,9.33,9.27,321253
2024-01-04,YELP,-1.1084546837643947,45.5,46.01,46.14,518592
2024-01-04,RR,-1.1824324324324371,5.85,5.92,6.15,22497
2024-01-04,CLRO,0.0,1.07,1.07,1.03,90002
2024-01-04,MNR,0.3180661577608075,15.77,15.72,16.3,144130
2024-01-04,TDUP,-3.9473684210526256,2.19,2.28,2.18,940140
2024-01-04,TR,-1.898554831397001,34.62,35.29,33.84,95803
2024-01-04,AOMR,-2.0814479638009087,10.82,11.05,10.58,25853
2024-01-04,MYNZ,-1.7094017094017109,1.15,1.17,1.13,97362
2024-01-04,MRAM,0.0,8.57,8.57,8.86,94484
2024-01-04,NCSM,-100.0,0.0,17.3,17.49,2786
2024-01-04,CALC,0.5586592178770954,3.6,3.58,3.69,5776
2024-01-04,BWMX,-3.3707865168539275,12.9,13.35,12.95,25489
2024-01-04,BHE,-0.5586592178771029,26.7,26.85,26.84,180133
2024-01-04,PIII,-1.5384615384615397,1.28,1.3,1.31,191598
2024-01-04,TAYD,0.04338394793925384,23.06,23.05,22.11,15918
2024-01-04,PGNY,-0.054024851431667,37.0,37.02,35.12,649312
2024-01-04,NPWR,0.42507970244419924,9.45,9.41,9.24,151638
2024-01-04,AUPH,6.50887573964498,9.0,8.45,8.27,1863788
2024-01-04,EVAX,3.749323226854351,0.7665,0.7388,0.85,45289
2024-01-04,PRGS,0.3428571428571423,52.68,52.5,52.39,208624
2024-01-04,ARVN,-0.2420721374969775,41.21,41.31,41.56,540716
2024-01-04,GP,2.0000000000000018,3.06,3.0,3.1,40343
2024-01-04,SWKH,1.0422698320787476,17.45,17.27,17.52,5651
2024-01-04,BTAI,4.198473282442743,2.73,2.62,2.9,689861
2024-01-04,ZIMV,0.41079812206572935,17.11,17.04,17.4,235327
2024-01-04,OLP,1.8390804597701083,22.15,21.75,22.39,64329
2024-01-04,BEDU,-100.0,0.0,1.4994,1.42,1634
2024-01-04,CMPO,1.1342155009451722,5.35,5.29,5.41,173899
2024-01-04,PNFPP,-100.0,0.0,23.0,22.86,25153
2024-01-04,SLDP,-0.7575757575757582,1.31,1.32,1.44,4392353
2024-01-04,SEMR,5.140961857379761,12.68,12.06,12.55,326980
2024-01-04,SERA,-0.1814882032667838,5.5,5.51,5.78,197899
2024-01-04,SOPA,1.0000000000000009,0.303,0.3,0.289,215903
2024-01-04,IFRX,8.982035928143722,1.82,1.67,1.7804,1035123
2024-01-04,EJH,13.22314049586778,1.37,1.21,0.7799,10737941
2024-01-04,LAND,1.713062098501072,14.25,14.01,14.16,212907
2024-01-04,CLBK,0.10498687664041771,19.07,19.05,19.12,75705
2024-01-04,COEP,0.012501562695335538,0.8,0.7999,0.7,115402
2024-01-04,SPFI,0.5263157894736793,28.65,28.5,28.76,23469
2024-01-04,DUOT,0.0,2.3,2.3,2.82,66640
2024-01-04,NFBK,4.987735077677836,12.84,12.23,12.89,204777
2024-01-04,HQH,0.11820330969266886,16.94,16.92,17.07,261365
2024-01-04,ANDE,-8.302253932219887,56.55,61.67,56.15,203709
2024-01-04,FRGT,0.25203024362923887,0.358,0.3571,0.335,1522804
2024-01-04,VNDA,6.542056074766339,4.56,4.28,4.44,854421
2024-01-04,DRCT,3.285256410256411,12.89,12.48,13.21,315110
2024-01-04,TXMD,2.2123893805309858,2.31,2.26,2.27,11783
2024-01-04,ARI,-1.721170395869185,11.42,11.62,11.65,655738
2024-01-04,LGO,0.8474576271186449,2.38,2.36,2.39,44243
2024-01-04,VTSI,-2.6627218934911374,9.87,10.14,11.2,566983
2024-01-04,DH,0.20661157024792948,9.7,9.68,8.69,1304104
2024-01-04,RBBN,-6.109324758842442,2.92,3.11,2.91,253510
2024-01-04,API,1.9999999999999927,2.55,2.5,2.48,199574
2024-01-04,BWAY,-0.2828854314002894,7.05,7.07,7.01,153643
2024-01-04,THFF,0.21438780371606342,42.07,41.98,41.95,28509
2024-01-04,MATW,0.537330316742075,35.55,35.36,35.0,122211
2024-01-04,SMBK,0.8985879332477419,23.58,23.37,23.34,23722
2024-01-04,UVE,0.3649635036496272,16.5,16.44,16.49,172290
2024-01-04,NRP,-100.0,0.0,92.5,92.44,32173
2024-01-04,TRNR,0.0,0.888,0.888,0.8485,27117
2024-01-04,UNB,-100.0,0.0,30.93,30.9,14335
2024-01-04,EBS,-0.8403361344537823,2.36,2.38,2.49,1495398
2024-01-04,TALO,0.683060109289615,14.74,14.64,13.83,1119830
2024-01-04,SATL,1.8749999999999878,1.63,1.6,1.53,35666
2024-01-04,OXSQZ,0.8226337448559652,24.4999,24.3,24.4,2813
2024-01-04,ZCARW,inf,0.0362,0.0,0.0454,188072
2024-01-04,NSTS,-100.0,0.0,9.5,9.51,15073
2024-01-04,VHC,0.3129890453834188,6.41,6.39,6.37,5888
2024-01-04,LINC,-2.98826040554962,9.09,9.37,9.5,65170
2024-01-04,CABA,-1.2113055181695809,22.02,22.29,22.63,572604
2024-01-04,CASH,3.973902728351137,52.59,50.58,50.79,217674
2024-01-04,AMBC,0.12437810945275576,16.1,16.08,16.11,370106
2024-01-04,ARR,1.0700909577314033,18.89,18.69,18.67,1350201
2024-01-04,TOON,0.0,1.39,1.39,1.38,106465
2024-01-04,PWP,0.08460236886632645,11.83,11.82,11.89,176027
2024-01-04,SDOT,14.388133498145853,0.4627,0.4045,0.3949,157580
2024-01-04,ABL,0.0,10.45,10.45,10.76,32071
2024-01-04,ISTR,-0.13477088948786775,14.82,14.84,15.6,98589
2024-01-04,RKDA,-3.448275862068969,2.8,2.9,2.68,33108
2024-01-04,BKD,-1.8739352640545197,5.76,5.87,5.84,1005935
2024-01-04,NMRA,0.0,15.7,15.7,16.39,134680
2024-01-04,GDHG,-1.5151515151515165,0.65,0.66,0.661,425956
2024-01-04,INDO,-0.34246575342465024,2.91,2.92,2.94,37477
2024-01-04,PLX,7.058823529411772,1.82,1.7,1.79,252829
2024-01-04,VRNT,-1.582400617522193,25.5,25.91,26.0,398001
2024-01-04,VUZI,2.4154589371980806,2.12,2.07,2.15,442708
2024-01-04,EDIT,0.0,9.47,9.47,9.56,1767902
2024-01-04,CZWI,-0.7798960138648168,11.45,11.54,11.36,13604
2024-01-04,CHMI,2.010050251256272,4.06,3.98,3.98,174801
2024-01-04,CREV,5.012126111560235,25.98,24.74,24.45,10144
2024-01-04,GOSS,1.52284263959391,1.0,0.985,0.958,447008
2024-01-04,DXLG,0.24449877750610727,4.1,4.09,4.1,322696
2024-01-04,SFL,-0.34217279726261035,11.65,11.69,11.94,854407
2024-01-04,ACEL,-1.0956175298804727,9.93,10.04,9.83,201109
2024-01-04,NNDM,0.0,2.33,2.33,2.34,774858
2024-01-04,EVGN,-0.35793241393830494,0.9465,0.9499,1.02,288395
2024-01-04,CLDX,-12.372505543237246,39.52,45.1,39.11,350313
2024-01-04,FTFT,3.935934571477261,1.83,1.7607,1.82,160816
2024-01-04,DFIN,0.0,60.11,60.11,59.78,128260
2024-01-04,HMN,0.9679370840895349,33.38,33.06,33.28,153363
2024-01-04,STSS,5.7948717948717965,0.4126,0.39,0.4106,46634
2024-01-04,SWVL,-3.6082474226804044,1.87,1.94,2.255,185824
2024-01-04,WGSWW,inf,0.0096,0.0,0.0,1500
2024-01-04,ICMB,0.0,3.49,3.49,3.78,248122
2024-01-04,SBH,-0.3921568627451036,12.7,12.75,12.86,1336024
2024-01-04,RMBI,-1.8340611353711713,11.24,11.45,11.25,6861
2024-01-04,FLXS,-100.0,0.0,19.0,18.8,15881
2024-01-04,ASUR,0.0,8.77,8.77,8.53,219826
2024-01-04,PACK,-1.3539651837524234,5.1,5.17,5.11,205240
2024-01-04,PRA,1.044776119402976,13.54,13.4,13.27,203556
2024-01-04,CRBP,-7.620528771384126,5.94,6.43,6.29,8356
2024-01-04,IVR,0.46728971962615823,8.6,8.56,8.59,1127453
2024-01-04,YEXT,-3.2928942807625567,5.58,5.77,5.43,566152
2024-01-04,OFIX,0.6944444444444433,13.05,12.96,13.01,624290
2024-01-04,HBCP,0.4174852652259374,40.89,40.72,40.79,10024
2024-01-04,GDOT,0.0,9.1,9.1,8.9,434016
2024-01-04,AMWL,3.174603174603177,1.3,1.26,1.28,1019520
2024-01-04,SLRC,0.0,15.04,15.04,15.19,191903
2024-01-04,LFMD,-2.132998745294855,7.8,7.97,5.47,7259049
2024-01-04,CBUS,0.0,17.94,17.94,17.38,62944
2024-01-04,ADD,0.14727540500736389,0.34,0.3395,0.3318,49497
2024-01-04,AMPY,0.3257328990228089,6.16,6.14,6.06,650248
2024-01-04,FIVN,0.9680938096536593,74.05,73.34,74.0,1065046
2024-01-04,MGRX,1.6363636363636376,0.2795,0.275,0.289,150160
2024-01-04,BVFL,0.7137758743754435,14.11,14.01,13.99,23623
2024-01-04,BLRX,0.0,1.49,1.49,1.48,251543
2024-01-04,FC,-1.0816125860373593,40.24,40.68,37.01,304412
2024-01-04,NWN,-3.5812672176308533,38.5,39.93,39.44,154684
2024-01-04,AEMD,0.4504504504504408,2.23,2.22,2.18,5355
2024-01-04,FDUS,-1.553106212424861,19.65,19.96,19.7,339033
2024-01-04,AMPH,-1.6229508196721345,60.01,61.0,61.65,541828
2024-01-04,AREN,-2.8846153846153944,3.03,3.12,2.45,1855461
2024-01-04,KZIA,-100.0,0.0,0.4499,0.4498,41015
2024-01-04,EPC,0.0,35.75,35.75,35.73,370794
2024-01-04,CSWC,-0.20466639377814455,24.38,24.43,24.8,603995
2024-01-04,SLRX,8.590625499920009,0.6788,0.6251,0.6306,34352
2024-01-04,PROK,0.0,1.5,1.5,1.5113,450942
2024-01-04,QUIK,7.828655834564257,14.6,13.54,13.35,149578
2024-01-04,AMWD,0.033651149747617654,89.18,89.15,88.92,109724
2024-01-04,ALUR,0.0,3.34,3.34,3.38,29344
2024-01-04,IMMP,-3.29218106995885,2.35,2.43,2.45,161745
2024-01-04,NRDS,-0.4389173372348244,13.61,13.67,14.15,155935
2024-01-04,WW,-1.5544041450777215,7.6,7.72,6.75,16655374
2024-01-04,PED,-1.2150668286755781,0.813,0.823,0.786,58216
2024-01-04,ADAP,6.0606060606060534,0.749,0.7062,0.8346,1395901
2024-01-04,CION,-0.4500450045004405,11.06,11.11,11.19,279147
2024-01-04,AEYE,2.7777777777777755,4.81,4.68,5.03,32679
2024-01-04,OPFI,3.6036036036035863,4.6,4.44,4.29,468741
2024-01-04,IMAB,3.0172413793103576,2.39,2.32,2.18,928376
2024-01-04,PFBC,0.0,71.09,71.09,72.78,95311
2024-01-04,APT,0.0,5.2,5.2,5.29,32558
2024-01-04,OXM,-0.020742584526027816,96.4,96.42,97.61,205247
2024-01-04,OZKAP,0.11990407673860656,16.7,16.68,17.03,22349
2024-01-04,CERT,0.0,16.36,16.36,16.82,482261
2024-01-04,NEPH,4.972375690607727,3.8,3.62,3.58,23696
2024-01-04,SHLS,-0.536552649228706,14.83,14.91,14.38,2294212
2024-01-04,TOI,0.0,2.17,2.17,2.1348,187610
2024-01-04,CTRM,0.0,0.5703,0.5703,0.5999,2793881
2024-01-04,USAS,2.040816326530614,0.25,0.245,0.2489,211149
2024-01-04,GNFT,-0.24752475247524225,4.03,4.04,3.92,36095
2024-01-04,ARDX,-1.6092988858700068,6.12,6.2201,6.1281,4006971
2024-01-04,SILC,0.3401360544217614,17.7,17.64,17.3,18703
2024-01-04,CDIOW,inf,0.2775,0.0,0.22,44689
2024-01-04,ATLX,-1.3542628501077403,32.05,32.49,32.0,42635
2024-01-04,TPCS,-100.0,0.0,5.34,5.58,3090
2024-01-04,SLVM,0.0,48.82,48.82,48.31,218175
2024-01-04,ICCT,1.5748031496063006,1.29,1.27,1.3,280329
2024-01-04,MRVI,-3.9393939393939363,6.34,6.6,6.15,2660234
2024-01-04,BFRI,2.8776978417266217,2.86,2.78,3.0,967122
2024-01-04,VXRT,0.0,0.5673,0.5673,0.5615,440114
2024-01-04,HSCS,-4.026050917702783,0.1621,0.1689,0.1583,2465551
2024-01-04,ZURA,2.972651605231867,4.33,4.205,4.05,118572
2024-01-04,INCR,-0.7692307692307698,1.29,1.3,1.39,33068
2024-01-04,CMPS,0.22421524663676654,8.94,8.92,9.81,681503
2024-01-04,MSBIP,-100.0,0.0,24.9,24.95,2174
2024-01-04,CCLD,3.012048192771087,1.71,1.66,1.65,49879
2024-01-04,LOVE,-1.0684606252473272,25.0,25.27,25.61,192432
2024-01-04,ECX,1.8115942028985605,2.81,2.76,2.66,70113
2024-01-04,MAMA,1.5384615384615448,4.62,4.55,4.7,339881
2024-01-04,PCB,0.3340757238307278,18.02,17.96,18.01,22126
2024-01-04,HELE,0.025935851992738946,115.7,115.67,116.57,227398
2024-01-04,TPB,0.43529877324890953,25.38,25.27,25.42,122175
2024-01-04,BW,-1.5037593984962419,1.31,1.33,1.31,726871
2024-01-04,HPP,-0.216919739696327,9.2,9.22,9.85,3801946
2024-01-04,IPDN,-100.0,0.0,1.86,1.9,6288
2024-01-04,ECVT,0.0,9.55,9.55,9.34,446687
2024-01-04,XOMA,-0.9117082533589314,20.65,20.84,20.88,18259
2024-01-04,HYLN,-0.8886255924170559,0.8365,0.844,0.8572,829093
2024-01-04,BHB,0.6978367062107441,28.86,28.66,28.71,29591
2024-01-04,HTOO,4.807692307692312,1.09,1.04,1.12,49454
2024-01-04,INUV,0.8938071930197994,0.4741,0.4699,0.51,926950
2024-01-04,DPRO,6.258148631029985,0.489,0.4602,0.4655,170449
2024-01-04,OEC,0.16012810248198217,25.02,24.98,24.36,425400
2024-01-04,NVFY,-7.182320441988957,3.36,3.62,3.12,89919
2024-01-04,VOR,0.0,2.14,2.14,2.08,128454
2024-01-04,HYMCL,-7.063197026022301,0.025,0.0269,0.03091,107697
2024-01-04,LPCN,0.0,2.84,2.84,2.97,5414
2024-01-04,DFLI,1.1617515638963272,0.566,0.5595,0.5349,490582
2024-01-04,PD,-5.357142857142854,21.2,22.4,21.63,1893486
2024-01-04,BAER,-100.0,0.0,6.83,6.7,8803
2024-01-04,UP,-0.24096385542170298,4.14,4.15,4.2,1574588
2024-01-04,PSTL,-0.20979020979021773,14.27,14.3,14.13,93582
2024-01-04,SG,0.6542056074766383,10.77,10.7,10.6,1410860
2024-01-04,TRNS,0.6770932672134214,105.57,104.86,102.56,41256
2024-01-04,OPINL,-0.3863987635239485,12.89,12.94,12.8,43861
2024-01-04,UMH,-2.115003304692665,14.81,15.13,14.72,262706
2024-01-04,NEWT,3.520599250936334,13.82,13.35,13.44,129124
2024-01-04,DEC,0.06587615283267316,15.19,15.18,15.46,24054
2024-01-04,TTSH,0.7235890014471754,6.96,6.91,6.85,51171
2024-01-04,SMX,-3.66666666666667,0.578,0.6,0.52,142782
2024-01-04,NXTC,2.702702702702685,1.14,1.11,1.2,130066
2024-01-04,REFR,0.0,1.08,1.08,1.06,38054
2024-01-04,ENGNW,inf,0.9,0.0,1.09,20867
2024-01-04,TWI,0.5483207676490752,14.67,14.59,14.39,301626
2024-01-04,POWW,1.9512195121951237,2.09,2.05,2.12,516429
2024-01-04,TORO,-3.063063063063062,5.38,5.55,5.56,164960
2024-01-04,BITF,-2.7777777777777803,2.8,2.88,2.96,18517996
2024-01-04,ERO,-1.7650639074863004,16.14,16.43,16.42,257783
2024-01-04,TBI,0.06854009595613288,14.6,14.59,14.1,369502
2024-01-04,AURA,-0.5561735261401637,8.94,8.99,8.25,263520
2024-01-04,CURV,-2.1571648690292844,6.35,6.49,6.12,287201
2024-01-04,MWG,7.209737827715354,0.229,0.2136,0.2291,304744
2024-01-04,STRA,0.194594594594602,92.68,92.5,92.0,72648
2024-01-04,TTEC,0.3477396920019885,20.2,20.13,19.82,159341
2024-01-04,LGHL,6.557377049180333,1.3,1.22,1.34,66620
2024-01-04,CSPI,-100.0,0.0,20.11,19.2,14453
2024-01-04,ENTA,0.952380952380949,10.6,10.5,12.39,752347
2024-01-04,CMRE,-3.9682539682539617,10.89,11.34,11.06,567950
2024-01-04,LILAK,0.5594405594405599,7.19,7.15,7.08,579830
2024-01-04,LUNG,0.4163197335553765,12.06,12.01,11.99,225622
2024-01-04,UHG,-0.11210762331838327,8.91,8.92,8.71,33435
2024-01-04,GBR,-5.841121495327103,1.0075,1.07,1.03,11454
2024-01-04,HCSG,-1.4548981571290043,10.16,10.31,10.26,544799
2024-01-04,RNXT,0.0,1.75,1.75,1.7,47792
2024-01-04,WINT,-0.7401574803149665,0.6303,0.635,0.62,113640
2024-01-04,ULCC,2.9045643153526903,4.96,4.82,5.06,2644854
2024-01-04,MOGO,3.333333333333336,1.86,1.8,1.83,91556
2024-01-04,CVV,-100.0,0.0,4.7,4.4,5073
2024-01-04,LXFR,-1.2614678899082707,8.61,8.72,8.53,271545
2024-01-04,PRPH,-3.5196687370600404,4.66,4.83,4.83,41548
2024-01-04,HTZWW,10.0,5.5,5.0,5.16,68013
2024-01-04,BTOG,-100.0,0.0,3.83,3.76,41984
2024-01-04,CLPT,1.294498381877024,6.26,6.18,6.09,93975
2024-01-04,VINP,0.28301886792453906,10.63,10.6,10.65,9584
2024-01-04,RILYN,0.22535211267605154,17.79,17.75,17.695,23048
2024-01-04,TOVX,4.629629629629633,0.452,0.432,0.4497,104648
2024-01-04,EP,0.812182741116752,9.93,9.85,9.0,33433
2024-01-04,PKE,0.424628450106148,14.19,14.13,13.93,49268
2024-01-04,MLNK,-0.04448398576513151,22.47,22.48,22.75,197230
2024-01-04,MNOV,-0.6211180124223608,1.6,1.61,1.5502,74849
2024-01-04,INBKZ,0.9174311926605472,22.0,21.8,21.85,2227
2024-01-04,AMLX,0.621118012422347,16.2,16.1,16.7101,1696151
2024-01-04,IMKTA,0.717049852037327,88.49,87.86,88.53,80045
2024-01-04,TH,3.6534446764091824,9.93,9.58,9.62,911852
2024-01-04,KPLT,0.9293680297397737,10.86,10.76,10.05,18058
2024-01-04,ACR,-2.636718749999996,9.97,10.24,9.89,9985
2024-01-04,FTEL,-13.475177304964536,1.22,1.41,1.49,2302
2024-01-04,HTZ,0.018521948508994815,9.72,9.7182,9.79,4447467
2024-01-04,AEI,2.7272727272727093,1.13,1.1,1.12,23555
2024-01-04,GBIO,0.0,1.87,1.87,1.99,478876
2024-01-04,ALCO,0.5731625084288542,29.83,29.66,29.09,18747
2024-01-04,CHR,1.6393442622950907,3.1,3.05,3.12,8666
2024-01-04,PAVS,-100.0,0.0,2.53,0.0,2061
2024-01-04,VRAX,3.1496062992126013,1.31,1.27,1.29,56008
2024-01-04,SGN,4.573974720378287,1.15,1.0997,1.0,224399
2024-01-04,BLND,2.155172413793115,2.37,2.32,2.355,1543325
2024-01-04,PLAY,0.0,51.36,51.36,50.6,1023716
2024-01-04,BACK,-1.3513513513513624,2.19,2.22,2.22,68082
2024-01-04,BTCS,2.604166666666669,1.97,1.92,2.25,607912
2024-01-04,NATR,1.0233086981239325,17.77,17.59,17.26,38405
2024-01-04,NVEC,0.0,74.03,74.03,73.44,27093
2024-01-04,MOLN,7.608695652173929,5.94,5.52,4.11,524555
2024-01-04,OTLK,1.9254505060478828,0.4129,0.4051,0.39,1268204
2024-01-04,UFI,-0.7610350076103609,6.52,6.57,6.5,99870
2024-01-04,VVPR,-2.285714285714288,1.71,1.75,1.72,19086
2024-01-04,INVZ,4.115226337448545,2.53,2.43,2.41,4930568
2024-01-04,IMCC,2.968841857730746,0.3503,0.3402,0.36,113377
2024-01-04,OP,2.400000000000002,2.56,2.5,2.53,35155
2024-01-04,VREX,0.34982508745625546,20.08,20.01,19.87,206699
2024-01-04,GLBS,-5.415162454873642,2.62,2.77,2.77,127421
2024-01-04,HCAT,1.5086206896551788,9.42,9.28,9.22,396154
2024-01-04,CVU,-100.0,0.0,2.6,2.82,19437
2024-01-04,RAIN,-0.008402655239054617,1.19,1.1901,1.21,326269
2024-01-04,VTLE,0.8824795523030491,46.87,46.46,45.88,675106
2024-01-04,SB,0.0,4.01,4.01,4.22,2830494
2024-01-04,FWRD,0.08073631519456992,61.98,61.93,63.93,629987
2024-01-04,TPET,0.0,0.3,0.3,0.32,346182
2024-01-04,FEMY,1.4864172219374634,0.99,0.9755,0.9699,214565
2024-01-04,ASYS,0.9546539379474948,4.23,4.19,4.16,121732
2024-01-04,BMRA,4.58567980691875,0.91,0.8701,1.01,293807
2024-01-04,AACG,34.615384615384606,1.4,1.04,1.15,5609
2024-01-04,CET,-0.0268096514745255,37.29,37.3,0.0,10317
2024-01-04,VOXR,-0.4854368932038947,2.05,2.06,2.05,32729
2024-01-04,ONCO,-6.898288016112784,0.1849,0.1986,0.1933,132497
2024-01-04,GOCO,1.3492063492063489,12.77,12.6,13.12,13199
2024-01-04,VERU,-0.8723466123873227,0.6818,0.6878,0.6604,729416
2024-01-04,OCS,-3.999999999999995,10.56,11.0,11.2,67448
2024-01-04,UCAR,0.1221001221001256,0.164,0.1638,0.148,15808421
2024-01-04,RVP,-100.0,0.0,1.1,1.14,78373
2024-01-04,RELI,3.2638760833487086,0.56,0.5423,0.5356,116851
2024-01-04,FSFG,-100.0,0.0,16.68,16.93,9948
2024-01-04,TOP,2.1164021164021185,3.86,3.78,3.62,87979
2024-01-04,MCI,0.0,17.06,17.06,17.38,33122
2024-01-04,IIIN,0.0,36.55,36.55,35.96,235059
2024-01-04,DIBS,-100.0,0.0,4.69,4.91,178999
2024-01-04,MFIC,-0.22271714922049843,13.44,13.47,13.66,259682
2024-01-04,KLG,2.5185185185185177,13.84,13.5,13.4,1042164
2024-01-04,ABEO,0.5244755244755288,5.75,5.72,5.56,238877
2024-01-04,FIGS,2.5236593059936934,6.5,6.34,6.17,3483515
2024-01-04,GAM,-100.0,0.0,42.01,42.0,29988
2024-01-04,LOMA,0.5797101449275368,6.94,6.9,6.67,296543
2024-01-04,RSVRW,-15.24390243902439,1.39,1.64,1.65,14082
2024-01-04,QSIAW,-2.18454515813498,0.3,0.3067,0.0,3212
2024-01-04,AMBO,-0.07267441860464316,0.1375,0.1376,0.1321,9112
2024-01-04,FONR,0.05102040816325515,19.61,19.6,19.14,8730
2024-01-04,PNNT,-0.42918454935622674,6.96,6.99,7.1,683726
2024-01-04,EBON,2.526799387442573,13.39,13.06,13.86,50991
2024-01-04,MYND,-7.761732851985554,5.11,5.54,5.96,21235
2024-01-04,NAVI,0.0,17.9,17.9,18.05,649613
2024-01-04,PCYO,0.6972111553784889,10.11,10.04,10.02,39548
2024-01-04,KRMD,1.345291479820619,2.26,2.23,2.15,82429
2024-01-04,MLCO,0.10893246187363603,9.19,9.18,9.12,2137890
2024-01-04,VGAS,-100.0,0.0,2.32,2.31,3606
2024-01-04,VLN,0.0,2.49,2.49,2.42,75165
2024-01-04,GOVX,-1.4999999999999953,0.3743,0.38,0.3651,148598
2024-01-04,SHIP,4.7297297297297245,7.75,7.4,8.02,332313
2024-01-04,PFLT,-0.2454991816694037,12.19,12.22,12.41,741677
2024-01-04,REKR,1.2461059190031165,3.25,3.21,3.46,942976
2024-01-04,CZNC,0.6833712984054767,22.1,21.95,21.85,18088
2024-01-04,GES,-1.1187607573149656,22.98,23.24,22.51,1224505
2024-01-04,AIRI,-5.07462686567164,3.18,3.35,3.3111,6920
2024-01-04,ARCB,-0.19643009650696383,116.86,117.09,116.53,276883
2024-01-04,OXSQ,-0.34364261168385674,2.9,2.91,2.9292,231766
2024-01-04,DHX,1.1718749999999925,2.59,2.56,2.48,107344
2024-01-04,SISI,0.6044905008635632,0.1165,0.1158,0.1151,83757
2024-01-04,ORC,0.12121212121211863,8.26,8.25,8.235,594540
2024-01-04,IDR,-1.1437908496732072,6.05,6.12,6.19,9550
2024-01-04,BIVI,0.0,1.34,1.34,1.26,430640
2024-01-04,LKFN,0.3653113087674664,63.19,62.96,63.29,113157
2024-01-04,ATHM,-3.0879712746858274,26.99,27.85,27.31,334230
2024-01-04,THCH,3.5714285714285747,1.74,1.68,1.59,154265
2024-01-04,BEEM,2.354788069073775,6.52,6.37,6.5,110107
2024-01-04,EQBK,0.7196401799100509,33.59,33.35,33.66,38325
2024-01-04,INDP,0.0,1.77,1.77,1.79,13683
2024-01-04,MD,0.6535947712418355,9.24,9.18,9.35,772714
2024-01-04,MEC,0.616808018504241,13.05,12.97,13.11,70496
2024-01-04,VIASP,6.361951822112399,17.22,16.19,17.37,78453
2024-01-04,OMEX,-0.4301075268817303,4.63,4.65,4.53,128266
2024-01-04,RVLV,-1.0158730158730167,15.59,15.75,15.64,1348205
2024-01-04,PMT,1.4755197853789446,15.13,14.91,14.6,484288
2024-01-04,EPM,0.6825938566552906,5.9,5.86,5.89,451169
2024-01-04,ERAS,0.0,2.1,2.1,2.1,763561
2024-01-04,NKSH,0.0,32.65,32.65,32.7,17615
2024-01-04,GAU,-3.9560439560439593,0.874,0.91,0.9387,204038
2024-01-04,ANTE,-2.35294117647059,0.83,0.85,0.8391,2304
2024-01-04,ECDA,7.0175438596491295,1.22,1.14,1.12,167766
2024-01-04,TIVC,16.318464144551108,2.06,1.771,1.72,34216
2024-01-04,BWEN,14.173228346456687,2.9,2.54,2.68,34898
2024-01-04,ELBM,-2.4663677130044865,0.435,0.446,0.4,173197
2024-01-04,AMRC,-2.90969899665551,29.03,29.9,28.9,418253
2024-01-04,PARR,0.19498607242339913,35.97,35.9,35.21,730918
2024-01-04,LUNR,0.0,2.28,2.28,2.14,1203020
2024-01-04,NXP,-0.1344989912575627,14.85,14.87,14.84,46864
2024-01-04,GNS,0.3392857142856967,0.5619,0.56,0.539,2421102
2024-01-04,ATHA,-0.647249190938512,3.07,3.09,3.1992,574731
2024-01-04,FCEL,0.671140939597316,1.5,1.49,1.49,13610819
2024-01-04,CLWT,-100.0,0.0,1.61,1.59,8410
2024-01-04,MBCN,0.28976175144880834,31.15,31.06,29.91,19204
2024-01-04,ZKH,3.225806451612903,16.0,15.5,16.1596,53670
2024-01-04,CLPS,inf,1.07,0.0,1.08,13921
2024-01-04,CELUW,-10.256410256410248,0.035,0.039,0.0545,12917
2024-01-04,SLNH,-0.24390243902438508,4.09,4.1,4.1,132972
2024-01-04,ROOT,1.156069364161842,10.5,10.38,10.39,49327
2024-01-04,CREG,1.9108280254777086,1.6,1.57,1.5,20157
2024-01-04,WKHS,-0.27777777777777807,0.359,0.36,0.357,4663747
2024-01-04,MBIO,0.0,1.34,1.34,1.3,32389
2024-01-04,APRE,10.0,5.5,5.0,5.15,7098
2024-01-04,ATRC,2.284866468842718,34.47,33.7,33.25,561141
2024-01-04,XWEL,-5.780346820809254,1.63,1.73,1.7,13009
2024-01-04,PRTA,-0.07792207792208088,38.47,38.5,40.97,904989
2024-01-04,BBSI,0.5107984586432415,112.16,111.59,111.18,29793
2024-01-04,RDHL,0.0,1.5,1.5,1.43,965480
2024-01-04,OZ,inf,71.97,0.0,72.705,13602
2024-01-04,ANGO,4.915912031047853,8.11,7.73,7.8,731458
2024-01-04,BVS,-1.1494252873563144,5.16,5.22,4.9,240349
2024-01-04,BAND,0.0,13.64,13.64,13.73,287691
2024-01-04,CTMX,0.6099478085895769,1.6,1.5903,1.62,507517
2024-01-04,AROW,0.036469730123989824,27.43,27.42,27.25,38895
2024-01-04,BASE,-0.04880429477793075,20.48,20.49,20.77,230321
2024-01-04,CNEY,-2.551834130781506,0.0611,0.0627,0.06,2385861
2024-01-04,AMTD,0.540540540540541,1.86,1.85,1.7814,64664
2024-01-04,PLAB,0.40513166779202375,29.74,29.62,29.49,634443
2024-01-04,KOD,-2.9900332225913577,2.92,3.01,3.1,304790
2024-01-04,PTPI,6.474820143884898,1.48,1.39,1.4492,32418
2024-01-04,OFLX,1.3017066820943095,70.04,69.14,70.3,10067
2024-01-04,CRMD,-1.011267605633798,3.5141,3.55,3.47,400230
2024-01-04,PYXS,4.1860465116279215,2.24,2.15,2.05,143740
2024-01-04,ASRV,-100.0,0.0,3.27,3.26,10170
2024-01-04,FNWB,-100.0,0.0,16.09,15.77,16674
2024-01-04,RVPH,-0.9428571428571447,5.2005,5.25,5.53,547229
2024-01-04,SPRU,-2.3157894736842173,4.64,4.75,4.48,34750
2024-01-04,TCMD,0.7697690692792247,14.4,14.29,13.61,297599
2024-01-04,DSX,0.32679738562090804,3.07,3.06,3.09,1595589
2024-01-04,GCBC,0.2970664686223611,27.01,26.93,26.82,11282
2024-01-04,EVLV,-0.2252252252252404,4.43,4.44,4.51,900810
2024-01-04,WRAP,1.7543859649122744,2.9,2.85,2.75,252967
2024-01-04,VSTS,-1.0779029887310085,20.19,20.41,20.29,999773
2024-01-04,OTLY,3.4188034188034218,1.21,1.17,1.2,1228004
2024-01-04,ATEX,0.392867935932292,33.22,33.09,32.95,100110
2024-01-04,OPK,2.362204724409451,1.3,1.27,0.95,89852588
2024-01-04,FIP,2.793296089385477,3.68,3.58,3.5,757775
2024-01-04,GRVY,0.0,67.31,67.31,66.5,18189
2024-01-04,CING,0.12453300124532736,8.04,8.03,7.07,333459
2024-01-04,QNRX,-3.1185031185031074,4.66,4.81,4.78,10062
2024-01-04,AZTR,-100.0,0.0,1.38,1.35,21138
2024-01-04,LND,2.1400778210116793,5.25,5.14,5.47,34864
2024-01-04,DEA,0.2237136465324337,13.44,13.41,13.53,692918
2024-01-04,AORT,4.131295981890191,18.4,17.67,16.16,169996
2024-01-04,BYND,1.813784764207985,8.42,8.27,8.37,2380464
2024-01-04,JRSH,-100.0,0.0,3.19,3.12,16772
2024-01-04,PINE,1.7406962785113993,16.95,16.66,16.92,56127
2024-01-04,LIND,-5.0373134328358296,10.18,10.72,10.1,313127
2024-01-04,BZUN,-1.1363636363636458,2.61,2.64,2.59,956724
2024-01-04,DAO,-4.081632653061228,3.76,3.92,3.81,56141
2024-01-04,KIDS,0.8791924454575042,30.98,30.71,31.15,168290
2024-01-04,PRFX,4.583333333333329,2.51,2.4,2.36,31455
2024-01-04,RNAZ,-1.5453960077269708,0.1529,0.1553,0.15,1162788
2024-01-04,FWRG,-0.6246746486205152,19.09,19.21,18.47,415254
2024-01-04,WHF,0.8183306055646452,12.32,12.22,12.834,110758
2024-01-04,MNY,-2.684563758389264,1.45,1.49,1.44,70813
2024-01-04,WWR,-3.465765004226555,0.571,0.5915,0.594,109237
2024-01-04,KALA,5.425219941348975,7.19,6.82,6.88,43263
2024-01-04,CTM,2.660517914153958,0.2894,0.2819,0.2854,143606
2024-01-04,ELVN,-2.908129543952421,14.69,15.13,14.59,67656
2024-01-04,RDCM,0.12453300124532736,8.04,8.03,8.01,11280
2024-01-04,ESOA,3.5897435897435894,6.06,5.85,5.9389,183102
2024-01-04,ARHS,0.4424778761061852,11.35,11.3,11.05,1913022
2024-01-04,CGEM,1.1527377521613758,10.53,10.41,10.46,297160
2024-01-04,BCSF,0.0,15.03,15.03,15.35,221301
2024-01-04,OPY,0.22134776192819336,40.75,40.66,40.91,57850
2024-01-04,VSTM,-2.7906976744186074,8.36,8.6,8.72,109125
2024-01-04,TLRY,0.43478260869566226,2.31,2.3,2.2999,27077560
2024-01-04,UXIN,-1.3966480446927387,0.706,0.716,0.655,329414
2024-01-04,PBPB,0.590551181102367,10.22,10.16,10.49,387512
2024-01-04,SAZ,0.2708006279434814,25.549,25.48,0.0,4168
2024-01-04,ARBE,0.0,2.2,2.2,2.14,13610
2024-01-04,VRAR,-2.608695652173896,1.12,1.15,1.17,45688
2024-01-04,LUCY,-1.055408970976247,0.45,0.4548,0.4469,53108
2024-01-04,MASS,-5.664488017429189,8.66,9.18,8.815,193633
2024-01-04,SRI,0.2757859900717083,18.18,18.13,18.07,93447
2024-01-04,CNTY,-0.8403361344537823,4.72,4.76,4.5733,70624
2024-01-04,RVPHW,27.00729927007298,1.74,1.37,1.35,21505
2024-01-04,JYD,12.068965517241391,1.3,1.16,1.18,114840
2024-01-04,PDS,0.0,52.93,52.93,52.14,74680
2024-01-04,WLDN,0.9031610637230292,20.11,19.93,19.01,29133
2024-01-04,TZOO,8.459869848156174,10.0,9.22,9.35,77658
2024-01-04,KODK,1.6280991735537171,3.6891,3.63,3.64,481836
2024-01-04,GHM,-100.0,0.0,18.86,19.24,49646
2024-01-04,RM,-2.0866773675762564,24.4,24.92,24.48,17476
2024-01-04,IZM,-100.0,0.0,10.48,10.53,376580
2024-01-04,PPSI,0.0,5.9,5.9,5.84,97723
2024-01-04,PRG,0.9927200529450718,30.52,30.22,30.27,252149
2024-01-04,MLP,2.191113816189893,16.79,16.43,17.85,78871
2024-01-04,BRTX,-100.0,0.0,1.73,1.75,4882
2024-01-04,VYNE,2.6785714285714106,2.3,2.24,2.18,533589
2024-01-04,CNNE,0.35915854284248483,19.56,19.49,20.13,648494
2024-01-04,TWO,-3.3684210526315814,13.77,14.25,13.85,1661710
2024-01-04,QH,-3.40136054421769,1.42,1.47,1.35,43652
2024-01-04,STEM,-0.571428571428572,3.48,3.5,3.6,3172003
2024-01-04,WBX,-1.829268292682915,1.61,1.64,1.64,628338
2024-01-04,MCHX,-100.0,0.0,1.33,1.35,12910
2024-01-04,SNES,-11.725863626885387,1.27,1.4387,1.29,772170
2024-01-04,EMP,-0.5444646098003514,21.92,22.04,0.0,7507
2024-01-04,CURI,1.1413520632133363,0.576,0.5695,0.5435,17404
2024-01-04,UAN,-3.0016910935738386,68.83,70.96,69.0,32527
2024-01-04,VBNK,1.1617515638963432,11.32,11.19,11.43,15196
2024-01-04,AVNW,0.4209844559585575,31.01,30.88,30.87,49873
2024-01-04,EBMT,-100.0,0.0,15.85,15.6,11592
2024-01-04,MTAL,1.5859030837004382,11.53,11.35,11.15,6594
2024-01-04,CRGO,-7.999999999999995,3.22,3.5,3.3,15464
2024-01-04,PX,2.3231256599788686,9.69,9.47,9.34,372070
2024-01-04,AUID,4.4932079414838,10.0,9.57,10.16,18292
2024-01-04,QIPT,4.158415841584158,5.26,5.05,5.28,200811
2024-01-04,IART,0.0,40.8,40.8,41.41,891942
2024-01-04,IDN,1.1904761904761916,1.7,1.68,1.68,43544
2024-01-04,BJRI,0.21531836358043768,32.58,32.51,32.52,400753
2024-01-04,GAMB,0.0,9.32,9.32,9.51,146720
2024-01-04,INTZ,-4.084158415841581,0.2325,0.2424,0.2347,242833
2024-01-04,TATT,2.879078694817665,10.72,10.42,10.99,11748
2024-01-04,AMC,0.3566244332538809,5.6,5.5801,5.315,22982925
2024-01-04,PKST,0.0,17.91,17.91,17.34,195353
2024-01-04,STXS,-3.208556149732623,1.81,1.87,1.94,150744
2024-01-04,INMD,-0.18832391713747246,21.2,21.24,21.1,846483
2024-01-04,PXS,-0.47058823529410765,4.23,4.25,4.49,273402
2024-01-04,STBA,0.5583126550868478,32.42,32.24,32.7,149991
2024-01-04,LE,-4.735682819383256,8.65,9.08,9.08,58971
2024-01-04,KITT,2.2012578616352174,0.52,0.5088,0.54,1220757
2024-01-04,MMI,-1.0167029774872953,40.89,41.31,40.24,157045
2024-01-04,ECOR,-1.458670988654779,6.08,6.17,6.19,6823
2024-01-04,XPON,6.122448979591832,5.2,4.9,5.21,24764
2024-01-04,ISSC,17.92318634423896,8.29,7.03,8.3,21446
2024-01-04,LESL,-2.698650674662664,6.49,6.67,7.04,2642705
2024-01-04,OSUR,1.4962593516209601,8.14,8.02,8.35,1096601
2024-01-04,SWIM,0.0,2.45,2.45,2.41,324588
2024-01-04,ASPI,-0.3623188405797105,1.65,1.656,1.76,75455
2024-01-04,RSSS,-100.0,0.0,2.75,2.59,16596
2024-01-04,RENT,1.250000000000001,0.486,0.48,0.44,1272078
2024-01-04,INFU,-0.20263424518743237,9.85,9.87,9.95,31882
2024-01-04,METC,-0.2638522427440671,18.9,18.95,20.65,2462552
2024-01-04,QD,0.0,2.15,2.15,2.01,902263
2024-01-04,OIS,-0.8823529411764649,6.74,6.8,6.59,795843
2024-01-04,OCEA,5.553005966039468,0.69,0.6537,0.61,244694
2024-01-04,MTRX,0.0,9.92,9.92,10.09,249154
2024-01-04,CPIX,-3.4146341463414562,1.98,2.05,2.07,13187
2024-01-04,MGPI,-1.4401160381268139,95.13,96.52,95.75,123772
2024-01-04,ADSE,-100.0,0.0,7.0,7.13,14604
2024-01-04,RBB,0.27188689505166236,18.44,18.39,18.66,24355
2024-01-04,WOW,-0.5115089514066501,3.89,3.91,3.73,642205
2024-01-04,AIM,-3.4996893766825368,0.466,0.4829,0.485,51517
2024-01-04,PETS,-2.2696929238985306,7.32,7.49,7.35,203347
2024-01-04,NLOP,-2.838933951332572,16.77,17.26,17.12,137437
2024-01-04,OABIW,6.481481481481466,1.15,1.08,1.16,1200
2024-01-04,OM,0.0,5.77,5.77,5.69,734427
2024-01-04,FPAY,-0.011834319526625916,1.6898,1.69,1.64,133484
2024-01-04,OPAL,-2.5735294117647163,5.3,5.44,5.4,61440
2024-01-04,PRPL,1.6670421266050826,0.9026,0.8878,0.93,1143148
2024-01-04,CMTG,1.117734724292104,13.57,13.42,13.38,426311
2024-01-04,BOSC,-3.703703703703707,2.6,2.7,2.64,6410
2024-01-04,CYN,0.07570022710069398,0.1322,0.1321,0.1348,1210102
2024-01-04,FMBH,-1.2543757292882138,33.85,34.28,33.74,43432
2024-01-04,BLBX,-12.925170068027208,2.56,2.94,2.68,2482
2024-01-04,BYON,-1.5527950310559087,25.36,25.76,25.65,943568
2024-01-04,BTCT,-5.000000000000004,3.8,4.0,4.82,25607
2024-01-04,CRWS,1.8367346938775482,4.99,4.9,4.82,16378
2024-01-04,UFPT,2.001515342846329,161.55,158.38,162.68,53259
2024-01-04,LTRN,-4.00943396226415,4.07,4.24,4.25,12053
2024-01-04,EYE,-0.1971414489896459,20.25,20.29,20.32,1018465
2024-01-04,PWM,1.8181818181818195,2.24,2.2,2.06,17929
2024-01-04,GHLD,-100.0,0.0,13.41,13.94,2615
2024-01-04,LTC,-0.0310559006211339,32.19,32.2,32.22,298838
2024-01-04,VRM,-0.08583690987125424,0.582,0.5825,0.5695,2022125
2024-01-04,LANDM,0.19586323343182122,23.7364,23.69,0.0,15031
2024-01-04,SID,-1.2690355329949194,3.89,3.94,3.84,2183651
2024-01-04,MCS,-0.48275862068965714,14.43,14.5,14.27,327367
2024-01-04,SKIL,-0.061957868649328146,16.13,16.14,15.37,42848
2024-01-04,PUBM,0.7817589576547296,15.47,15.35,15.28,283250
2024-01-04,RPID,1.2777777777777726,0.9115,0.9,0.9699,7425570
2024-01-04,AVTX,0.37926675094817003,7.94,7.91,8.34,87303
2024-01-04,FBRX,1.2195121951219523,0.83,0.82,0.8278,32518
2024-01-04,GDRX,-0.5555555555555601,5.37,5.4,5.73,2113718
2024-01-04,ILAG,-100.0,0.0,0.72,0.7201,151217
2024-01-04,CMPR,0.0,74.28,74.28,73.6,82579
2024-01-04,MXL,3.6121673003802353,21.8,21.04,21.46,541631
2024-01-04,SNGX,-2.9056480574600125,0.8922,0.9189,0.875,2374704
2024-01-04,RCUS,-6.25,18.75,20.0,18.98,921012
2024-01-04,FIHL,1.483216237314594,13.0,12.81,12.29,316080
2024-01-04,ALDX,4.154302670623135,3.51,3.37,3.3995,550822
2024-01-04,RERE,0.0,1.72,1.72,1.65,143567
2024-01-04,BSRR,0.6360745115856292,22.15,22.01,21.91,18223
2024-01-04,AREB,-7.90998977156495,0.2701,0.2933,0.3,255555
2024-01-04,THAR,0.9245283018867954,0.5349,0.53,0.493,615088
2024-01-04,GANX,1.142857142857144,3.54,3.5,3.65,142833
2024-01-04,VRDN,-4.694419840566868,21.52,22.58,22.14,648622
2024-01-04,STGW,1.121794871794862,6.31,6.24,6.65,371351
2024-01-04,HUBCW,0.6578947368421013,0.0153,0.0152,0.0,122682
2024-01-04,FSCO,0.0,5.64,5.64,5.63,539943
2024-01-04,VTS,-1.662174303683742,21.89,22.26,21.2612,269463
2024-01-04,FF,-3.2786885245901525,5.9,6.1,6.09,298374
2024-01-04,EDSA,-100.0,0.0,5.0,5.0,3098
2024-01-04,MVST,1.4814814814814827,1.37,1.35,1.31,2261966
2024-01-04,ALTO,-2.5735294117647163,2.65,2.72,2.84,1067694
2024-01-04,CETX,-1.0482180293501013,4.72,4.77,4.85,11217
2024-01-04,PFX,,0.0,0.0,0.0,714
2024-01-04,CWBC,-0.524781341107871,17.06,17.15,17.03,13843
2024-01-04,RDW,4.095563139931729,3.05,2.93,3.0,113359
2024-01-04,NWGL,-100.0,0.0,9.5,8.975,24413
2024-01-04,SMRT,-1.655629139072842,2.97,3.02,2.8429,797980
2024-01-04,IONR,-2.469135802469127,3.95,4.05,4.05,5115
2024-01-04,KALV,-5.156250000000001,12.14,12.8,11.41,370086
2024-01-04,ABTS,-7.546226886556704,1.11,1.2006,1.17,92400
2024-01-04,EFOI,-100.0,0.0,1.54,1.58,1351
2024-01-04,MNPR,0.0,0.392,0.392,0.413,64561
2024-01-04,FGI,-5.32544378698224,1.6,1.69,1.69,8930
2024-01-04,FISI,0.5714285714285762,21.12,21.0,21.65,56615
2024-01-04,OMH,-1.3513513513513526,1.46,1.48,1.5,12955
2024-01-04,RANI,3.78548895899054,3.29,3.17,3.13,212438
2024-01-04,SPRB,0.7380073800738014,2.73,2.71,2.97,284207
2024-01-04,MRC,0.724637681159421,11.12,11.04,10.57,782924
2024-01-04,HAIN,0.0,10.71,10.71,10.87,872678
2024-01-04,HLIO,0.6561987344738719,42.95,42.67,42.27,415421
2024-01-04,SXC,-0.09259259259260706,10.79,10.8,10.83,619222
2024-01-04,UPLD,-2.2926829268292543,4.006,4.1,4.1,195306
2024-01-04,AP,-0.36231884057970243,2.75,2.76,2.76,40136
2024-01-04,AQST,0.966183574879228,2.09,2.07,2.33,1121309
2024-01-04,FLGC,4.687500000000004,1.34,1.28,1.35,56513
2024-01-04,SPIR,2.6134800550206383,7.46,7.27,7.49,137690
2024-01-04,MBIN,0.3228209585299117,40.4,40.27,40.31,106679
2024-01-04,ONL,-6.576728499156824,5.54,5.93,5.53,317695
2024-01-04,ATRO,0.6079027355623187,16.55,16.45,16.14,99559
2024-01-04,REAX,-0.5952380952380958,1.67,1.68,1.79,173862
2024-01-04,CRDL,2.2611066924213192,0.9,0.8801,0.8996,57016
2024-01-04,SAVA,-0.08442380751371707,23.67,23.69,23.0,772167
2024-01-04,AVXL,-2.4427480916030557,6.39,6.55,6.25,2533235
2024-01-04,STHO,0.9116409537166956,14.39,14.26,14.31,58772
2024-01-04,SOHOB,-100.0,0.0,20.51,20.15,2084
2024-01-04,YCBD,-2.950786195629981,0.9505,0.9794,0.83,239009
2024-01-04,MDIA,6.42611683848797,0.6194,0.582,0.5783,65377
2024-01-04,GLUE,-2.622377622377613,5.57,5.72,6.0,363953
2024-01-04,PGEN,-1.5151515151515165,1.3,1.32,1.3,858723
2024-01-04,VPG,-4.354221829949997,32.51,33.99,31.78,56857
2024-01-04,PESI,0.7947019867549735,7.61,7.55,7.74,13465
2024-01-04,DQ,3.1976744186046644,24.85,24.08,23.75,592318
2024-01-04,MODD,-6.91244239631336,2.02,2.17,2.12,69294
2024-01-04,VATE,0.0,1.1,1.1,1.11,149492
2024-01-04,OMCL,-3.6182336182336265,33.83,35.1,34.12,507003
2024-01-04,KULR,0.05717552887363578,0.175,0.1749,0.1849,960152
2024-01-04,AKA,-3.7804878048780446,7.89,8.2,8.87,9658
2024-01-04,DARE,0.6404391582799606,0.33,0.3279,0.3325,1117338
2024-01-04,HLMN,0.6920415224913552,8.73,8.67,8.74,843412
2024-01-04,ACNT,4.9603174603174605,10.58,10.08,9.83,8716
2024-01-04,CODI,0.0,22.16,22.16,22.0,128430
2024-01-04,RWT,-0.8498583569405045,7.0,7.06,7.34,615134
2024-01-04,XNCR,0.9610983981693239,22.06,21.85,21.9,793846
2024-01-04,STG,-2.7968337730870587,9.21,9.475,9.01,9480
2024-01-04,BQ,-4.140335585094784,0.4399,0.4589,0.5,126564
2024-01-04,GLSI,2.8182701652089497,10.58,10.29,10.58,12775
2024-01-04,ATNM,2.713178294573637,5.3,5.16,5.33,202508
2024-01-04,CGNT,-0.975609756097569,6.09,6.15,5.95,195129
2024-01-04,SIGA,0.6911236624140688,5.58,5.5417,5.55,233451
2024-01-04,DAKT,-3.32394366197182,8.2368,8.52,7.97,693930
2024-01-04,FBRT,-1.9607843137254888,13.0,13.26,13.54,240212
2024-01-04,EHTH,-0.12345679012345416,8.09,8.1,7.86,350244
2024-01-04,CDZI,0.0,2.84,2.84,2.82,210586
2024-01-04,NVGS,0.3211303789338403,15.62,15.57,15.47,200666
2024-01-04,MBWM,0.306670074111928,39.25,39.13,39.45,46737
2024-01-04,SMP,-1.219202438404869,38.89,39.37,38.76,117910
2024-01-04,OLPX,-2.3474178403755785,2.08,2.13,2.14,2832939
2024-01-04,CYCC,2.4390243902439046,2.52,2.46,2.28,70864
2024-01-04,SPOK,0.26367831245880635,15.21,15.17,15.32,102856
2024-01-04,CNTB,0.0,1.19,1.19,1.23,103726
2024-01-04,RNGR,0.2824858757062254,10.65,10.62,10.15,228861
2024-01-04,CIVB,0.7838745800671924,18.0,17.86,17.92,24663
2024-01-04,COCH,0.0,1.69,1.69,1.9,262056
2024-01-04,AVDL,0.49295774647887525,14.27,14.2,14.73,1460522
2024-01-04,KNOP,-2.049070256094281,6.2,6.3297,6.22,92007
2024-01-04,FEAM,-5.8823529411764754,1.44,1.53,1.47,202783
2024-01-04,EFSI,-1.934623082054709,29.4,29.98,29.98,1759
2024-01-04,JCSE,-10.462412813226551,0.6932,0.7742,0.85,20011
2024-01-04,JBGS,0.12033694344163401,16.64,16.62,16.63,999561
2024-01-04,HOLO,2.3328149300155543,0.329,0.3215,0.316,523724
2024-01-04,JFBR,-4.470588235294127,4.06,4.25,3.65,8615725
2024-01-04,VIRC,-1.1317704122877834,12.23,12.37,12.9,510472
2024-01-04,MNMD,2.2535211267605657,3.63,3.55,3.67,980578
2024-01-04,DCOM,0.3100775193798383,25.88,25.8,25.94,186794
2024-01-04,TRC,0.47449584816133955,16.94,16.86,16.68,41557
2024-01-04,MSAI,0.0,3.0,3.0,3.18,57980
2024-01-04,SHIM,-100.0,0.0,6.65,6.78,25494
2024-01-04,NRIX,3.232533889468201,9.9,9.59,9.85,1002207
2024-01-04,CLPR,0.0,5.31,5.31,5.22,61663
2024-01-04,MYO,-1.4457831325301322,4.09,4.15,4.35,491067
2024-01-04,TV,-4.117647058823533,3.26,3.4,3.23,1083460
2024-01-04,FSP,-0.3921568627450897,2.54,2.55,2.64,531224
2024-01-04,ASTE,-1.36713187126174,34.63,35.11,35.18,191168
2024-01-04,ARL,8.719646799116989,19.7,18.12,18.65,27784
2024-01-04,BBAI,2.631578947368424,1.95,1.9,2.0,2324174
2024-01-04,DRMA,10.9350237717908,0.7,0.631,1.12,12061199
2024-01-04,AQB,2.3904382470119545,2.57,2.51,2.44,58518
2024-01-04,AIRS,-1.414427157001422,6.97,7.07,7.14,153993
2024-01-04,INMB,-0.0896860986547066,11.14,11.15,12.28,147653
2024-01-04,ODP,0.0,54.0,54.0,53.12,190645
2024-01-04,EHAB,0.0,9.73,9.73,9.38,1047272
2024-01-04,BFRGW,inf,1.2,0.0,1.1252,15248
2024-01-04,CBAT,0.9615384615384623,1.05,1.04,1.07,108500
2024-01-04,OCGN,0.2034428794992125,0.6403,0.639,0.6473,3161139
2024-01-04,XCUR,-7.59075907590758,0.56,0.606,0.5646,19377
2024-01-04,ITRN,0.4876219054763654,26.79,26.66,26.67,42010
2024-01-04,OBLG,0.6802721088435381,0.148,0.147,0.1635,647019
2024-01-04,LAW,1.1363636363636374,7.12,7.04,7.27,176837
2024-01-04,UVV,-0.015320974413958797,65.26,65.27,65.22,226774
2024-01-04,PRQR,-1.960784313725492,2.0,2.04,2.04,143516
2024-01-04,DYN,0.1435750179468742,13.95,13.93,19.39,14050352
2024-01-04,PRLD,1.8518518518518594,3.85,3.78,3.77,36038
2024-01-04,CHSN,-3.3333333333333366,1.16,1.2,1.17,59781
2024-01-04,WAFDP,-0.5948446794448223,15.04,15.13,15.1,16350
2024-01-04,BCLI,0.0,0.265,0.265,0.276,877404
2024-01-04,CAMP,1.9033117624666938,0.2677,0.2627,0.2524,480525
2024-01-04,CIO,2.3688663282571856,6.05,5.91,6.1,372471
2024-01-04,BCYC,0.46136101499424365,17.42,17.34,17.0,443107
2024-01-04,FLWS,0.3984063745020013,10.08,10.04,9.88,440734
2024-01-04,ICG,-100.0,0.0,12.0,12.39,794
2024-01-04,BRN,2.8999064546304973,2.42,2.3518,2.29,7125
2024-01-04,ABAT,-4.063205417607217,4.25,4.43,4.22,427430
2024-01-04,FLNC,2.3391812865497057,22.75,22.23,22.25,1779619
2024-01-04,MGIH,0.8196721311475417,1.23,1.22,1.22,13834
2024-01-04,ABUS,1.2195121951219614,2.49,2.46,2.5,506980
2024-01-04,PZG,3.8718291054739686,0.389,0.3745,0.3627,66653
2024-01-04,MPU,-1.0989010989010999,1.8,1.82,1.51,534078
2024-01-04,CYRX,-4.129606099110548,15.09,15.74,15.43,361036
2024-01-04,CHGG,1.8970189701896936,11.28,11.07,10.75,4841351
2024-01-04,DOGZ,0.24067388688326802,8.33,8.31,9.2,840970
2024-01-04,RBCAA,0.507423416650998,53.48,53.21,52.91,21184
2024-01-04,SST,-2.7173913043478284,1.79,1.84,1.83,184473
2024-01-04,CNDT,5.337078651685392,3.75,3.56,3.45,1074396
2024-01-04,CASI,-2.4637681159420275,6.73,6.9,6.8,20111
2024-01-04,CRVO,-1.716738197424894,9.16,9.32,9.0113,9570
2024-01-04,NTB,0.7376523412443888,31.41,31.18,31.33,176659
2024-01-04,LFCR,-1.4173228346456672,6.26,6.35,6.32,118989
2024-01-04,BDSX,2.201086956521738,1.8805,1.84,1.98,161408
2024-01-04,EZGO,2.710280373831776,0.1099,0.107,0.1075,1155302
2024-01-04,GHG,-3.021978021978031,3.53,3.64,3.38,20921
2024-01-04,CCB,0.4672897196261749,43.0,42.8,43.24,35828
2024-01-04,HITI,3.4883720930232593,1.78,1.72,1.7796,292357
2024-01-04,BTMWW,9.933333333333332,0.1649,0.15,0.135,206026
2024-01-04,CRAI,0.26078234704111425,99.96,99.7,98.93,29895
2024-01-04,TALKW,0.05717552887363578,0.175,0.1749,0.155,21105
2024-01-04,UNTY,0.4572634540977805,28.56,28.43,28.26,14261
2024-01-04,UONEK,0.26881720430106953,3.73,3.72,3.46,35112
2024-01-04,GILT,0.674536256323778,5.97,5.93,6.0,99879
2024-01-04,NNOX,2.2838499184339263,6.27,6.13,6.39,612334
2024-01-04,SLE,-3.184713375796181,1.52,1.57,1.56,62318
2024-01-04,MHH,0.0,8.4,8.4,8.72,8961
2024-01-04,TIGR,0.0,4.23,4.23,4.27,539881
2024-01-04,SAFT,2.594153278904397,77.91,75.94,75.91,46378
2024-01-04,MRKR,1.5355086372360858,5.29,5.21,5.25,16711
2024-01-04,GOODO,0.0,19.68,19.68,19.7,4019
2024-01-04,NEXA,-4.89208633093525,6.61,6.95,6.96,22843
2024-01-04,SWBI,2.857142857142849,13.68,13.3,13.24,346953
2024-01-04,EQ,-4.764411687286129,0.7236,0.7598,0.7706,71131
2024-01-04,CXM,-2.3972602739725972,11.4,11.68,12.0,3479529
2024-01-04,JTAI,0.0,1.44,1.44,1.54,115404
2024-01-04,ALT,-0.10111223458038206,9.88,9.89,11.82,10651563
2024-01-04,ATNI,0.20698576972832677,38.73,38.65,37.94,60448
2024-01-04,CIA,-2.142857142857129,2.74,2.8,2.86,57065
2024-01-04,WERN,-0.6829268292682955,40.72,41.0,40.76,538887
2024-01-04,LASR,-2.971071149335411,12.41,12.79,12.8,195873
2024-01-04,DNTH,0.30864197530863535,13.0,12.96,13.04,69553
2024-01-04,CMMB,3.9245283018867787,0.5508,0.53,0.5388,86057
2024-01-04,LEGH,-1.5081692501047315,23.51,23.87,24.27,41965
2024-01-04,MITQ,-5.3763440860215095,0.88,0.93,0.9324,36500
2024-01-04,SITC,-4.069767441860469,13.2,13.76,13.39,1257085
2024-01-04,GNLN,-0.039999999999995595,0.4998,0.5,0.492,20881
2024-01-04,PLCE,-1.4150943396226447,20.9,21.2,21.4,304962
2024-01-04,PAYS,1.5209125475285186,2.67,2.63,2.67,78447
2024-01-04,DMRC,0.6343713956170671,34.9,34.68,33.97,62746
2024-01-04,RVSN,2.77777777777778,1.11,1.08,1.06,41104
2024-01-04,PACB,4.017372421281207,9.58,9.21,9.1,3453119
2024-01-04,TDOC,0.1881467544684814,21.3,21.26,21.37,3516686
2024-01-04,INHD,-2.7777777777777803,1.4,1.44,1.43,147794
2024-01-04,DSS,2.5295109612141675,0.1216,0.1186,0.1319,1983716
2024-01-04,PXLW,-2.362204724409451,1.24,1.27,1.32,214908
2024-01-04,RYAM,0.0,4.28,4.28,4.17,694848
2024-01-04,CTSO,0.02000400080015783,1.0,0.9998,0.9601,457819
2024-01-04,HAFC,0.5344735435595824,18.81,18.71,19.04,249004
2024-01-04,GTN,-0.4519774011299339,8.81,8.85,8.87,621368
2024-01-04,TNXP,-0.07596859964547151,0.3946,0.3949,0.385,1847274
2024-01-04,HOTH,5.000000000000004,1.47,1.4,1.45,46127
2024-01-04,HHS,-100.0,0.0,7.02,6.8,19643
2024-01-04,ULBI,0.0,6.52,6.52,6.57,29453
2024-01-04,BFST,-0.2951096121416538,23.65,23.72,23.76,69847
2024-01-04,ZH,-0.9900990099009934,0.88,0.8888,0.9,4343986
2024-01-04,MNKD,3.542234332425066,3.8,3.67,3.85,2663283
2024-01-04,EFC,-0.24469820554648744,12.23,12.26,12.21,1056213
2024-01-04,DTSS,0.05506607929514812,0.1817,0.1816,0.1867,2361213
2024-01-04,DCO,0.6636736287331708,51.57,51.23,51.66,120809
2024-01-04,NBR,-3.05316515383709,82.24,84.83,78.75,496121
2024-01-04,GNL,1.8461538461538431,9.93,9.75,9.88,1242356
2024-01-04,PBYI,0.011339154099097921,4.41,4.4095,4.2,511019
2024-01-04,ANY,-2.9999999999999956,2.91,3.0,2.87,2348141
2024-01-04,MYE,0.3129890453834049,19.23,19.17,19.06,153400
2024-01-04,THR,0.2860775588048311,31.55,31.46,30.62,135561
2024-01-04,GREE,0.0,6.24,6.24,6.77,464213
2024-01-04,ADPT,-4.842105263157904,4.52,4.75,4.72,960780
2024-01-04,UPBD,0.245022970903517,32.73,32.65,32.68,320712
2024-01-04,BTE,-0.2932551319648162,3.4,3.41,3.32,7783413
2024-01-04,AMTB,0.452861259777684,24.4,24.29,24.24,49531
2024-01-04,IOVA,-0.5018820577164371,7.93,7.97,8.11,5509393
2024-01-04,LDI,9.000000000000002,3.27,3.0,3.26,596360
2024-01-04,VZLA,0.8403361344537823,1.2,1.19,1.24,113715
2024-01-04,SOHO,-100.0,0.0,1.46,1.495,60962
2024-01-04,REPL,-4.479283314669657,8.53,8.93,8.8094,701457
2024-01-04,BRCC,0.2564102564102623,3.91,3.9,3.8,393121
2024-01-04,ARTL,-2.7972027972028,1.39,1.43,1.41,17062
2024-01-04,LCTX,-4.878048780487809,1.17,1.23,1.24,1714996
2024-01-04,RAMP,-0.8757062146892518,35.09,35.4,35.12,408883
2024-01-04,RVSB,0.15873015873015534,6.31,6.3,6.2,11498
2024-01-04,SYBX,-2.049180327868845,4.78,4.88,4.65,34965
2024-01-04,SCSC,0.5163955589982,38.93,38.73,37.99,145415
2024-01-04,TMQ,0.0,0.44,0.44,0.45505,106512
2024-01-04,TCBX,0.4689942678478366,19.28,19.19,19.17,25742
2024-01-04,ADTN,-1.1204481792717098,7.06,7.14,7.22,600838
2024-01-04,CPSS,0.45924225028701654,8.75,8.71,8.49,14129
2024-01-04,NRC,0.5607020965382663,41.25,41.02,40.29,77867
2024-01-04,KORE,-4.013157894736839,0.7295,0.76,1.03,1996535
2024-01-04,AERT,inf,2.31,0.0,2.32,8962
2024-01-04,NVNO,-1.6913319238900648,4.65,4.73,4.87,43891
2024-01-04,MODG,-3.3619456366237523,13.51,13.98,13.35,2555252
2024-01-04,GOOS,-0.967458223394894,11.26,11.37,11.36,811923
2024-01-04,CRDF,1.3071895424836613,1.55,1.53,1.68,425483
2024-01-04,PSNL,1.0362694300518145,1.95,1.93,2.02,263161
2024-01-04,PLUR,-4.453124999999996,0.6115,0.64,0.63,56586
2024-01-04,CPSH,-100.0,0.0,2.38,2.34,16405
2024-01-04,CRKN,-3.204272363150867,0.145,0.1498,0.15,5184886
2024-01-04,CDIO,0.0,3.16,3.16,2.87,2327394
2024-01-04,AVAH,0.7662835249042153,2.63,2.61,2.57,91820
2024-01-04,TLF,1.0309278350515612,4.9,4.85,4.98,13765
2024-01-04,ALTI,2.496714848883042,7.8,7.61,7.24,52199
2024-01-04,LNSR,0.7371007371007213,4.1,4.07,4.04,71190
2024-01-04,VTYX,0.0,2.53,2.53,2.54,2895522
2024-01-04,INTT,-1.1655011655011545,12.72,12.87,12.71,100097
2024-01-04,HSII,0.42979942693408824,28.04,27.92,27.23,94376
2024-01-04,RLYB,0.0,2.25,2.25,2.17,197826
2024-01-04,GAINL,,0.0,0.0,25.64,8705
2024-01-04,EBF,-1.872659176029956,20.96,21.36,21.49,97275
2024-01-04,SMLR,3.2698188661491425,43.9,42.51,44.38,38102
2024-01-04,SCCF,-100.0,0.0,22.35,0.0,3246
2024-01-04,ESPR,0.021012817818857863,2.38,2.3795,2.33,4868081
2024-01-04,CSWCZ,-1.7967419180607114,26.0,26.4757,25.71,23327
2024-01-04,XTNT,8.181818181818167,1.19,1.1,1.23,524854
2024-01-04,NTST,0.6622516556291249,18.24,18.12,18.11,486603
2024-01-04,NINE,0.0,2.71,2.71,2.6,939316
2024-01-04,GRI,-10.155186496052272,0.33,0.3673,0.3251,74428
2024-01-04,SFWL,1.9676571337528832,2.56,2.5106,2.93,4390237
2024-01-04,RGR,0.45228403437359305,44.42,44.22,44.0,109410
2024-01-04,DC,1.1952191235059861,2.54,2.51,2.45,136140
2024-01-04,KOPN,0.5076142131979701,1.98,1.97,2.2,1901626
2024-01-04,LAES,0.6643849406080142,1.5,1.4901,1.3899,2122304
2024-01-04,CVGI,0.14771048744461857,6.78,6.77,6.68,127747
2024-01-04,SRCE,0.3424006087121927,52.75,52.57,52.58,68523
2024-01-04,OTRK,0.0,0.3903,0.3903,0.3801,62024
2024-01-04,EOLS,0.49261083743841316,10.2,10.15,10.25,334475
2024-01-04,PSQH,1.1999999999999922,5.06,5.0,5.07,55240
2024-01-04,CVGW,2.1654242101526426,28.78,28.17,28.6,103894
2024-01-04,GALT,-2.2738095238095246,1.6418,1.68,1.66,41047
2024-01-04,EML,-100.0,0.0,22.48,23.1,3110
2024-01-04,GLTO,0.49996268935153554,0.6734,0.67005,0.7089,359124
2024-01-04,ALBT,-6.139438085327778,0.451,0.4805,0.45,15157
2024-01-04,DMLP,3.7558685446009368,33.15,31.95,31.38,86828
2024-01-04,PLUG,0.0,4.38,4.38,4.35,26985139
2024-01-04,BDN,-2.2304832713754665,5.26,5.38,5.38,3000490
2024-01-04,BRLT,6.060606060606066,3.5,3.3,3.1956,52204
2024-01-04,SRZN,-100.0,0.0,10.18,10.35,24051
2024-01-04,TCX,-0.04199916001679131,23.8,23.81,24.23,58246
2024-01-04,CRSR,4.3773584905660385,13.83,13.25,13.15,306579
2024-01-04,SNSE,0.2604166666666669,0.77,0.768,0.7496,16762
2024-01-04,ATXG,-7.518796992481209,1.23,1.33,1.25,37631
2024-01-04,PETZ,-0.8695652173913052,1.14,1.15,1.2,24667
2024-01-04,INSG,-5.155555555555555,0.2134,0.225,0.215,355222
2024-01-04,IINNW,9.374999999999991,0.175,0.16,0.16,3800
2024-01-04,IIIV,0.0,20.34,20.34,20.08,172953
2024-01-04,SABS,1.3698630136986314,0.74,0.73,0.6477,90578
2024-01-04,WTTR,0.1326259946949574,7.55,7.54,7.52,480752
2024-01-04,BZFD,0.0375375375375334,0.2665,0.2664,0.2669,363129
2024-01-04,PYPD,0.0,7.0,7.0,6.62,13128
2024-01-04,NOTV,-0.5077712194241893,3.86,3.8797,4.14,232354
2024-01-04,AMPL,0.0,12.01,12.01,11.9,409529
2024-01-04,MOBX,5.405405405405411,3.12,2.96,4.1,5786722
2024-01-04,ELPC,-3.3290653008962843,7.55,7.81,7.38,118252
2024-01-04,MG,0.6849315068493127,7.35,7.3,7.53,73194
2024-01-04,RETO,-3.7974683544303827,0.38,0.395,0.375,43341
2024-01-04,MFIN,1.6129032258064528,10.08,9.92,9.94,54429
2024-01-04,SGA,0.34572169403629344,23.22,23.14,23.23,20523
2024-01-04,PODC,4.51977401129944,1.85,1.77,1.72,10195
2024-01-04,ACNB,0.3168854685378012,44.32,44.18,44.97,14716
2024-01-04,BLFS,-0.3908794788273648,15.29,15.35,15.1,477064
2024-01-04,GCTK,0.20746887966804997,0.2415,0.241,0.2361,65508
2024-01-04,KOS,0.44117647058823894,6.83,6.8,6.77,6056360
2024-01-04,CLGN,-4.761904761904759,6.0,6.3,5.97,27507
2024-01-04,CABO,0.0,541.35,541.35,531.78,84330
2024-01-04,HURC,0.18399264029440066,21.78,21.74,21.53,11253
2024-01-04,CNOB,0.3621548211860654,22.17,22.09,22.49,141420
2024-01-04,LEO,0.0,5.93,5.93,5.92,312752
2024-01-04,VERA,1.0416666666666676,15.52,15.36,15.81,306886
2024-01-04,WABC,-4.486731843575419,54.71,57.28,55.5,89236
2024-01-04,AISP,2.8301886792452855,2.18,2.12,2.1,1580281
2024-01-04,FOSL,-1.360544217687076,1.45,1.47,1.36,806698
2024-01-04,KRO,-4.923076923076927,9.27,9.75,9.63,247090
2024-01-04,ASPN,0.20270270270269838,14.83,14.8,14.66,561778
2024-01-04,CHRS,-2.960526315789469,2.95,3.04,2.94,6928000
2024-01-04,EEIQ,,0.0,0.0,2.0,2713
2024-01-04,NEXT,-1.9271948608137013,4.58,4.67,4.73,1181776
2024-01-04,SOHON,inf,20.8,0.0,20.5,5928
2024-01-04,FRSX,0.0,1.15,1.15,1.1,182865
2024-01-04,DDC,0.4366812227074143,4.6,4.58,4.38,210857
2024-01-04,FURY,0.2272727272727275,0.441,0.44,0.46,93220
2024-01-04,BLDP,-0.27855153203342026,3.58,3.59,3.58,1427889
2024-01-04,XGN,4.864864864864857,1.94,1.85,1.94,4365
2024-01-04,TK,-2.5099075297225943,7.38,7.57,7.764,810165
2024-01-04,TXG,0.4535594557286469,50.94,50.71,52.48,1756982
2024-01-04,YTRA,-5.135951661631418,1.57,1.655,1.64,33866
2024-01-04,LADR,-0.8810572687224639,11.25,11.35,11.4,464232
2024-01-04,VIOT,inf,0.9023,0.0,0.9,40656
2024-01-04,ARCT,-1.1972274732199089,31.36,31.74,30.0,279014
2024-01-04,PEBK,-100.0,0.0,30.38,30.2,20769
2024-01-04,DTI,4.075235109717865,3.32,3.19,3.27,21237
2024-01-04,ROCK,-0.418410041841002,78.54,78.87,81.0,423657
2024-01-04,TRIB,-1.555555555555557,0.443,0.45,0.4479,16671
2024-01-04,FRST,0.08110300081102828,12.34,12.33,12.84,76425
2024-01-04,NFGC,5.654761904761903,3.55,3.36,3.54,389326
2024-01-04,ZCAR,-0.3636363636363559,2.74,2.75,2.98,540254
2024-01-04,VERI,-2.285714285714288,1.71,1.75,1.79,239786
2024-01-04,KRNY,0.0,8.69,8.69,8.73,198756
2024-01-04,LMNR,1.0235414534288603,19.74,19.54,19.36,52525
2024-01-04,NOA,0.4259346900141972,21.22,21.13,20.95,44077
2024-01-04,DNA,0.9677419354838646,1.565,1.55,1.5602,19230350
2024-01-04,JOB,-1.9403880776155205,0.4902,0.4999,0.4872,109855
2024-01-04,OCCI,1.0526315789473593,6.72,6.65,6.65,112796
2024-01-04,YGMZ,0.21739130434782628,0.461,0.46,0.444,12851
2024-01-04,ASIX,0.0,28.81,28.81,28.61,119621
2024-01-04,ACET,-7.407407407407403,1.75,1.89,2.07,3301841
2024-01-04,NMTC,5.161290322580635,1.63,1.55,1.56,44899
2024-01-04,GDC,-5.6737588652482165,2.66,2.82,2.7,57808
2024-01-04,EB,4.03346203346203,8.0834,7.77,8.06,898159
2024-01-04,ZDGE,3.89610389610389,2.4,2.31,2.39,16217
2024-01-04,SCS,2.22905457340508,13.3,13.01,13.02,825300
2024-01-04,HBNC,-2.5000000000000084,14.04,14.4,14.47,149371
2024-01-04,STKH,-0.667643706236768,0.61,0.6141,0.5841,133361
2024-01-04,LX,-1.621621621621623,1.82,1.85,1.86,375059
2024-01-04,HROW,-2.499999999999993,11.31,11.6,10.85,583096
2024-01-04,TNK,1.5746537658888222,53.54,52.71,55.6,744615
2024-01-04,THM,1.1831442463533182,0.6243,0.617,0.6676,271295
2024-01-04,TTI,-0.21929824561403044,4.55,4.56,4.47,1322511
2024-01-04,GLMD,2.2494887525562417,0.45,0.4401,0.462,15505
2024-01-04,FINV,-1.622718052738338,4.85,4.93,4.81,403572
2024-01-04,TRVG,-0.4149377593361091,2.4,2.41,2.57,79568
2024-01-04,TCI,3.934871099050192,38.3,36.85,37.43,3370
2024-01-04,WORX,0.0,1.74,1.74,1.81,16563
2024-01-04,TNDM,-0.29629629629629,26.92,27.0,28.0,1492027
2024-01-04,DLHC,-100.0,0.0,15.62,15.74,43576
2024-01-04,IZEA,-2.898550724637684,2.01,2.07,2.11,32745
2024-01-04,FEIM,-1.3435700575815794,10.28,10.42,10.31,26108
2024-01-04,ECPG,0.0,49.38,49.38,49.35,114906
2024-01-04,AEON,-100.0,0.0,7.39,7.77,24147
2024-01-04,SSYS,0.0719942404607616,13.9,13.89,13.8,258212
2024-01-04,EFXT,-0.4474272930648674,4.45,4.47,4.34,46532
2024-01-04,WATT,-3.0487804878048674,1.59,1.64,1.66,52331
2024-01-04,AFRIW,0.0,1.5,1.5,0.0,5506
2024-01-04,TIRX,-4.994873297202288,0.6486,0.6827,0.6499,145694
2024-01-04,NGVC,1.7316017316017163,16.45,16.17,15.92,43871
2024-01-04,ECCV,inf,22.4099,0.0,22.27,2487
2024-01-04,ELSE,-100.0,0.0,3.93,3.98,4881
2024-01-04,PRO,1.9135981443896684,35.15,34.49,33.56,290183
2024-01-04,JOUT,0.0,48.81,48.81,48.61,75048
2024-01-04,CATX,0.7502930832356475,0.4297,0.4265,0.5601,6728690
2024-01-04,MRBK,0.2909090909090847,13.79,13.75,13.6,29853
2024-01-04,PDSB,0.7920792079207928,5.09,5.05,5.22,547546
2024-01-04,RYI,2.3853211009174125,33.48,32.7,32.56,129178
2024-01-04,DAVA,0.822593912805057,73.54,72.94,73.09,120540
2024-01-04,HRTG,4.5241809672386895,6.7,6.41,6.41,390924
2024-01-04,KEQU,-0.24484085344526157,28.52,28.59,29.25,8767
2024-01-04,NWPX,0.6177076183939592,29.32,29.14,28.6,25868
2024-01-04,BDRX,0.0,2.7,2.7,2.68,26654
2024-01-04,BEAT,-4.149377593360999,2.31,2.41,2.2,275732
2024-01-04,ARLO,-1.7135187209768088,9.08,9.2383,9.11,1172218
2024-01-04,SGU,0.9205020920502193,12.06,11.95,11.84,28221
2024-01-04,LGMK,0.0,1.07,1.07,1.08,17010
2024-01-04,MOMO,0.2958579881656873,6.78,6.76,6.71,944734
2024-01-04,RAIL,0.0,2.74,2.74,2.78,27067
2024-01-04,SNTI,0.3396109910466162,0.65,0.6478,0.6595,139011
2024-01-04,INDI,0.0,7.35,7.35,7.18,4539814
2024-01-04,ALIT,-1.8007202881152504,8.18,8.33,8.48,6342281
2024-01-04,EVI,1.57292659675881,21.31,20.98,21.03,25723
2024-01-04,DOMO,-0.6179196704428476,9.65,9.71,9.53,327001
2024-01-04,ERNA,-2.551020408163268,1.91,1.96,1.95,18494
2024-01-04,IGC,-1.0143406785589415,0.283,0.2859,0.2862,94395
2024-01-04,PHUN,1.250000000000001,0.081,0.08,0.0774,6025050
2024-01-04,COHU,-0.02955956251846885,33.82,33.83,33.37,197301
2024-01-04,ONMDW,-1.1111111111111045,0.0089,0.009,0.0054,61258
2024-01-04,ELDN,6.382978723404261,2.0,1.88,1.9,66355
2024-01-04,BGS,0.45289855072464413,11.09,11.04,10.5,1155291
2024-01-04,FATBP,-1.1787819253438094,15.09,15.27,15.01,9973
2024-01-04,JKS,2.555720653789003,34.51,33.65,33.36,742591
2024-01-04,AIXI,-0.46728971962617905,2.13,2.14,2.09,100021
2024-01-04,ASST,0.0,0.56,0.56,0.548,93412
2024-01-04,GTY,-0.03467406380028282,28.83,28.84,28.95,272047
2024-01-04,AWRE,-0.38802339723170953,1.72,1.7267,1.64,44565
2024-01-04,TMCI,0.0,11.75,11.75,11.58,432689
2024-01-04,FSTR,-0.9345794392523245,22.26,22.47,21.81,69336
2024-01-04,ZVRA,0.46948356807512126,6.42,6.39,6.03,269336
2024-01-04,SEED,-100.0,0.0,2.1,2.01,42042
2024-01-04,ILPT,0.214592274678107,4.67,4.66,4.6,384531
2024-01-04,PLTK,-0.1221001221001195,8.18,8.19,8.2,923088
2024-01-04,CSIQ,-1.0752688172042995,24.84,25.11,24.4,723606
2024-01-04,ACCO,0.16051364365970766,6.24,6.23,6.19,1112213
2024-01-04,GDTC,2.499999999999991,4.1,4.0,4.28,306423
2024-01-04,NRXP,-0.41623309053069757,0.4785,0.4805,0.453,539066
2024-01-04,RCKT,-0.13927576601671013,28.68,28.72,28.0263,640309
2024-01-04,RRGB,0.26978417266188076,11.15,11.12,10.85,95023
2024-01-04,WEST,0.788954635108482,10.22,10.14,9.94,146946
2024-01-04,KUKE,1.9417475728155356,1.05,1.03,1.02,25393
2024-01-04,ABOS,-2.716049382716047,3.94,4.05,4.22,598558
2024-01-04,MGYR,-100.0,0.0,11.39,11.35,3842
2024-01-04,NRIM,0.036429872495451966,54.92,54.9,54.51,16501
2024-01-04,SLDPW,-100.0,0.0,0.19,0.0,38105
2024-01-04,SOPH,0.8247422680412378,4.89,4.85,5.0,58522
2024-01-04,USEG,2.77777777777778,1.11,1.08,1.05,35159
2024-01-04,LZ,-0.3787878787878875,10.52,10.56,10.69,1259304
2024-01-04,PUMP,-1.0701545778834702,8.32,8.41,8.15,1329159
2024-01-04,ROG,-0.16384489350081435,127.96,128.17,123.33,123564
2024-01-04,ACB,-0.02082899395960102,0.48,0.4801,0.481,4146526
2024-01-04,EH,2.6417525773195885,15.93,15.52,15.66,326083
2024-01-04,PLRX,2.0338983050847426,18.06,17.7,18.68,360985
2024-01-04,BGFV,2.159468438538219,6.15,6.02,5.91,217775
2024-01-04,PRAX,-0.04166666666667318,23.99,24.0,26.26,219487
2024-01-04,BOOM,-4.971428571428578,16.63,17.5,17.43,252341
2024-01-04,GRWG,-1.1857707509881346,2.5,2.53,2.46,715844
2024-01-04,LVLU,0.0,1.95,1.95,1.92,11895
2024-01-04,WMK,0.4041311180960874,67.08,66.81,66.33,94816
2024-01-04,BRSP,-1.7735334242837637,7.2,7.33,7.2501,656298
2024-01-04,LILA,-0.839160839160846,7.09,7.15,7.05,241732
2024-01-04,BOLT,-0.667643706236768,1.22,1.2282,1.18,54395
2024-01-04,FATE,-0.2824858757062212,3.53,3.54,3.87,2149329
2024-01-04,BNR,-4.747162022703811,0.923,0.969,0.99,51778
2024-01-04,LARK,-100.0,0.0,19.72,19.45,3043
2024-01-04,INBS,1.2254111576910758,0.3139,0.3101,0.3079,758070
2024-01-04,BFC,0.8410329305851619,85.13,84.42,84.45,18397
2024-01-04,FRMEP,inf,25.0,0.0,0.0,458
2024-01-04,GNSS,-100.0,0.0,1.95,1.82,62446
2024-01-04,ANL,,0.0,0.0,0.0,2360
2024-01-04,COFS,-0.6547208821502456,28.83,29.02,28.76,15840
2024-01-04,TNYA,-2.87539936102236,3.04,3.13,3.08,283133
2024-01-04,TTNP,2.1377672209026146,0.43,0.421,0.434,92903
2024-01-04,NB,2.657807308970102,3.09,3.01,3.0,122219
2024-01-04,ABSI,1.7045454545454561,3.58,3.52,3.7408,1455885
2024-01-04,SURG,-0.42253521126759663,7.07,7.1,6.5,584375
2024-01-04,ADIL,-3.2786885245901667,1.77,1.83,1.72,19059
2024-01-04,CSTL,2.1119842829076605,20.79,20.36,20.86,234714
2024-01-04,IMUX,0.7092198581560291,1.42,1.41,1.4002,152197
2024-01-04,GLBZ,-100.0,0.0,5.99,6.21,1268
2024-01-04,EDN,2.9989658738366174,19.92,19.34,18.76,28208
2024-01-04,ODV,-0.34364261168385674,2.9,2.91,2.87,51006
2024-01-04,LC,2.9515938606847696,8.72,8.47,8.51,1178080
2024-01-04,ACMR,0.16968325791855846,17.71,17.68,17.1,658566
2024-01-04,NAK,5.380116959064319,0.3604,0.342,0.381,2613566
2024-01-04,LTRX,-2.3372287145242163,5.85,5.99,6.19,252395
2024-01-04,GNK,-3.3986175115207367,16.77,17.36,17.0,1108413
2024-01-04,MYSZ,-2.4349667271627347,0.6451,0.6612,0.6381,9813
2024-01-04,RES,2.060439560439553,7.43,7.28,7.13,1552205
2024-01-04,EGHT,-1.1080332409972309,3.57,3.61,3.61,812109
2024-01-04,RMCOW,inf,0.03,0.0,0.03,9154
2024-01-04,INAB,8.196721311475418,1.32,1.22,1.38,137818
2024-01-04,PLG,2.7522935779816535,1.12,1.09,1.12,77952
2024-01-04,SMBC,0.0,51.03,51.03,51.06,28272
2024-01-04,LAKE,4.9720670391061494,18.79,17.9,17.3,14895
2024-01-04,MOVE,-100.0,0.0,0.83,0.7775,42390
2024-01-04,HY,0.0,61.97,61.97,63.31,117937
2024-01-04,OPBK,-100.0,0.0,10.81,10.83,35336
2024-01-04,PVBC,-0.09587727708532873,10.42,10.43,10.66,31054
2024-01-04,KPRX,-2.8245518739815423,0.5367,0.5523,0.555,61221
2024-01-04,JSPR,923.3918128654971,7.0,0.684,6.95,77836
2024-01-04,SEDG,-0.7192575406032535,85.58,86.2,83.27,2389680
2024-01-04,PLOW,-1.1028103877623576,27.8,28.11,27.19,203410
2024-01-04,ANNX,0.0,4.51,4.51,4.99,319947
2024-01-04,SND,-0.9009009009009016,2.2,2.22,2.14,294985
2024-01-04,LYTS,0.0,13.51,13.51,13.47,121297
2024-01-04,LEDS,1.5037593984962419,1.35,1.33,1.35,34843
2024-01-04,SINT,0.9088613986367058,0.3997,0.3961,0.4214,378908
2024-01-04,APYX,5.533596837944669,2.67,2.53,2.6,44306
2024-01-04,MDXH,4.761904761904749,4.18,3.99,4.16,108990
2024-01-04,SA,-4.166666666666666,11.5,12.0,11.33,1396707
2024-01-04,FCBC,0.3317666574509191,36.29,36.17,35.92,31051
2024-01-04,STEL,0.5952380952380958,27.04,26.88,26.95,159443
2024-01-04,FBIO,-0.3976063295714695,2.48,2.4899,2.55,881008
2024-01-04,BARK,-1.7971758664955084,0.765,0.779,0.7489,479229
2024-01-04,DHT,-0.09661835748792065,10.34,10.35,10.31,2863042
2024-01-04,HIVE,1.5624999999999862,4.55,4.48,4.44,3252068
2024-01-04,ALZN,-0.21459227467811176,0.93,0.932,0.995,52665
2024-01-04,ZJYL,-2.380952380952381,205.0,210.0,127.0,61878
2024-01-04,KFS,0.0,8.34,8.34,8.3,78441
2024-01-04,GPRE,-1.3290374546918982,24.5,24.83,24.45,797788
2024-01-04,OABI,-0.47846889952152094,6.24,6.27,6.32,490091
2024-01-04,FBIZ,0.5138746145940282,39.12,38.92,38.81,11833
2024-01-04,HNST,3.5971223021582768,2.88,2.78,2.94,877327
2024-01-04,SCVL,0.0,27.9,27.9,27.91,186832
2024-01-04,NTGR,0.035448422545189685,14.11,14.105,14.23,197667
2024-01-04,FRGE,-0.9523809523809462,3.12,3.15,3.04,389912
2024-01-04,FAMI,4.8387096774193585,1.3,1.24,1.29,31464
2024-01-04,HUMA,-10.104529616724738,2.58,2.87,2.65,343847
2024-01-04,BCML,0.35273368606702754,22.76,22.68,23.02,15602
2024-01-04,TCRT,-5.968331303288673,0.0772,0.0821,0.1225,19988065
2024-01-04,ALLO,0.0,3.42,3.42,3.35,1687990
2024-01-04,GLRE,0.5424954792043284,11.12,11.06,11.2,79623
2024-01-04,ANIK,1.0605391073795936,22.87,22.63,22.18,73204
2024-01-04,ALRS,0.6018518518518472,21.73,21.6,21.7,38921
2024-01-04,MCFT,0.784856879039696,21.83,21.66,22.5,198344
2024-01-04,RNAC,2.5695931477516156,0.6227,0.6071,0.63,523577
2024-01-04,SONM,-2.500000000000002,0.78,0.8,0.7651,54930
2024-01-04,WHLRD,-100.0,0.0,13.17,13.64,29394
2024-01-04,CTHR,0.0746825989544492,0.402,0.4017,0.4071,56782
2024-01-04,JAGX,1.1999999999999975,0.1518,0.15,0.1518,4476234
2024-01-04,TUYA,1.3392857142857053,2.27,2.24,2.2,334864
2024-01-04,CISO,0.19569471624266707,0.1024,0.1022,0.0934,1594074
2024-01-04,MERC,-2.730375426621143,8.55,8.79,8.79,270317
2024-01-04,GOOD,-0.6772009029345362,13.2,13.29,13.25,180411
2024-01-04,DCGO,-0.1964636542239644,5.08,5.09,4.95,1222513
2024-01-04,MRSN,0.0,2.16,2.16,2.27,707575
2024-01-04,BAK,3.180512711413678,8.73,8.4609,8.3805,625323
2024-01-04,OPI,-3.1428571428571397,6.78,7.0,6.95,660687
2024-01-04,CLNN,-0.7931034482758513,0.2877,0.29,0.2875,651403
2024-01-04,BKYI,-1.7241379310344769,2.85,2.9,2.74,1293950
2024-01-04,DALN,-0.22727272727274261,4.39,4.4,4.35,59275
2024-01-04,ZYME,0.7497656982193072,10.75,10.67,10.6,483214
2024-01-04,CNSP,0.0,1.15,1.15,1.17,23038
2024-01-04,VSTA,-0.6993006993007052,4.26,4.29,4.3,18931
2024-01-04,ACIU,2.5056947608200533,4.5,4.39,4.53,64077
2024-01-04,LUCD,-2.0979020979020997,1.4,1.43,1.36,42844
2024-01-04,SKWD,0.7117437722419988,33.96,33.72,33.43,194660
2024-01-04,TLS,-2.8350515463917496,3.77,3.88,3.86,530029
2024-01-04,CCSI,-0.08594757198108971,23.25,23.27,22.84,95489
2024-01-04,JMSB,0.952380952380949,21.2,21.0,22.52,36085
2024-01-04,TVE,0.0,22.45,22.45,22.42,3178
2024-01-04,SPRY,0.3649635036496272,5.5,5.48,5.29,286122
2024-01-04,LGCB,1.7857142857142874,1.71,1.68,1.68,17977
2024-01-04,ECBK,-100.0,0.0,12.7,12.88,5901
2024-01-04,AAOI,0.2871912693854148,17.46,17.41,18.65,2066262
2024-01-04,CATO,-0.141643059490082,7.05,7.06,7.09,93173
2024-01-04,DVAX,0.3467406380027788,14.47,14.42,14.99,2473503
2024-01-04,NHC,0.7511535572486349,93.89,93.19,93.5,76649
2024-01-04,NX,0.33057851239669894,30.35,30.25,30.69,250121
2024-01-04,VTOL,1.4079422382671503,28.09,27.7,27.26,92424
2024-01-04,GROY,0.7092198581560291,1.42,1.41,1.42,381996
2024-01-04,CLCO,1.407349491790473,12.97,12.79,13.01,386035
2024-01-04,PDEX,-100.0,0.0,18.38,18.79,8952
2024-01-04,GSBC,0.3438789546079829,58.36,58.16,58.23,24783
2024-01-04,BSGM,4.882500570385575,0.4597,0.4383,0.428,137038
2024-01-04,TWST,-3.3674963396778876,33.0,34.15,32.1,880862
2024-01-04,CMBM,-1.1925042589437866,5.8,5.87,5.7,138732
2024-01-04,SENEA,0.5873436907919709,53.09,52.78,52.38,33003
2024-01-04,CCNEP,,0.0,0.0,21.52,7751
2024-01-04,GOGO,-1.041666666666663,9.5,9.6,9.69,582254
2024-01-04,AXR,-1.4658726523133154,21.51,21.83,20.32,17068
2024-01-04,BHFAN,-0.5373455131649536,18.51,18.61,18.31,49441
2024-01-04,ECCW,-100.0,0.0,23.85,23.9,3495
2024-01-04,LIPO,3.9319872476089306,0.978,0.941,1.05,45657
2024-01-04,MMLP,1.214574898785417,2.5,2.47,2.43,80012
2024-01-04,JZXN,-0.1803751803751872,0.8301,0.8316,0.7,94304
2024-01-04,ISPR,0.0,12.32,12.32,12.66,114469
2024-01-04,ASTI,-0.057438253877088556,0.87,0.8705,0.83,44797
2024-01-04,DK,0.6741573033707855,26.88,26.7,26.09,697243
2024-01-04,TRIN,-0.06802721088435229,14.69,14.7,14.75,584982
2024-01-04,IINN,2.769769357495885,0.9981,0.9712,0.93,1123640
2024-01-04,ELME,0.4225352112676091,14.26,14.2,14.16,454705
2024-01-04,SPT,-1.6194331983805696,55.89,56.81,55.15,700514
2024-01-04,HRMY,-1.4133165829145706,31.39,31.84,33.54,385355
2024-01-04,HOV,0.14356029532404155,146.49,146.28,147.91,51439
2024-01-04,ALXO,1.1963406052075998,14.38,14.21,13.47,426307
2024-01-04,LVTX,2.9585798816568074,1.74,1.69,1.83,29402
2024-01-04,HUSA,0.5464480874316944,1.84,1.83,1.7999,53543
2024-01-04,INGN,-3.0797101449275353,5.35,5.52,5.42,164080
2024-01-04,SCOR,-1.33407448582545,17.75,17.99,17.55,14574
2024-01-04,COOK,0.0,2.43,2.43,2.42,212213
2024-01-04,FTHM,4.8717948717948705,4.09,3.9,4.13,2385
2024-01-04,NMG,-4.171641791044781,2.5682,2.68,2.53,32913
2024-01-04,GOTU,-1.3477088948787015,3.66,3.71,3.82,7977570
2024-01-04,KINS,4.739336492891,2.21,2.11,2.25,38648
2024-01-04,BYSI,4.3992483696252975,0.9445,0.9047,0.91,16006
2024-01-04,CHNR,-100.0,0.0,1.49,1.45,3161
2024-01-04,AUTL,-1.7777777777777795,6.63,6.75,6.33,1334448
2024-01-04,USCB,0.6541291905151273,12.31,12.23,12.2,38120
2024-01-04,MBOT,2.9411764705882213,1.4,1.36,1.44,296598
2024-01-04,DSWL,-0.7575757575757582,2.62,2.64,2.64,4891
2024-01-04,TKLF,6.258322237017317,0.798,0.751,0.77,178893
2024-01-04,CYH,-0.29585798816567416,3.37,3.38,3.39,2142235
2024-01-04,WS,3.228146536089955,28.46,27.57,26.8,148634
2024-01-04,VYGR,-0.09345794392523166,10.69,10.7,9.3,1596502
2024-01-04,SPWR,-1.7699115044247606,4.44,4.52,4.08,7372065
2024-01-04,PCRX,-3.0246336139694385,31.1,32.07,31.91,381439
2024-01-04,MEGL,-6.153846153846159,1.22,1.3,1.3,1044327
2024-01-04,CVRX,0.3384094754653058,29.65,29.55,29.58,102152
2024-01-04,DRIO,-3.6585365853658436,1.58,1.64,1.64,61896
2024-01-04,EVO,0.09460737937558927,10.58,10.57,9.6,286790
2024-01-04,XBP,-1.1111111111111203,5.34,5.4,5.36,10124
2024-01-04,THS,0.4388103364212572,41.2,41.02,40.95,519007
2024-01-04,SMTI,-2.2308690012970156,37.69,38.55,38.84,27040
2024-01-04,LPTX,-5.829596412556049,4.2,4.46,4.11,243422
2024-01-04,FVRR,2.178217821782181,25.8,25.25,25.73,735718
2024-01-04,EWTX,5.235602094240837,10.05,9.55,10.25,842387
2024-01-04,ANAB,0.47192071731948027,21.29,21.19,21.64,162788
2024-01-04,TOPS,7.602739726027406,15.71,14.6,16.17,25015
2024-01-04,EGBN,0.0,28.33,28.33,29.27,202334
2024-01-04,RDVT,0.5847953216374429,18.92,18.81,18.62,16736
2024-01-04,FUBO,0.671140939597316,3.0,2.98,2.99,9480725
2024-01-04,SRL,-1.5151515151515098,6.5,6.6,7.6,69738
2024-01-04,NOTE,-5.628571428571432,0.9909,1.05,1.03,350454
2024-01-04,PSTV,-1.657458563535913,1.78,1.81,1.79,16824
2024-01-04,LBRT,2.0452099031216497,18.96,18.58,18.04,2708755
2024-01-04,HVT,0.3173687247547794,34.77,34.66,35.37,73352
2024-01-04,AVD,-0.46904315196998786,10.61,10.66,10.6,372677
2024-01-04,OPTXW,inf,0.1099,0.0,0.0,66277
2024-01-04,TERN,1.1146496815286528,6.35,6.28,6.7,331327
2024-01-04,SOHU,-3.7449392712550704,9.51,9.88,10.22,63028
2024-01-04,INTG,-100.0,0.0,20.01,20.18,4415
2024-01-04,AUDC,2.6086956521739193,11.8,11.5,12.03,91092
2024-01-04,CNF,-100.0,0.0,2.2162,2.19,11841
2024-01-04,PASG,-2.200000000000004,0.8802,0.9,0.9361,491039
2024-01-04,CTOS,0.327868852459024,6.12,6.1,6.33,467784
2024-01-04,FDP,0.18281535648993474,27.4,27.35,27.31,203324
2024-01-04,LANDP,-100.0,0.0,18.75,18.74,14102
2024-01-04,GSUN,-2.9275808936825913,0.63,0.649,0.669,14920
2024-01-04,ORGNW,-100.0,0.0,0.0277,0.0262,65527
2024-01-04,RIGL,-2.006756756756761,1.4503,1.48,1.52,1106126
2024-01-04,CCRD,-100.0,0.0,12.97,12.57,20140
2024-01-04,XOSWW,-7.5675675675675595,0.0171,0.0185,0.0,9524
2024-01-04,PRCH,0.0,2.65,2.65,2.72,1402139
2024-01-04,MRCC,0.0,7.1,7.1,7.11,80858
2024-01-04,CETY,0.0,1.5,1.5,1.53,4496
2024-01-04,OOMA,-0.0952380952380932,10.49,10.5,10.49,66728
2024-01-04,CDXS,4.778156996587019,3.07,2.93,2.79,522777
2024-01-04,IRWD,-0.4756033116082447,12.43,12.4894,12.35,3162151
2024-01-04,UAMY,4.467213114754107,0.2549,0.244,0.2495,86400
2024-01-04,VNRX,2.77777777777778,1.11,1.08,0.96,394557
2024-01-04,AMR,0.2161874019012531,338.4,337.67,362.66,476596
2024-01-04,IPHA,11.439114391143914,3.02,2.71,2.94,92945
2024-01-04,BLZE,5.344585091420533,7.49,7.11,7.1,214785
2024-01-04,GECC,1.5525114155251136,11.12,10.95,11.22,35018
2024-01-04,INSE,0.0,9.64,9.64,9.57,93782
2024-01-04,PSNY,0.48363619289101634,2.14,2.1297,2.105,2174048
2024-01-04,HSON,-1.4285714285714326,15.18,15.4,16.29,7525
2024-01-04,GWH,0.9174311926605512,1.1,1.09,1.11,710042
2024-01-04,HTLD,2.8614457831325364,13.66,13.28,11.4343,220550
2024-01-04,NVCT,1.6908212560386544,8.42,8.28,8.37,44990
2024-01-04,CAN,4.368932038834945,2.15,2.06,2.3,22007820
2024-01-04,FRD,-100.0,0.0,15.7,15.52,31752
2024-01-04,SMWB,-4.074074074074085,5.18,5.4,5.4,143172
2024-01-04,TCPC,-0.17436791630341195,11.45,11.47,11.92,880140
2024-01-04,BCTXW,inf,2.14,0.0,2.54,85643
2024-01-04,PRTC,-100.0,0.0,26.5,0.0,1843
2024-01-04,FBIOP,1.576044129235627,12.89,12.69,12.75,8649
2024-01-04,CHSCL,-0.11829652996845876,25.33,25.36,25.37,20425
2024-01-04,AUUD,-7.599999999999996,0.231,0.25,0.2647,18735
2024-01-04,GPRK,4.007633587786256,9.5375,9.17,8.86,512772
2024-01-04,IMMR,-0.4273504273504183,6.99,7.02,6.9,227647
2024-01-04,IRDM,0.6666666666666616,39.26,39.0,39.99,750645
2024-01-04,STKL,0.1930501930502061,5.19,5.18,5.31,694039
2024-01-04,TNGX,3.526970954356845,9.98,9.64,9.32,495006
2024-01-04,INTS,0.5031446540880508,7.99,7.95,8.4,41415
2024-01-04,BXC,-0.7255028009918323,108.1,108.89,110.0,104646
2024-01-04,GDEN,-0.8715713919507725,38.67,39.01,39.52,119615
2024-01-04,HYMC,-0.4149377593361091,2.4,2.41,2.43,92607
2024-01-04,SCM,0.0,13.0,13.0,13.46,99642
2024-01-04,YRD,-2.40963855421688,4.05,4.15,4.2,295476
2024-01-04,HUDI,-6.349206349206341,2.95,3.15,3.07,21106
2024-01-04,HUN,-1.24497991967871,24.59,24.9,24.49,1361566
2024-01-04,IPWR,0.06455777921239371,7.75,7.745,8.42,17097
2024-01-04,FSLY,-0.30450669914738554,16.37,16.42,16.58,1929147
2024-01-04,MYFW,0.47999999999999926,18.84,18.75,18.98,7234
2024-01-04,OPRX,-0.8239700374531793,13.24,13.35,13.3,158591
2024-01-04,ARTNA,-1.4042867701404294,40.02,40.59,39.77,32499
2024-01-04,CSTE,0.5012531328320695,4.01,3.99,4.16,47310
2024-01-04,FLNG,2.4975024975024973,30.78,30.03,30.77,367843
2024-01-04,IBCP,0.23696682464454472,25.38,25.32,26.76,48315
2024-01-04,NRDY,-0.9146341463414575,3.25,3.28,3.1287,961215
2024-01-04,AFYA,-0.5591798695247018,21.34,21.46,21.5,135551
2024-01-04,VTAK,-0.10245901639344555,0.39,0.3904,0.3802,15186
2024-01-04,ELTK,-0.05660377358490541,14.8316,14.84,15.22,109381
2024-01-04,MI,5.121293800539088,0.195,0.1855,0.1859,86009
2024-01-04,SJ,-100.0,0.0,3.25,3.18,1400
2024-01-04,TNC,0.553609761608852,89.0,88.51,87.74,80144
2024-01-04,SCCE,inf,21.42,0.0,21.5,2467
2024-01-04,FOA,-10.714285714285724,1.0,1.12,0.9822,100174
2024-01-04,BRT,-100.0,0.0,19.12,18.74,49366
2024-01-04,CRNC,-0.8524240809802885,18.61,18.77,18.39,327246
2024-01-04,MTW,0.0,15.68,15.68,15.76,201018
2024-01-04,PLPC,0.8066410838750107,128.72,127.69,128.4,21548
2024-01-04,PPBT,1.792682926829274,0.8347,0.82,0.82,71928
2024-01-04,NAUT,3.7288135593220293,3.06,2.95,3.02,56028
2024-01-04,TILE,0.48820179007323433,12.35,12.29,12.0,458160
2024-01-04,CTKB,2.317073170731723,8.39,8.2,8.16,850897
2024-01-04,LIDR,-1.463414634146332,2.02,2.05,1.94,99258
2024-01-04,WYY,1.7777777777777795,2.29,2.25,2.37,44629
2024-01-04,ACON,1220.2042304886945,3.62,0.2742,2.92,1557418
2024-01-04,RCMT,-2.044854881266494,29.7,30.32,32.0,116988
2024-01-04,SIGIP,0.34522439585732034,17.44,17.38,17.38,3295
2024-01-04,ATHE,-3.2258064516129057,2.4,2.48,2.25,83307
2024-01-04,YMAB,-3.0075187969924837,6.45,6.65,7.12,139021
2024-01-04,HEPS,-1.1834319526627228,1.67,1.69,1.7,302290
2024-01-04,LOCL,0.0,2.18,2.18,2.0,82690
2024-01-04,FGF,-100.0,0.0,1.48,1.5,32892
2024-01-04,SPWH,-0.45045045045046084,4.42,4.44,4.44,398070
2024-01-04,ACVA,-0.06973500697349921,14.33,14.34,13.83,1398834
2024-01-04,NUKK,-7.843137254901951,2.35,2.55,2.39,59042
2024-01-04,CTS,0.9048723897911846,43.49,43.1,42.25,260952
2024-01-04,CXDO,-3.2520325203252063,4.76,4.92,4.34,290476
2024-01-04,LRHC,8.695652173913054,1.62,1.4904,1.51,16894
2024-01-04,SCHL,-2.7055150884495296,37.4,38.44,37.08,262089
2024-01-04,LPG,1.4889158486820275,46.01,45.335,48.51,1331454
2024-01-04,OPAD,-3.148558758314844,8.736,9.02,9.2,32741
2024-01-04,RMBL,0.0,7.72,7.72,8.1,215812
2024-01-04,ENOV,2.3230686115613164,56.82,55.53,55.65,617806
2024-01-04,UEIC,0.9879253567508218,9.2,9.11,8.85,28276
2024-01-04,LYRA,2.4340770791075075,5.05,4.93,5.53,264361
2024-01-04,DTCK,-1.0102030508132143,0.9799,0.9899,0.9666,130717
2024-01-04,SPH,-0.17720023626698841,16.9,16.93,16.8,236182
2024-01-04,GIII,-0.3401360544217889,32.23,32.34,32.14,463793
2024-01-04,ADXN,3.37620578778135,6.43,6.22,6.33,17680
2024-01-04,CDRE,1.6174183514774594,32.67,32.15,31.85,156219
2024-01-04,LAC,0.16077170418007516,6.23,6.22,6.18,1419354
2024-01-04,MAPS,-2.1204819277108373,0.8124,0.83,0.8287,270359
2024-01-04,GRPN,-0.8064516129032229,12.3,12.4,12.64,644543
2024-01-04,DENN,3.5999999999999943,10.36,10.0,10.49,558508
2024-01-04,WSR,-2.2932022932023024,11.93,12.21,11.81,194057
2024-01-04,ARQQ,-0.20000000000000265,0.4491,0.45,0.4399,583953
2024-01-04,TRUP,-0.10373443983402882,28.89,28.92,28.89,736188
2024-01-04,UHT,0.023529411764701202,42.51,42.5,43.42,32121
2024-01-04,PMTU,inf,25.248,0.0,25.12,16225
2024-01-04,NABL,0.8468052347959925,13.1,12.99,13.04,507024
2024-01-04,NVRI,0.0,8.71,8.71,8.5,407224
2024-01-04,DNOW,0.5484460694698401,11.0,10.94,10.73,727551
2024-01-04,VIR,0.974658869395708,10.36,10.26,10.28,906045
2024-01-04,ESTA,2.02380952380953,25.71,25.2,25.52,189652
2024-01-04,SIFY,1.1235955056179785,1.8,1.78,1.71,136541
2024-01-04,AIMD,-100.0,0.0,1.91,1.99,101660
2024-01-04,UCTT,0.031046258925793265,32.22,32.21,31.0,163184
2024-01-04,CAPR,-0.3773584905660297,5.28,5.3,5.3,499768
2024-01-04,ASLE,-5.887162714636145,11.51,12.23,12.13,319801
2024-01-04,PERI,-0.7138001359619335,29.21,29.42,29.23,276973
2024-01-04,MHUA,8.461538461538453,1.41,1.3,1.23,183643
2024-01-04,OGI,0.7633587786259549,1.32,1.31,1.36,303284
2024-01-04,RSVR,0.5772005772005777,6.97,6.93,7.0,65990
2024-01-04,RCEL,0.7114624505928843,12.74,12.65,12.61,102743
2024-01-04,SOR,-0.02493143854399903,40.1,40.11,0.0,23342
2024-01-04,DCTH,-3.140096618357486,4.01,4.14,4.12,144377
2024-01-04,SDGR,-1.0487353485502882,32.08,32.42,32.47,606026
2024-01-04,ZD,2.660236465463587,65.99,64.28,65.57,289588
2024-01-04,DCOMP,-0.28248587570621875,17.65,17.7,17.69,3679
2024-01-04,BKKT,3.6842105263157925,1.97,1.9,1.92,3889674
2024-01-04,MUX,-1.86291739894551,6.98,7.1125,6.79,232232
2024-01-04,TG,2.569169960474324,5.19,5.06,5.21,149793
2024-01-04,IVDA,-1.0994502748625588,0.5937,0.6003,0.62,33089
2024-01-04,FTCI,-6.392318244170092,0.6824,0.729,0.658,808283
2024-01-04,KLTR,-1.12994350282486,1.75,1.77,1.74,188466
2024-01-04,GO,1.7142857142857157,28.48,28.0,27.49,1364115
2024-01-04,ABVC,0.0,1.78,1.78,1.39,5576309
2024-01-04,CYBN,0.33470648815653137,0.3897,0.3884,0.399,2887402
2024-01-04,LGVN,1.5748031496063006,1.29,1.27,1.3009,127007
2024-01-04,LAB,0.980392156862746,2.06,2.04,1.99,518901
2024-01-04,COCP,2.285714285714288,1.79,1.75,1.79,27537
2024-01-04,BIRD,-1.4554275318374685,1.3,1.3192,1.19,744518
2024-01-04,PMEC,-100.0,0.0,2.15,2.0,33102
2024-01-04,COLL,-2.5508741759816584,34.0,34.89,30.9,1187312
2024-01-04,XPER,0.5535055350553552,10.9,10.84,10.81,296717
2024-01-04,BEEP,0.7317073170731768,4.13,4.1,4.1,15972
2024-01-04,CAC,-1.006255099265718,36.4,36.77,37.81,41452
2024-01-04,PEPG,0.7342143906020663,6.86,6.81,7.83,47511
2024-01-04,BHFAO,-0.0440140845070335,22.71,22.72,22.81,28070
2024-01-04,APLM,-1.4973262032085572,0.921,0.935,0.842,480829
2024-01-04,TSE,6.8831168831168865,8.23,7.7,8.35,281610
2024-01-04,ACRS,-1.7543859649122628,1.12,1.14,1.1,1547075
2024-01-04,KNDI,-0.35714285714284955,2.79,2.8,2.86,70064
2024-01-04,CDNA,0.5484460694698401,11.0,10.94,11.12,659228
2024-01-04,FVCB,0.791366906474816,14.01,13.9,14.28,15778
2024-01-04,RILYL,-100.0,0.0,21.15,20.97,2082
2024-01-04,CRTO,-0.040783034257740665,24.51,24.52,24.425,157587
2024-01-04,PROP,-1.6883116883116869,7.57,7.7,7.43,41486
2024-01-04,SEVN,0.11177347242921436,13.435,13.42,13.04,177044
2024-01-04,DLNG,-0.33898305084746544,2.94,2.95,2.93,15836
2024-01-04,KELYA,-1.456082667919205,20.98,21.29,20.9,196556
2024-01-04,XFOR,-4.0930232558139545,0.8248,0.86,0.8492,1100667
2024-01-04,DRRX,2.607861936721008,0.5351,0.5215,0.52,102790
2024-01-04,SRZNW,-1.9999999999999998,0.0147,0.015,0.013,6647
2024-01-04,BTBT,1.9021739130434738,3.75,3.68,3.93,9672840
2024-01-04,NATH,0.45045045045043614,75.82,75.48,75.41,5359
2024-01-04,ANGH,5.263157894736841,1.05,0.9975,1.02,41724
2024-01-04,XPRO,0.0,15.92,15.92,15.59,725389
2024-01-04,RLAY,-8.257638315441785,11.11,12.11,11.63,626804
2024-01-04,LODE,1.4760147601476026,0.55,0.542,0.5218,441733
2024-01-04,ELMD,0.1865671641791005,10.74,10.72,10.9,25509
2024-01-04,CENN,0.0,1.43,1.43,1.42,85047
2024-01-04,MPV,-0.5294506949040376,15.03,15.11,15.18,18343
2024-01-04,SHEN,0.27919962773384027,21.55,21.49,21.1,127595
2024-01-04,XPL,-0.733944954128441,0.541,0.545,0.5796,47738
2024-01-04,SGMT,-0.3802281368821212,5.24,5.26,5.04,65398
2024-01-04,GRRR,-0.9446193739581391,0.5348,0.5399,0.5798,384766
2024-01-04,NEWP,-4.5977011494252915,1.66,1.74,1.74,200103
2024-01-04,OBT,0.5586592178770896,54.0,53.7,49.91,10786
2024-01-04,OVID,-4.8338368580060465,3.15,3.31,3.16,177690
2024-01-04,AAME,-100.0,0.0,2.31,2.44,5018
2024-01-04,ADCT,2.4390243902439046,1.68,1.64,1.94,1312948
2024-01-04,CULP,-100.0,0.0,5.75,5.49,24092
2024-01-04,ECO,-2.4137931034482736,28.3,29.0,28.48,37155
2024-01-04,ESGL,3.4838709677419275,0.6416,0.62,0.5786,79361
2024-01-04,SBGI,-2.5110782865583445,13.2,13.54,13.62,377336
2024-01-04,BNGO,-1.0058231868713554,1.87,1.889,1.8191,1527262
2024-01-04,GGR,2.1097046413502034,2.42,2.37,2.44,98925
2024-01-04,MFH,13.861386138613852,2.3,2.02,2.43,17569
2024-01-04,ZIM,2.707136997538967,12.52,12.19,13.7202,18983130
2024-01-04,INN,0.0,6.71,6.71,6.65,491879
2024-01-04,NAT,0.0,4.46,4.46,4.41,3108417
2024-01-04,GPJA,-0.269905533063422,22.17,22.23,22.18,24319
2024-01-04,LVO,-3.3600000000000034,1.208,1.25,1.33,149258
2024-01-04,NBN,0.32081524816002,53.16,52.99,53.75,19658
2024-01-04,IRMD,0.8963707914298131,46.15,45.74,45.84,27021
2024-01-04,CLSD,2.111218435214569,1.48,1.4494,1.4818,395200
2024-01-04,GNLX,2.2618231665524338,14.92,14.59,14.3,102526
2024-01-04,MSBI,0.6336190831159214,27.0,26.83,27.74,49928
2024-01-04,SATLW,-10.000000000000009,0.144,0.16,0.1264,971
2024-01-04,MPTI,4.944444444444448,37.78,36.0,37.98,236689
2024-01-04,VLRS,0.0,9.09,9.09,8.92,448659
2024-01-04,GROV,-0.5050505050505055,1.97,1.98,1.93,90061
2024-01-04,GYRE,-2.654500207382831,23.47,24.11,23.0,93599
2024-01-04,IKT,2.2556390977443628,1.36,1.33,1.35,16284
2024-01-04,ACRV,6.2248995983935655,5.29,4.98,4.75,59645
2024-01-04,YMM,-0.15454077149177614,6.59,6.6002,6.77,5167995
2024-01-04,XRTX,-2.6217228464419415,2.6,2.67,2.71,486736
2024-01-04,FBYD,-0.08326394671107233,12.0,12.01,11.7,8870
2024-01-04,SCKT,-100.0,0.0,1.12,1.11,11575
2024-01-04,LEG,1.6744548286604348,26.11,25.68,25.05,1057611
2024-01-04,GFR,0.373134328358201,5.38,5.36,5.53,5212
2024-01-04,NL,0.7380073800738014,5.46,5.42,5.41,14067
2024-01-04,EZPW,0.0,8.71,8.71,8.7,285365
2024-01-04,BRNS,-2.5000000000000084,3.51,3.6,3.74,4698
2024-01-04,SVC,0.0,8.37,8.37,8.34,706992
2024-01-04,URG,0.671140939597316,1.5,1.49,1.5,1330824
2024-01-04,SCPH,0.3149606299212671,6.37,6.35,6.44,184154
2024-01-04,JVA,0.695652173913044,0.8685,0.8625,0.8701,7038
2024-01-04,BBDC,0.0,8.7,8.7,8.95,406604
2024-01-04,KXIN,0.12062726176115815,0.83,0.829,0.81,78760
2024-01-04,SGC,-0.9482129832239297,13.58,13.71,13.86,101484
2024-01-04,AQMS,1.5801354401805852,0.72,0.7088,0.68,945434
2024-01-04,AIRG,-100.0,0.0,3.56,3.57,28939
2024-01-04,MBINN,-100.0,0.0,20.05,20.12,935
2024-01-04,TENX,11.59874608150471,17.8,15.95,13.7,46486
2024-01-04,SLP,0.16222479721900415,43.22,43.15,41.85,193614
2024-01-04,EMX,6.1728395061728305,1.72,1.62,1.61,52450
2024-01-04,HFFG,1.1111111111111038,5.46,5.4,5.26,47938
2024-01-04,AZ,1.6949152542372898,1.2,1.18,1.18,111078
2024-01-04,CHCO,0.43430049898355094,108.69,108.22,108.41,51502
2024-01-04,AGAE,0.0,1.13,1.13,1.11,16192
2024-01-04,MTC,0.0,1.81,1.81,2.08,1623048
2024-01-04,SYPR,-2.8708133971291896,2.03,2.09,2.05,25003
2024-01-04,RVMDW,6.060606060606049,0.35,0.33,0.221,217071
2024-01-04,APOG,0.2688688304205888,52.21,52.07,52.18,107730
2024-01-04,CCNE,0.27297543221109516,22.04,21.98,22.04,75326
2024-01-04,HSHP,1.9490254872563704,6.8,6.67,7.1,135019
2024-01-04,HBT,0.19203072491599954,20.87,20.83,20.68,36481
2024-01-04,WKSP,-2.6666666666666687,1.46,1.5,1.45,54844
2024-01-04,VHI,-0.9695290858725678,14.3,14.44,14.06,6538
2024-01-04,SANA,0.025538435345191703,4.7,4.6988,5.0,3893495
2024-01-04,GMGI,4.680851063829781,2.46,2.35,2.39,105035
2024-01-04,ACRE,0.0,9.88,9.88,10.38,359278
2024-01-04,TARA,-4.60829493087558,2.07,2.17,2.14,58283
2024-01-04,XBIT,0.23310023310022812,4.3,4.29,4.24,15423
2024-01-04,CCO,-1.234567901234569,1.6,1.62,1.65,1229068
2024-01-04,NEON,-0.44843049327353307,2.22,2.23,2.4,47386
2024-01-04,FMAO,0.9782125389061914,22.71,22.49,22.73,16606
2024-01-04,GLDD,0.37974683544302984,7.93,7.9,7.85,295074
2024-01-04,BALY,7.418032786885255,13.105,12.2,12.35,305229
2024-01-04,OCTO,-5.245283018867933,0.5022,0.53,0.51,27691
2024-01-04,VRE,-0.5882352941176461,15.21,15.3,15.02,1564564
2024-01-04,VRCA,2.9455081001472783,6.99,6.79,7.03,218281
2024-01-04,GASS,-4.184320567140206,6.92,7.2222,7.32,336570
2024-01-04,SONN,-4.469273743016763,1.71,1.79,1.63,50825
2024-01-04,SFST,0.4070556309362241,37.0,36.85,37.01,27653
2024-01-04,VSME,-6.226556639159784,0.375,0.3999,0.3877,173983
2024-01-04,CLOV,-0.21619284401686326,0.9231,0.9251,0.949,4562029
2024-01-04,WRLD,0.5022759378433531,128.06,127.42,127.39,33809
2024-01-04,FENC,-0.18501387604071554,10.79,10.81,10.67,99652
2024-01-04,SRTS,0.39999999999999153,2.51,2.5,2.555,49083
2024-01-04,CINGW,20.412244897959177,0.029501,0.0245,0.0398,19557
2024-01-04,QSI,0.0,1.93,1.93,1.94,589969
2024-01-04,KOSS,-0.6006006006006012,3.31,3.33,3.36,13273
2024-01-04,CHCT,0.5430566330488773,25.92,25.78,26.32,103534
2024-01-04,TIXT,-0.12062726176115546,8.28,8.29,8.1,166862
2024-01-04,SLI,-0.5102040816326535,1.95,1.96,1.97,811590
2024-01-04,VVOS,-1.880341880341871,11.48,11.7,10.25,161779
2024-01-04,AGRI,2.3970363913706714,0.4699,0.4589,0.417,216603
2024-01-04,WHG,0.15835312747426422,12.65,12.63,12.35,10816
2024-01-04,SABR,-0.4750593824227927,4.19,4.21,4.28,2556864
2024-01-04,OXLC,-0.20080321285141917,4.97,4.98,5.03,1758758
2024-01-04,RAVE,1.3761467889908165,2.21,2.18,2.1414,6762
2024-01-04,ENGN,-5.773420479302825,8.65,9.18,7.56,10255
2024-01-04,GSL,-0.7812500000000007,20.32,20.48,20.83,603218
2024-01-04,CHSCO,-100.0,0.0,26.28,0.0,22535
2024-01-04,MDAI,-2.4239934264584964,2.85,2.9208,2.81,163511
2024-01-04,INM,-2.450980392156852,0.398,0.408,0.4,109051
2024-01-04,TKNO,3.703703703703707,3.92,3.78,4.0,58033
2024-01-04,DGLY,-0.888349514563106,2.0417,2.06,2.07,3769
2024-01-04,PLAG,0.08338544923911016,0.4801,0.4797,0.4801,2038
2024-01-04,CCAP,-0.928074245939676,17.08,17.24,17.24,99052
2024-01-04,JAKK,0.0,35.0,35.0,35.51,93486
2024-01-04,VIVK,-1.960784313725492,1.0,1.02,1.0,3229
2024-01-04,MTNB,1.3266239707227876,0.2215,0.2186,0.2229,641994
2024-01-04,AREC,12.38858028678465,1.74,1.5482,1.53,484965
2024-01-04,MDV,0.671140939597313,15.0,14.9,15.1,10276
2024-01-04,ONTF,-0.6993006993007091,7.1,7.15,7.08,231638
2024-01-04,CARS,-1.3758943313153549,17.92,18.17,17.45,450538
2024-01-04,LGIH,0.07954183900731333,125.82,125.72,125.43,100609
2024-01-04,ALEX,0.6959314775160547,18.81,18.68,19.21,344252
2024-01-04,LMFA,-0.43484562980142094,0.6869,0.6899,0.7165,1045713
2024-01-04,YHGJ,-1.4423076923077043,2.05,2.08,2.01,12890
2024-01-04,GTE,1.6042780748663075,5.7,5.61,5.69,481391
2024-01-04,SGML,-0.06756756756757813,29.58,29.6,29.49,1123467
2024-01-04,AHCO,0.28612303290414265,7.01,6.99,7.16,886632
2024-01-04,ZTEK,5.7851239669421535,1.28,1.21,1.28,37295
2024-01-04,WALD,2.3657870791628732,11.25,10.99,11.19,69040
2024-01-04,FPI,-0.49382716049383124,12.09,12.15,12.45,387716
2024-01-04,NVNI,-100.0,0.0,1.68,0.0,24184
2024-01-04,TURB,inf,1.02,0.0,1.03,23493
2024-01-04,NGNE,0.0,19.57,19.57,21.12,53976
2024-01-04,EM,-100.0,0.0,0.53,0.56,32133
2024-01-04,AISPW,-0.9473684210526295,0.0941,0.095,0.0641,41735
2024-01-04,NSPR,-0.7490636704119857,2.65,2.67,2.48,31219
2024-01-04,RELL,-4.3116490166414545,12.65,13.22,12.7,89984
2024-01-04,ONDS,-3.174603174603166,1.83,1.89,1.78,414958
2024-01-04,SNAL,-3.1250000000000027,1.24,1.28,1.22,1579
2024-01-04,SPPL,1.270417422867519,5.58,5.51,5.47,4310
2024-01-04,ORMP,0.42194092827003316,2.38,2.37,2.51,303227
2024-01-04,GPRO,-2.12765957446808,3.22,3.29,3.27,1211811
2024-01-04,RMAX,-0.47430830039526084,12.59,12.65,12.29,139731
2024-01-04,TRUE,-4.388714733542324,3.05,3.19,3.2,243308
2024-01-04,LPSN,-0.27700831024930156,3.6,3.61,3.5,1638875
2024-01-04,TC,-2.2193768672641956,0.2291,0.2343,0.23,35813
2024-01-04,NVX,0.0,1.91,1.91,1.9087,25755
2024-01-04,XNET,-1.2738853503184724,1.55,1.57,1.5,195850
2024-01-04,GFAI,-0.3048780487804813,3.27,3.28,3.2,163594
2024-01-04,CSV,0.4513746409519878,24.48,24.37,24.37,70754
2024-01-04,KRP,0.2587322121604084,15.5,15.46,15.22,317279
2024-01-04,NYMT,0.9791921664626693,8.25,8.17,8.23,524327
2024-01-04,SLND,-1.6635859519408478,5.32,5.41,5.31,113943
2024-01-04,BTMD,0.4329004329004236,4.64,4.62,4.5,105562
2024-01-04,IHT,0.6451612903225812,1.56,1.55,1.6,9702
2024-01-04,HZO,0.5276312135518046,36.2,36.01,35.17,227203
2024-01-04,HKD,0.0,4.17,4.17,4.15,671463
2024-01-04,JYNT,-0.3322259136212554,9.0,9.03,9.13,65402
2024-01-04,MDWD,0.3344481605351099,12.0,11.96,11.62,14798
2024-01-04,NFE,0.218043063505057,36.77,36.69,36.01,1020518
2024-01-04,VFSWW,9.868421052631573,1.67,1.52,1.58,21385
2024-01-04,DLTH,0.564971751412434,5.34,5.31,5.23,24986
2024-01-04,UPC,-3.2467532467532494,1.49,1.54,1.46,39727
2024-01-04,FLL,-2.1739130434782497,4.95,5.06,5.01,164799
2024-01-04,FDMT,1.2890431333663757,20.43,20.17,21.05,549666
2024-01-04,PRTG,-4.727810650887566,1.6101,1.69,1.19,71664
2024-01-04,BCRX,-0.6666666666666672,5.96,6.0,6.45,4016721
2024-01-04,KAVL,-1.8475750577367223,0.2125,0.2165,0.22,116437
2024-01-04,JACK,-0.6515859355790523,80.81,81.34,83.9,513751
2024-01-04,VRPX,-3.0046948356807506,0.3099,0.3195,0.3279,58179
2024-01-04,WAFU,-3.6697247706422047,2.1,2.18,2.1,9272
2024-01-04,NEGG,0.0,1.14,1.14,1.18,385423
2024-01-04,PGRE,0.0,5.01,5.01,5.0,1187041
2024-01-04,UROY,-0.7692307692307698,2.58,2.6,2.61,732611
2024-01-04,PAHC,5.090595340811043,12.18,11.59,11.34,124886
2024-01-04,SPCE,-0.4273504273504183,2.33,2.34,2.35,6714017
2024-01-04,HRTX,-2.285714285714288,1.71,1.75,1.79,1719745
2024-01-04,NEOV,5.194805194805199,1.62,1.54,1.56,42305
2024-01-04,BRBS,5.983050847457623,3.1265,2.95,3.06,52189
2024-01-04,HBIO,4.842105263157904,4.98,4.75,5.12,72623
2024-01-04,WIMI,-4.0968791420652995,0.7959,0.8299,0.7803,198828
2024-01-04,ORN,-100.0,0.0,4.8,4.61,89465
2024-01-04,PSNYW,-4.500000000000002,0.2292,0.24,0.2323,35331
2024-01-04,ATLCP,0.2874834144184046,22.675,22.61,0.0,1341
2024-01-04,HLVX,0.7313829787234123,15.15,15.04,15.29,81542
2024-01-04,ITRM,3.6269430051813503,2.0,1.93,1.91,34635
2024-01-04,LOB,-1.6279069767441927,42.3,43.0,43.0,144873
2024-01-04,HOWL,1.1820330969267097,4.28,4.23,5.18,474051
2024-01-04,CARE,0.13908205841446156,14.4,14.38,14.38,39049
2024-01-04,CCBG,0.4933051444679372,28.52,28.38,27.95,37744
2024-01-04,FNLC,0.49804340092493976,28.25,28.11,29.3,34318
2024-01-04,TELA,0.0,6.61,6.61,6.77,181373
2024-01-04,CNXN,0.3100775193798494,64.7,64.5,64.36,42109
2024-01-04,RPTX,2.5531914893617107,7.23,7.05,7.1,123765
2024-01-04,CGTX,-5.23560209424083,1.81,1.91,1.87,759777
2024-01-04,ONEW,1.8985270049099783,31.13,30.55,30.83,36002
2024-01-04,GRNQ,0.0,1.15,1.15,1.26,36862
2024-01-04,NBY,1.521739130434781,0.1868,0.184,0.181,1032942
2024-01-04,LSAK,-2.4657534246575303,3.56,3.65,3.66,11706
2024-01-04,BBW,3.543843707405713,22.79,22.01,22.65,317991
2024-01-04,NUTX,5.900151285930402,0.21,0.1983,0.2201,1543320
2024-01-04,NCL,0.8928571428571237,1.13,1.12,1.1,799569
2024-01-04,BH,0.0,161.0,161.0,160.99,7070
2024-01-04,DTIL,-2.539112592972562,0.38,0.3899,0.3898,686618
2024-01-04,CLAR,-0.9787928221859643,6.07,6.13,6.3,578026
2024-01-04,TRS,0.5611222444889803,25.09,24.95,24.91,206653
2024-01-04,ATUS,2.4350649350649265,3.155,3.08,2.99,3925337
2024-01-04,MAIA,1.7699115044247804,1.15,1.13,1.22,303898
2024-01-04,MITT,0.0,6.0,6.0,6.2,221853
2024-01-04,MBC,-1.0688042752171019,14.81,14.97,14.29,1185428
2024-01-04,RGCO,-3.9499999999999957,19.21,20.0,19.05,35627
2024-01-04,CVAC,0.7228915662650447,4.18,4.15,4.22,629314
2024-01-04,COUR,-0.05205622071838398,19.2,19.21,18.92,1004660
2024-01-04,RCKY,-1.7857142857142856,27.5,28.0,27.08,61494
2024-01-04,ODC,1.0153031194820659,68.65,67.96,68.09,13753
2024-01-04,FXNC,-0.9047619047619108,20.81,21.0,20.76,16833
2024-01-04,RMTI,0.6106426286711226,1.73,1.7195,1.6926,118161
2024-01-04,IRS,1.2315270935960767,8.22,8.12,8.23,253727
2024-01-04,ERII,-1.6111414527580457,18.015,18.31,18.18,308582
2024-01-04,JG,3.2894736842105288,3.14,3.04,3.27,16040
2024-01-04,CBNK,-59.991793188346335,9.75,24.37,24.32,17248
2024-01-04,BPRN,0.0,35.56,35.56,35.44,16473
2024-01-04,DXF,-9.405940594059414,0.366,0.404,0.3898,237137
2024-01-04,GV,-8.214777420835246,0.2,0.2179,0.21,16605
2024-01-04,APLT,4.261363636363634,3.67,3.52,2.7,4054042
2024-01-04,FLUX,-3.7300177619893424,5.42,5.63,5.73,149996
2024-01-04,NLSP,0.21048938782669335,0.5713,0.5701,0.5597,65932
2024-01-04,IPX,1.4799154334037925,9.6,9.46,9.5,8794
2024-01-04,YI,6.557377049180321,1.95,1.83,1.67,119792
2024-01-04,FORA,11.864406779661005,3.3,2.95,3.29,69570
2024-01-04,URGN,0.0,14.09,14.09,14.09,173638
2024-01-04,INKT,3.7735849056603805,1.1,1.06,1.12,13911
2024-01-04,UNCY,-1.1627906976744196,0.85,0.86,0.8549,57548
2024-01-04,XERS,4.48430493273543,2.33,2.23,2.61,5420760
2024-01-04,FMSTW,inf,0.275,0.0,0.24,3804
2024-01-04,BFRG,5.204460966542756,2.83,2.69,2.79,44643
2024-01-04,KTTA,-6.25,7.5,8.0,7.53,10097
2024-01-04,CRIS,3.393351800554018,14.93,14.44,13.98,37578
2024-01-04,NAOV,-2.859736722650918,1.07,1.1015,1.03,40416
2024-01-04,ZVSA,-1.3042060645582012,0.9081,0.9201,0.885,286221
2024-01-04,MIST,1.1363636363636374,1.78,1.76,1.7696,228003
2024-01-04,CPF,-1.8414322250639357,19.19,19.55,19.22,114235
2024-01-04,TIL,-100.0,0.0,7.59,7.52,27174
2024-01-04,MIRA,3.448275862068969,1.2,1.16,1.17,69345
2024-01-04,ASA,-0.924702774108326,15.0,15.14,15.0,26473
2024-01-04,SHBI,0.2985074626865608,13.44,13.4,13.01,67245
2024-01-04,AOSL,-1.3088079235939194,27.9,28.27,26.7,224800
2024-01-04,CPOP,-9.009009009009016,1.01,1.11,1.11,4583
2024-01-04,NXC,0.618716163959784,13.01,12.93,0.0,27442
2024-01-04,WSBF,0.8708272859216328,13.9,13.78,12.0,58447
2024-01-04,SCYX,3.0456852791878086,2.03,1.97,1.93,508739
2024-01-04,FCCO,0.38703434929849195,20.75,20.67,20.275,29989
2024-01-04,LASE,0.0,1.15,1.15,1.1008,43694
2024-01-04,KROS,-2.4285714285714364,40.98,42.0,49.23,1889296
2024-01-04,NCMI,-5.59610705596108,3.88,4.11,4.005,299292
2024-01-04,XRX,0.6909547738693543,16.03,15.92,16.65,2422448
2024-01-04,SNCY,-0.4172461752433971,14.32,14.38,14.64,444538
2024-01-04,PHAT,5.0605060506050705,9.55,9.09,9.0,365517
2024-01-04,RDWR,-0.3130870381966231,15.92,15.97,15.69,86958
2024-01-04,ATGL,0.09140767824497063,10.95,10.94,11.09,31534
2024-01-04,GAIA,3.985507246376824,2.87,2.76,2.65,25071
2024-01-04,CMCL,0.0822368421052614,12.17,12.16,12.17,43304
2024-01-04,FULC,0.5509641873278243,7.3,7.26,7.39,880275
2024-01-04,VFF,-2.544303797468355,0.7699,0.79,0.7821,648625
2024-01-04,LVRO,-0.3567181926278164,8.38,8.41,8.45,8375
2024-01-04,BCDA,-8.602941176470587,0.6215,0.68,0.665,128530
2024-01-04,SCLXW,inf,0.38,0.0,0.0,12659
2024-01-04,GENC,0.3795066413662158,15.87,15.81,15.88,21384
2024-01-04,QLGN,5.454545454545439,0.58,0.55,0.5545,31258
2024-01-04,THTX,0.0,1.75,1.75,1.79,98020
2024-01-04,PRTS,-1.8691588785046744,3.15,3.21,3.07,283955
2024-01-04,GNTY,1.096892138939669,33.18,32.82,32.78,11852
2024-01-04,IRIX,-5.498281786941585,2.75,2.91,2.89,17709
2024-01-04,HNRG,2.9473684210526248,9.78,9.5,9.66,486138
2024-01-04,ICFI,0.15072725902478606,132.89,132.69,132.14,74577
2024-01-04,KPTI,-4.06759906759906,0.8231,0.858,0.8273,1855787
2024-01-04,SAMG,0.3565062388591936,16.89,16.83,17.08,36345
2024-01-04,RWAY,-0.7025761124121769,12.72,12.81,13.04,452332
2024-01-04,CNMD,1.338132152085643,109.81,108.36,109.12,362717
2024-01-04,LU,0.0,2.85,2.85,2.84,2434948
2024-01-04,BFLY,1.960784313725492,1.04,1.02,1.03,805447
2024-01-04,QNST,0.8032128514056338,12.55,12.45,12.27,205905
2024-01-04,AVNS,0.7022471910112459,21.51,21.36,18.0,701265
2024-01-04,SKYT,-2.0293122886133004,8.69,8.87,8.5,237438
2024-01-04,DGICA,0.6405693950177925,14.14,14.05,14.0,34256
2024-01-04,DAC,-0.09163503076319858,76.32,76.39,77.6,190811
2024-01-04,DGICB,-1.294498381877018,15.25,15.45,15.0,598
2024-01-04,SNTG,-1.7730496453900648,2.77,2.82,2.55,212454
2024-01-04,EDRY,-0.10245901639344043,19.5,19.52,21.0,32256
2024-01-04,DOLE,3.1604538087520306,12.73,12.34,12.49,391419
2024-01-04,TOMZ,1.0526315789473695,0.96,0.95,1.0,8998
2024-01-04,TAIT,0.5730659025787843,3.51,3.49,3.515,7820
2024-01-04,HUYA,-3.1339031339031305,3.4,3.51,3.48,645927
2024-01-04,STIM,0.0,2.68,2.68,2.71,119943
2024-01-04,LXEO,2.096010818120355,15.1,14.79,14.68,47421
2024-01-04,GRABW,-0.9777777777777811,0.2228,0.225,0.225,23345
2024-01-04,NYMTZ,0.28137310073157407,17.82,17.77,17.56,11379
2024-01-04,BWSN,2.213279678068417,20.32,19.88,19.99,21035
2024-01-04,DRD,1.7811704834605555,8.0,7.86,7.95,250913
2024-01-04,OPRT,4.444444444444437,3.76,3.6,3.67,148494
2024-01-04,VGZ,-4.2316258351893135,0.43,0.449,0.44,322167
2024-01-04,BELFB,-2.2774244833068322,61.4675,62.9,62.28,66713
2024-01-04,EIG,0.7345491388044739,39.77,39.48,39.62,168271
2024-01-04,VMAR,-4.7169811320754755,1.01,1.06,1.0,117610
2024-01-04,ORRF,0.12142237640936737,28.86,28.825,28.99,38560
2024-01-04,VTVT,-2.7384324834749685,10.3,10.59,9.09,3463
2024-01-04,SFIX,-1.7341040462427761,3.4,3.46,3.31,1365838
2024-01-04,HRZN,-0.22338049143707642,13.4,13.43,13.61,288419
2024-01-04,FTK,-2.91495601173021,3.3106,3.41,3.57,108115
2024-01-04,QURE,-0.14970059880239203,6.67,6.68,6.61,586110
2024-01-04,KREF,-1.1538461538461564,12.85,13.0,13.16,319233
2024-01-04,OESX,-0.3075617774949638,0.94,0.9429,0.98,76067
2024-01-04,BWB,0.4754358161648218,12.68,12.62,12.61,69203
2024-01-04,ALGT,-0.06549646319098396,76.29,76.34,77.5,177554
2024-01-04,EIC,0.06854009595613288,14.6,14.59,14.52,278273
2024-01-04,CWH,-0.569800569800572,24.43,24.57,25.23,1106861
2024-01-04,IMAX,0.4657351962741203,15.1,15.03,15.17,903209
2024-01-04,IMNN,3.7792441511697668,0.692,0.6668,0.6761,38045
2024-01-04,ITRG,-0.9708737864077678,1.02,1.03,1.0,69382
2024-01-04,PKOH,0.9202453987730138,26.32,26.08,25.47,35867
2024-01-04,RLGT,1.5624999999999944,6.5,6.4,6.49,95042
2024-01-04,RENB,7.033639143730887,3.5,3.27,3.58,172670
2024-01-04,QCRH,0.15926384710671282,56.6,56.51,57.13,35489
2024-01-04,SVM,0.0,2.55,2.55,2.57,1483637
2024-01-04,AVO,0.0,10.18,10.18,9.64,151399
2024-01-04,SYRE,0.0,20.58,20.58,22.52,144646
2024-01-04,EEX,0.8710801393728191,5.79,5.74,5.62,99163
2024-01-04,BNED,0.6535947712418306,1.54,1.53,1.67,789537
2024-01-04,SMID,-0.38491147036181317,38.82,38.97,40.57,45290
2024-01-04,DBVT,2.396489648964895,0.9101,0.8888,0.9065,39815
2024-01-04,IAUX,-3.0487804878048674,1.59,1.64,1.61,1486296
2024-01-04,SQNS,-100.0,0.0,2.78,2.81,38115
2024-01-04,GNE,-0.9544008483563081,28.02,28.29,29.87,172045
2024-01-04,BBAR,-1.3384321223709421,5.16,5.23,5.1,914570
2024-01-04,DUO,-0.02940311673037018,0.68,0.6802,0.675,15404
2024-01-04,GSBD,0.0,14.58,14.58,14.83,770470
2024-01-04,MIGI,-0.6779661016949159,2.93,2.95,3.45,1163153
2024-01-04,SWAG,-2.5974025974025996,1.5,1.54,1.58,18100
2024-01-04,PMVP,0.0,3.04,3.04,2.91,251016
2024-01-04,MNSO,4.330312185297077,20.72,19.86,22.5,3909652
2024-01-04,ADNT,-2.1997105643994157,33.79,34.55,34.04,947026
2024-01-04,CVEO,-0.6320541760722214,22.01,22.15,22.27,49885
2024-01-04,NPCE,1.4925373134328215,10.2,10.05,11.0,107888
2024-01-04,PRPO,-3.0674846625766765,6.32,6.52,6.38,1419
2024-01-04,TMCWW,8.16666666666667,0.1298,0.12,0.148,2120368
2024-01-04,CXAIW,-50.605885747259094,0.0856,0.1733,0.09,16456
2024-01-04,OSS,-100.0,0.0,2.18,2.14,9066
2024-01-04,IDT,0.059594755661489925,33.58,33.56,33.99,69310
2024-01-04,NYMTL,0.31039834454217424,19.39,19.33,19.32,18820
2024-01-04,AMN,-4.605263157894736,72.5,76.0,74.68,425937
2024-01-04,SPRC,-2.6362038664323433,5.54,5.69,5.13,277521
2024-01-04,CELU,-0.6896551724137938,0.288,0.29,0.248,2406229
2024-01-04,FFWM,3.2894736842105345,9.42,9.12,9.21,431888
2024-01-04,SEAT,-1.3761467889908234,6.45,6.54,6.54,2242694
2024-01-04,CADL,-2.739726027397263,1.42,1.46,1.49,16953
2024-01-04,CMLS,0.0,5.07,5.07,5.01,38853
2024-01-04,VET,0.24390243902438505,12.33,12.3,12.03,1593361
2024-01-04,NRT,1.8062397372742254,6.2,6.09,6.02,39032
2024-01-04,WVE,5.177333876885456,5.16,4.906,5.3,748610
2024-01-04,CDRO,-100.0,0.0,3.1,3.06,722
2024-01-04,ANIX,0.25906735751295934,3.87,3.86,3.86,329214
2024-01-04,MSEX,-0.6354249404289208,62.55,62.95,61.96,84734
2024-01-04,BURU,-3.4117647058823524,0.1642,0.17,0.1707,4789784
2024-01-04,ATAI,5.228758169934645,1.61,1.53,1.76,2861205
2024-01-04,CDT,-3.9647577092510953,4.36,4.54,4.65,22937
2024-01-04,ACXP,0.980392156862746,4.12,4.08,3.9,145525
2024-01-04,CVR,-100.0,0.0,16.83,16.4,4636
2024-01-04,RGNX,-0.05763688760807817,17.34,17.35,18.27,628500
2024-01-04,TRVI,3.8167938931297747,1.36,1.31,1.3,151710
2024-01-04,ELVA,-2.7552674230145757,3.18,3.2701,3.22,12549
2024-01-04,BIAF,-3.5714285714285614,1.62,1.68,1.52,9114
2024-01-04,OPTT,0.6186909801367675,0.309,0.3071,0.3099,118467
2024-01-04,KMT,0.0,24.67,24.67,24.75,632711
2024-01-04,OCG,-100.0,0.0,1.4,1.4,9988
2024-01-04,MLAB,0.010295480284160524,97.14,97.13,100.64,75088
2024-01-04,SXTC,-2.3529411764705728,2.49,2.55,2.6,419962
2024-01-04,BHVN,-0.02487562189055999,40.19,40.2,42.65,1026381
2024-01-04,LRMR,-1.1718750000000098,5.06,5.12,4.76,82965
2024-01-04,UAVS,1.619047619047626,0.1067,0.105,0.1019,1327948
2024-01-04,GAME,-4.469273743016763,1.71,1.79,1.7,17251
2024-01-04,DTST,-4.467353951890045,2.78,2.91,2.87,28930
2024-01-04,RILYP,-100.0,0.0,18.64,18.74,6086
2024-01-04,APM,inf,2.19,0.0,2.46,2647
2024-01-04,FGBI,-100.0,0.0,11.53,12.33,17857
2024-01-04,FET,-100.0,0.0,22.21,22.11,22250
2024-01-04,FRAF,0.527356624917601,30.5,30.34,28.54,5541
2024-01-04,GABC,0.34299968818209986,32.18,32.07,32.16,78617
2024-01-04,SENS,-3.3457249070631994,0.52,0.538,0.5497,2267871
2024-01-04,KVHI,0.5769230769230818,5.23,5.2,5.05,54960
2024-01-04,MAX,3.1102733270499536,10.94,10.61,10.78,101063
2024-01-04,SNCR,2.3688663282571856,6.05,5.91,5.375,164788
2024-01-04,MTLS,-1.4492753623188384,6.12,6.21,6.03,48283
2024-01-04,KALU,1.3052825552825464,65.97,65.12,65.23,72876
2024-01-04,TACT,-100.0,0.0,6.95,7.35,38537
2024-01-04,MAN,3.1111707120826173,76.89,74.57,77.68,279809
2024-01-04,COGT,-2.010050251256283,5.85,5.97,5.63,1025600
2024-01-04,KFRC,0.30935808197987413,64.85,64.65,64.18,91541
2024-01-04,RXST,0.6758659532526105,35.75,35.51,35.59,436592
2024-01-04,PMN,11.607142857142847,1.25,1.12,1.46,18872
2024-01-04,STOK,0.0,5.48,5.48,5.26,321421
2024-01-04,VLGEA,3.0361260568793202,26.81,26.02,25.51,33286
2024-01-04,SLQT,0.0,1.28,1.28,1.3,407801
2024-01-04,LICN,-2.6881720430107547,1.81,1.86,1.87,158806
2024-01-04,APEI,0.0,9.97,9.97,10.36,174591
2024-01-04,RDIB,0.8797653958944224,13.76,13.64,13.9,436
2024-01-04,BWMN,-2.048085485307206,33.0,33.69,32.1,34353
2024-01-04,IMTX,2.400000000000002,10.24,10.0,11.0,163459
2024-01-04,GENK,-100.0,0.0,7.9,7.81,10786
2024-01-04,ARMN,0.30303030303031003,3.31,3.3,3.31,64216
2024-01-04,CRESY,4.180418041804189,9.47,9.09,9.31,161813
2024-01-04,NXPL,-0.6211180124223608,1.6,1.61,1.67,4259
2024-01-04,INOD,0.3276264293818505,7.87,7.8443,7.67,236008
2024-01-04,EXK,0.5376344086021511,1.87,1.86,1.82,3345334
2024-01-04,GHI,-0.3569303985722708,16.75,16.81,17.31,24164
2024-01-04,NSSC,-0.7174887892376741,33.21,33.45,32.36,286060
2024-01-04,IAS,0.27932960893854153,14.36,14.32,14.3,613586
2024-01-04,MOV,-0.20654044750431075,28.99,29.05,28.99,98034
2024-01-04,SNOA,-6.105263157894736,0.1784,0.19,0.185,267837
2024-01-04,ADV,-1.315789473684206,3.75,3.8,3.67,463567
2024-01-04,ICU,-0.17361111111110403,0.46,0.4608,0.5098,1899873
2024-01-04,YQ,inf,2.0,0.0,0.0,11270
2024-01-04,AHG,-6.306306306306311,1.04,1.11,1.24,78109
2024-01-04,AUST,0.12994513427664048,0.6935,0.6926,0.683,5007
2024-01-04,SHCO,0.0,6.77,6.77,6.44,106289
2024-01-04,EYPT,-2.7727272727272703,21.39,22.0,19.8,1358400
2024-01-04,SVRE,-2.7980535279805423,0.7191,0.7398,0.7999,296797
2024-01-04,EVER,0.0,11.61,11.61,11.3,178308
2024-01-04,ASTL,-2.902902902902912,9.7,9.99,9.74,876572
2024-01-04,AKTX,-100.0,0.0,2.79,2.82,6722
2024-01-04,PSFE,2.6490066225165587,12.4,12.08,12.31,388296
2024-01-04,PRTH,2.7190332326283944,3.4,3.31,3.52,24734
2024-01-04,ALLT,0.6369426751592362,1.58,1.57,1.575,37362
2024-01-04,REFI,0.31367628607277737,15.99,15.94,15.98,108944
2024-01-04,MYGN,1.9283746556473909,18.5,18.15,18.28,498150
2024-01-04,SCNI,2.427419354838711,0.63505,0.62,0.6064,30391
2024-01-04,APCX,-6.629834254143652,1.69,1.81,1.78,113720
2024-01-04,SNBR,-0.21582733812950458,13.87,13.9,13.61,374508
2024-01-04,SYTA,0.0,4.5,4.5,4.66,15072
2024-01-04,LITM,-6.306306306306311,1.04,1.11,1.14,60460
2024-01-04,PAVM,0.0,4.34,4.34,4.15,51290
2024-01-04,BNRG,-100.0,0.0,5.6,5.93,5325
2024-01-04,CTLP,0.5689900426742537,7.07,7.03,7.0,245742
2024-01-04,TYGO,9.595959595959593,2.17,1.98,1.82,127925
2024-01-04,ELWS,-3.268357027700423,0.66,0.6823,0.6147,169257
2024-01-04,FTLF,-100.0,0.0,19.79,20.13,3609
2024-01-04,GDYN,1.0244286840031582,12.82,12.69,12.64,179028
2024-01-04,IBIO,0.07412898443292157,1.35,1.349,1.35,36698
2024-01-04,SNT,0.0,1.23,1.23,1.16,39813
2024-01-04,TWIN,0.0,15.75,15.75,16.05,32716
2024-01-04,ELAB,3.9325842696629247,1.85,1.78,1.63,22754
2024-01-04,SD,0.7199424046076288,13.99,13.89,13.69,335604
2024-01-04,CYCCP,10.389610389610388,17.0,15.4,16.0,505
2024-01-04,FSBW,0.45834456726879097,37.26,37.09,37.33,21984
2024-01-04,OLMA,0.4989308624376357,14.1,14.03,12.49,633744
2024-01-04,LWLG,-1.1111111111111072,4.45,4.5,4.42,636195
2024-01-04,FGEN,-3.8375000000000075,0.7693,0.8,0.748,1252479
2024-01-04,LNKB,1.0000000000000009,8.08,8.0,8.24,57554
2024-01-04,WAVE,-9.677419354838717,1.68,1.86,1.7,37648
2024-01-04,CLNE,0.2710027100271065,3.7,3.69,3.6,1330376
2024-01-04,SGBX,-1.2765957446808405,0.464,0.47,0.462,42166
2024-01-04,MDBH,1.2612612612612664,11.24,11.1,0.0,15861
2024-01-04,FMST,-100.0,0.0,2.3,2.42,3631
2024-01-04,LTBR,4.629629629629626,3.39,3.24,3.6,32870
2024-01-04,UTI,-1.1904761904761934,12.45,12.6,12.53,366375
2024-01-04,ASM,-1.2295908083047762,0.49,0.4961,0.4901,482407
2024-01-04,BY,-0.08661758336942214,23.07,23.09,23.13,62180
2024-01-04,NTCT,0.9064885496183098,21.15,20.96,20.67,666724
2024-01-04,BKSY,-0.7246376811594049,1.37,1.38,1.37,342504
2024-01-04,UONE,-0.24630541871920658,4.05,4.06,3.92,40119
2024-01-04,SQFTW,-12.625352831874714,0.0616,0.070501,0.0711,20848
2024-01-04,FNGR,0.25974025974025416,3.86,3.85,3.74,485583
2024-01-04,GPCR,0.534895568008153,39.47,39.26,41.09,568838
2024-01-04,CLDI,0.0,1.39,1.39,1.36,56430
2024-01-04,EVGOW,-0.19600156801254429,0.2546,0.2551,0.2539,7429
2024-01-04,CGBD,0.4654255319148955,15.11,15.04,15.47,380825
2024-01-04,LVWR,-0.5167958656330639,11.55,11.61,11.62,36663
2024-01-04,PCTTW,2.0000000000000018,1.02,1.0,1.06,3828
2024-01-04,SPTN,0.0,23.82,23.82,23.52,140731
2024-01-04,WNW,1.1560693641618507,3.5,3.46,3.46,88799
2024-01-04,CHEK,-0.9648241206030093,1.9708,1.99,1.93,37969
2024-01-04,CJET,-1.0714285714285645,0.6925,0.7,0.6947,20652
2024-01-04,APPS,-0.9132420091324277,6.51,6.57,6.35,1196459
2024-01-04,INVA,-0.8510638297872375,16.31,16.45,16.78,1198385
2024-01-04,FPH,1.6666666666666607,3.05,3.0,3.06,38665
2024-01-04,TANH,-1.010101010101011,0.98,0.99,0.9001,559123
2024-01-04,EU,1.0449265368906833,3.81,3.7706,3.82,851281
2024-01-04,NXRT,0.3567181926278164,33.76,33.64,33.85,120402
2024-01-04,NESR,-100.0,0.0,7.0,7.2,922500
2024-01-04,CMPX,-2.684563758389264,1.45,1.49,1.5,323109
2024-01-04,VTEX,-1.1958146487294479,6.61,6.69,6.69,269961
2024-01-04,BMR,12.26993865030676,1.83,1.63,1.74,34118
2024-01-04,GBX,-1.0022271714921955,44.45,44.9,44.35,366938
2024-01-04,CHSCP,-0.9415584415584387,30.51,30.8,30.45,17632
2024-01-04,FORD,3.5971223021582768,0.72,0.695,0.7378,20951
2024-01-04,VNCE,-1.8348623853211024,3.21,3.27,3.22,21759
2024-01-04,GIPR,0.0,3.97,3.97,4.05,10818
2024-01-04,GERN,2.955665024630545,2.09,2.03,2.13,5201333
2024-01-04,FNKO,-4.12234042553191,7.21,7.52,7.35,315727
2024-01-04,DLPN,-100.0,0.0,1.62,1.69,43358
2024-01-04,ATXS,0.0,7.02,7.02,7.02,273073
2024-01-04,ENLV,7.1625344352617155,3.89,3.63,3.63,344491
2024-01-04,NPK,0.5376344086021413,80.41,79.98,80.12,22787
2024-01-04,VINO,-2.291204730229114,0.5288,0.5412,0.5558,20361
2024-01-04,ATXI,1.7441860465116297,0.175,0.172,0.2735,186308557
2024-01-04,LSF,10.042735042735039,1.03,0.936,1.01,11393
2024-01-04,CLRB,-0.3448275862068892,2.89,2.9,2.91,1454665
2024-01-04,TTGT,0.35820895522387297,33.62,33.5,34.01,124721
2024-01-04,HFWA,0.29268292682926206,20.56,20.5,21.49,125383
2024-01-04,PALI,-0.3584229390681007,0.556,0.558,0.5433,194907
2024-01-04,AMPG,-0.9852216748768483,2.01,2.03,1.88,32601
2024-01-04,EDTK,-100.0,0.0,1.08,1.09,54759
2024-01-04,CCRN,-4.1876046901172534,22.88,23.88,22.48,186060
2024-01-04,XBIO,-100.0,0.0,3.77,3.46,2811
2024-01-04,AIN,0.44924590865333375,93.91,93.49,92.55,151985
2024-01-04,BTCM,0.1964636542239644,5.1,5.09,5.26,263264
2024-01-04,CBAN,0.0,12.92,12.92,12.97,35113
2024-01-04,PLSE,1.0152284263959355,9.95,9.85,9.54,296212
2024-01-04,MHNC,-0.6319115323854526,18.87,18.99,18.7,8452
2024-01-04,DDD,0.0,5.6,5.6,5.7,2026083
2024-01-04,ADN,7.547169811320761,0.228,0.212,0.2001,1208117
2024-01-04,EXPI,1.1447811447811442,15.02,14.85,14.9,682761
2024-01-04,SEM,-2.169378389653732,23.45,23.97,26.95,3272156
2024-01-04,CFFN,-0.9554140127388614,6.22,6.28,6.16,781513
2024-01-04,BSET,0.0,15.6,15.6,15.58,18737
2024-01-04,METCB,-0.6097560975609762,13.04,13.12,13.31,115222
2024-01-04,IPI,-0.707964601769912,22.44,22.6,21.74,98840
2024-01-04,TYRA,0.395256916996039,12.7,12.65,12.24,47244
2024-01-04,OCFC,-2.200347423277354,16.89,17.27,17.13,170589
2024-01-04,RAPT,0.0,23.0,23.0,23.47,236050
2024-01-04,JMIA,0.0,3.56,3.56,3.38,1239535
2024-01-04,TFIN,0.26528717336517155,75.59,75.39,75.44,135792
2024-01-04,FLGT,1.7901017901017957,29.0,28.49,29.01,156053
2024-01-04,APWC,0.0,1.39,1.39,0.0,5088
2024-01-04,EKSO,21.072796934865913,3.16,2.61,2.45,143303
2024-01-04,HEPA,-5.9561128526645755,3.0,3.19,3.03,61939
2024-01-04,SHPH,-1.2545454545454577,0.5431,0.55,0.54,95697
2024-01-04,AHT,-2.162162162162164,1.81,1.85,1.83,920892
2024-01-04,NBHC,0.5274847307051574,36.21,36.02,35.85,213393
2024-01-04,HLIT,-1.627339300244095,12.09,12.29,12.65,2242452
2024-01-04,BLFY,0.3064351378958237,9.82,9.79,9.83,43561
2024-01-04,MBINM,-100.0,0.0,24.43,24.72,10558
2024-01-04,LEXX,16.92307692307692,1.52,1.3,1.33,304162
2024-01-04,INVE,-1.1597938144329878,7.67,7.76,7.76,87825
2024-01-04,AHH,-3.782505910165474,12.21,12.69,12.25,276399
2024-01-04,NCNA,3.300000000000007,0.3099,0.3,0.3,58660
2024-01-04,ARKOW,0.0,1.08,1.08,1.08,21737
2024-01-04,ATOS,-2.212855637513162,0.928,0.949,0.9103,327159
2024-01-04,LCUT,0.9287925696594366,6.52,6.46,6.49,66854
2024-01-04,MNDO,-0.9950248756218805,1.99,2.01,2.1,7931
2024-01-04,CLNNW,-100.0,0.0,0.0437,0.0441,2451
2024-01-04,NRXS,-100.0,0.0,2.39,2.52,5451
2024-01-04,LPRO,0.0,8.16,8.16,7.85,542102
2024-01-04,TLSA,0.05172413793104793,0.5803,0.58,0.572,36694
2024-01-04,WKC,0.8904719501335676,22.66,22.46,22.32,374372
2024-01-04,HWBK,-0.7858546168958714,25.25,25.45,25.12,19274
2024-01-04,AMAL,0.31335683509595885,25.61,25.53,25.79,78888
2024-01-04,TRDA,4.370370370370369,14.09,13.5,14.06,86265
2024-01-04,BBCP,1.1029411764705863,8.25,8.16,8.26,87358
2024-01-04,ELTX,3.7735849056603668,6.6,6.36,7.0,18082
2024-01-04,QDEL,-0.09636563876653,72.57,72.64,72.66,501189
2024-01-04,BHFAM,-0.6385696040868432,15.56,15.66,15.595,24970
2024-01-04,ASRT,0.0,1.02,1.02,0.92,3663209
2024-01-04,PAR,0.0,41.23,41.23,40.94,429419
2024-01-04,GMRE,-2.3957409050576715,11.0,11.27,10.72,195995
2024-01-04,LQDT,1.43184421534937,17.71,17.46,17.05,151058
2024-01-04,MDXG,0.1285347043701772,7.79,7.78,7.76,676601
2024-01-04,WLDS,10.524772793902077,0.377,0.3411,0.3697,420678
2024-01-04,REI,0.04001600640255661,1.5,1.4994,1.47,2237510
2024-01-04,EGAN,0.249687890137323,8.03,8.01,7.89,65594
2024-01-04,APCXW,-20.000000000000004,0.36,0.45,0.0,1265
2024-01-04,GEOS,0.39808917197451377,12.61,12.56,12.85,373986
2024-01-04,POLA,3.220779220779212,0.3974,0.385,0.4227,463073
2024-01-04,IBEX,0.44642857142856185,18.0,17.92,17.88,29441
2024-01-04,IROQ,0.6727828746177335,16.46,16.35,15.97,2401
2024-01-04,CVM,0.7722007722007729,2.61,2.59,2.39,705631
2024-01-04,IGIC,0.9411764705882292,12.87,12.75,12.72,184615
2024-01-04,ZENV,3.3898305084745797,1.22,1.18,1.17,12079
2024-01-04,PSHG,0.4329004329004236,2.32,2.31,2.34,189151
2024-01-04,CMT,0.8045977011494285,17.54,17.4,16.93,84751
2024-01-04,COSM,0.7936507936507943,1.27,1.26,1.27,142826
2024-01-04,EVTL,-0.7260334864424381,0.67,0.6749,0.656,381065
2024-01-04,MTA,0.647249190938512,3.11,3.09,3.23,536534
2024-01-04,HQI,0.0,14.53,14.53,14.46,16239
2024-01-04,SOAR,-2.439024390243894,4.0,4.1,3.77,87607
2024-01-04,TOUR,-0.12330456226880745,0.648,0.6488,0.6848,280823
2024-01-04,ALAR,-2.0012500442232493,8.31,8.4797,9.18,288427
2024-01-04,MCRB,-0.7352941176470594,1.35,1.36,1.42,1796436
2024-01-04,IMOS,0.6001500375093779,26.82,26.66,26.77,4628
2024-01-04,SCCC,-1.107465135356848,24.11,24.38,0.0,11029
2024-01-04,DSP,0.599700149925038,6.71,6.67,6.87,65480
2024-01-04,TALK,0.42735042735043727,2.35,2.34,2.4,558965
2024-01-04,COYA,-100.0,0.0,6.89,7.02,29715
2024-01-04,MGIC,-1.7999999999999972,9.82,10.0,9.9,38399
2024-01-04,PRME,3.7339556592765493,8.89,8.57,8.8,349591
2024-01-04,CINT,-100.0,0.0,5.08,5.06,178988
2024-01-04,VYX,-2.1212121212121295,16.15,16.5,16.16,2183072
2024-01-04,EPSN,-0.5893909626719106,5.06,5.09,5.09,30082
2024-01-04,TCRX,2.46913580246913,5.81,5.67,5.85,460143
2024-01-04,ECC,0.309597523219826,9.72,9.69,9.73,968545
2024-01-04,RLMD,-2.008928571428588,4.39,4.48,3.16,2798005
2024-01-04,LXEH,12.676056338028172,2.4,2.13,2.25,75908
2024-01-04,ENTX,1.8099547511312197,0.63,0.6188,0.68,51407
2024-01-04,LZB,1.4344827586206983,36.77,36.25,36.78,287056
2024-01-04,MLGO,1.2486573576799107,0.7541,0.7448,0.7722,2217212
2024-01-04,SACH,-0.266666666666661,3.74,3.75,3.81,361325
2024-01-04,ATOM,0.15649452269171635,6.4,6.39,6.66,164072
2024-01-04,SLNG,-100.0,0.0,4.3,4.19,2475
2024-01-04,RXT,1.0928961748633887,1.85,1.83,1.78,628701
2024-01-04,NRXPW,-12.898936170212764,0.16375,0.188,0.0,3632
2024-01-04,MURA,4.770992366412213,5.49,5.24,5.82,340763
2024-01-04,NECB,0.40000000000000163,17.57,17.5,17.11,51843
2024-01-04,OBIO,-3.6802030456852797,7.59,7.88,7.6,72178
2024-01-04,ATPC,-1.2567049808429096,0.6443,0.6525,0.0,25461
2024-01-04,SVV,0.0,17.09,17.09,16.95,1029919
2024-01-04,UFCS,0.19665683382497123,20.38,20.34,20.37,129921
2024-01-04,WHLRP,2.684563758389264,1.53,1.49,1.4569,4059
2024-01-04,SKYX,1.7341040462427761,1.76,1.73,1.7706,206474
2024-01-04,CECO,1.3157894736842104,19.25,19.0,19.65,172122
2024-01-04,DXR,-100.0,0.0,10.54,0.0,5967
2024-01-04,DBI,-0.5820721769499501,8.54,8.59,8.52,1089347
2024-01-04,SSTI,1.9126819126819163,24.51,24.05,24.53,26399
2024-01-04,FRBA,0.07082152974505357,14.13,14.12,14.02,49013
2024-01-04,TY,0.0,28.35,28.35,28.39,35874
2024-01-04,CHSCM,-0.2016129032258093,24.75,24.8,24.85,68606
2024-01-04,MED,0.5995028512940439,68.8,68.39,65.04,389272
2024-01-04,STRO,-5.732484076433112,4.44,4.71,4.39,467842
2024-01-04,DHC,0.5797101449275368,3.47,3.45,3.34,1334428
2024-01-04,BETR,-2.9399919452275514,0.723,0.7449,0.7056,2622714
2024-01-04,BLX,-0.5568814638027071,25.0,25.14,25.24,106874
2024-01-04,IRBT,0.13003901170350365,38.5,38.45,38.1,270699
2024-01-04,MAXN,0.0,6.5,6.5,6.14,2556824
2024-01-04,SY,2.5423728813559343,1.21,1.18,1.2,34458
2024-01-04,WINA,-0.33731984053971,390.0,391.32,390.27,27794
2024-01-04,WTO,0.0,0.242,0.242,0.2391,50157
2024-01-04,LITB,-3.571428571428574,1.08,1.12,1.06,55994
2024-01-04,ESP,-0.2631578947368458,18.95,19.0,18.97,4993
2024-01-04,GSIT,-0.3816793893129859,2.61,2.62,2.56,413685
2024-01-04,SHOT,-3.1428571428571397,3.39,3.5,3.35,1035993
2024-01-04,BGSF,-100.0,0.0,9.44,9.53,4648
2024-01-04,OUST,0.0,6.92,6.92,6.98,857885
2024-01-04,CHSCN,-0.03992015968064496,25.04,25.05,25.24,17134
2024-01-04,SNDL,0.6289308176100634,1.6,1.59,1.6,2368505
